index,s_m,x_m,y_m,z_m,normal_x,normal_y,normal_z,motion_tangent_x,motion_tangent_y,motion_tangent_z,tool_z_x,tool_z_y,tool_z_z,row_id,phase
0,0.0,0.1,-0.31,0.797971341722775,-0.3174433155949317,-0.3386062033012605,0.8857627111535019,0.9431914001949667,0.0,0.3322498797565747,0.3174433155949317,0.3386062033012605,-0.8857627111535019,0,0
1,0.001767050321199014,0.10166666666666667,-0.31,0.7985584439795171,-0.3083436024238684,-0.334474416188603,0.8905341586708309,0.9449358436861985,-1.4211052841275793e-14,0.3272556360355801,0.3083436024238684,0.334474416188603,-0.8905341586708309,0,0
2,0.0035276491274019465,0.10333333333333333,-0.31,0.7991258330687896,-0.29956643829790514,-0.33055606984596425,0.8949819181042136,0.9482678673982633,0.0,0.3174713399032259,0.29956643829790514,0.33055606984596425,-0.8949819181042136,0,0
3,0.005282296566597318,0.10500000000000001,-0.31,0.7996744767218988,-0.2910882017626185,-0.326835875663291,0.8991362350467335,0.9513666872528613,0.0,0.3080607511279493,0.2910882017626185,0.326835875663291,-0.8991362350467335,0,0
4,0.007031439064413511,0.10666666666666667,-0.31,0.8002052513443978,-0.28288756580479163,-0.32330007520547616,0.9030236356182342,0.9542547403814411,0.0,0.2989948000543633,0.28288756580479163,0.32330007520547616,-0.9030236356182342,0,0
5,0.008775476826722224,0.10833333333333334,-0.31,0.8007189535330062,-0.2749452152390956,-0.3199362504600385,0.9066674827403367,0.9569516360501437,1.4210998001601798e-14,0.2902474224880447,0.2749452152390956,0.3199362504600385,-0.9066674827403367,0,0
6,0.01051477007676867,0.11000000000000001,-0.31,0.8012163097754313,-0.2672436055235303,-0.3167331621019619,0.9100884348961238,0.9594745874695622,0.0,0.28179516674370664,0.2672436055235303,0.3167331621019619,-0.9100884348961238,0,0
7,0.012249644275046531,0.11166666666666668,-0.31,0.8016979846720914,-0.25976675599980625,-0.31368061101863404,0.9133048268504407,0.9618387666106757,-1.421097903938862e-14,0.27361686176998323,0.25976675599980625,0.31368061101863404,-0.9133048268504407,0,0
8,0.013980394515066634,0.11333333333333334,-0.31,0.8021645879463533,-0.2525000718873324,-0.31076931924594764,0.9163329874626921,0.9640575976122381,-1.4210971025923404e-14,0.2656933354190878,0.2525000718873324,0.31076931924594764,-0.9163329874626921,0,0
9,0.015707289246646716,0.115,-0.31,0.8026166804547863,-0.2454301904116358,-0.30799082718322923,0.9191875064455012,0.9661430008536576,-1.4210963822064585e-14,0.25800717412794866,0.2454301904116358,0.30799082718322923,-0.9191875064455012,0,0
10,0.017430573446739768,0.11666666666666667,-0.31,0.8030547793665774,-0.23854484728412356,-0.3053374045236782,0.9218814594257431,0.9681055971230158,0.0,0.2505425169888116,0.23854484728412356,0.3053374045236782,-0.9218814594257431,0,0
11,0.019150471333526486,0.11833333333333335,-0.31,0.803479362648391,-0.2318327604186678,-0.3028019727917294,0.9244265987465404,0.969954879301118,0.0,0.24328487852711603,0.2318327604186678,0.3028019727917294,-0.9244265987465404,0,0
12,0.020867188700674444,0.12000000000000001,-0.31,0.8038908729652601,-0.22528352830811155,-0.30037803774414873,0.9268335159639097,0.9716993574432092,0.0,0.23622099556232135,0.22528352830811155,0.30037803774414873,-0.9268335159639097,0,0
13,0.022580914933961964,0.12166666666666667,-0.31,0.8042897210878331,-0.21888754091854087,-0.2980596301869493,0.9291117808334222,0.9733466819517862,0.0,0.22933869436588394,0.21888754091854087,0.2980596301869493,-0.9291117808334222,0,0
14,0.024291824760889667,0.12333333333333335,-0.31,0.8046762888802059,-0.21263590131257876,-0.29584125400010963,0.9312700606723218,0.9749037486089851,0.0,0.22262677500280323,0.21263590131257876,0.29584125400010963,-0.9312700606723218,0,0
15,0.02600007977473048,0.125,-0.31,0.8050509319297005,-0.20652035650161704,-0.2937178403578553,0.9333162232630281,0.9763767885131688,-1.4210932823927334e-14,0.2160749102804646,0.20652035650161704,0.2937178403578553,-0.9333162232630281,0,0
16,0.027705829767147805,0.12666666666666668,-0.31,0.8054139818695901,-0.20053323626388073,-0.2916847072929175,0.935257425891385,0.977771445392784,1.4210929129661744e-14,0.20967355716567057,0.20053323626388073,0.2916847072929175,-0.935257425891385,0,0
17,0.029409213897634016,0.12833333333333335,-0.31,0.8057657484373797,-0.19466739886057405,-0.28973752388550567,0.9371001926547419,0.9790928423174985,0.0,0.20341387888401813,0.19466739886057405,0.28973752388550567,-0.9371001926547419,0,0
18,0.031110361723274842,0.13,-0.31,0.8061065213044111,-0.188916182744139,-0.28787227846725943,0.9388504818060497,0.9803456394650351,0.0,0.1972876762037901,0.188916182744139,0.28787227846725943,-0.9388504818060497,0,0
19,0.032809394108488064,0.13166666666666668,-0.31,0.8064365717069643,-0.18327336348718343,-0.2860852503214571,0.9405137446016427,0.9815340843114004,0.0,0.19128732664497303,0.18327336348718343,0.2860852503214571,-0.9405137446016427,0,0
20,0.03450642403123631,0.13333333333333336,-0.31,0.8067561539044114,-0.17773311527292018,-0.2843729844366724,0.9420949768775773,0.9826620553779157,-1.421091711255851e-14,0.1854057305491123,0.17773311527292018,0.2843729844366724,-0.9420949768775773,0,0
21,0.03620155729962989,0.135,-0.31,0.8070655064861639,-0.17228997638205756,-0.2827322689346586,0.9435987643809894,0.9837331004787389,0.0,0.1796362631054419,0.17228997638205756,0.2827322689346586,-0.9435987643809894,0,0
22,0.03789489319070337,0.1366666666666667,-0.31,0.8073648535459788,-0.16693881819021703,-0.28116011484668135,0.9450293227200174,0.9847504702569496,-1.4210912409496778e-14,0.1739727315665208,0.16693881819021703,0.28116011484668135,-0.9450293227200174,0,0
23,0.03958652502138412,0.13833333333333336,-0.31,0.8076544057395372,-0.16167481725673113,-0.27965373795758913,0.9463905326615174,0.9857171476711918,0.0,0.16840933699462746,0.16167481725673113,0.27965373795758913,-0.9463905326615174,0,0
24,0.0412765406602026,0.14,-0.31,0.807934361238989,-0.15649343014221712,-0.27821054247505267,0.9476859713945648,0.9866358739896984,0.0,0.16294063997844066,0.15649343014221712,0.27821054247505267,-0.9476859713945648,0,0
25,0.04296502298706541,0.14166666666666666,-0.31,0.8082049065962774,-0.15139037064035918,-0.2768281063137996,0.9489189402852545,0.9875091717631904,0.0,0.15756152983383268,0.15139037064035918,0.2768281063137996,-0.9489189402852545,0,0
26,0.04465205030738296,0.14333333333333334,-0.31,0.8084662175254786,-0.1463615891502546,-0.27550416781224396,0.9500924895711443,0.9883393651759069,0.0,0.15226719687340828,0.1463615891502546,0.27550416781224396,-0.9500924895711443,0,0
27,0.04633769672597672,0.14500000000000002,-0.31,0.8087184596130457,-0.14140325395064757,-0.2742366137224681,0.9512094403790379,0.9891285981150301,0.0,0.14705310738299773,0.14140325395064757,0.2742366137224681,-0.9512094403790379,0,0
28,0.048022032485458055,0.14666666666666667,-0.31,0.8089617889637,-0.1365117341673531,-0.2730234683347062,0.9522724043954596,0.9898788502488082,0.0,0.14191498099248578,0.1365117341673531,0.2730234683347062,-0.9522724043954596,0,0
29,0.04970512427314915,0.14833333333333334,-0.31,0.8091963527887357,-0.13168358425092833,-0.2718628836148198,0.9532838014733407,0.9905919513621283,-1.421090053965605e-14,0.1368487701682815,0.13168358425092833,0.2718628836148198,-0.9532838014733407,0,0
30,0.05138703550008787,0.15000000000000002,-0.31,0.8094222899426629,-0.1269155298038378,-0.2707531302481874,0.9542458754196526,0.9912695941631143,-1.421089928036011e-14,0.13185064158999968,0.1269155298038378,0.2707531302481874,-0.9542458754196526,0,0
31,0.053067826555207545,0.15166666666666667,-0.31,0.8096397314133914,-0.12220445461553278,-0.2696925894963482,0.9551607081757888,0.9919133457446101,0.0,0.12691695920456614,0.12220445461553278,0.2696925894963482,-0.9551607081757888,0,0
32,0.05474755503739632,0.15333333333333335,-0.31,0.8098488007705397,-0.11754738878045036,-0.26867974578388665,0.9560302325744745,0.9925246578595369,0.0,0.12204426877493717,0.11754738878045036,0.26867974578388665,-0.9560302325744745,0,0
33,0.05642627596780813,0.15500000000000003,-0.31,0.810049614575904,-0.11294149778836227,-0.26771317994278476,0.956856243833024,0.993104876147733,0.0,0.11722928376304165,0.11294149778836227,0.26771317994278476,-0.956856243833024,0,0
34,0.05810404198451362,0.15666666666666668,-0.31,0.8102422827596658,-0.10838407248900908,-0.26679156304986856,0.9576404099222763,0.9936552484334443,1.4210895033348003e-14,0.11246887240774671,0.10838407248900908,0.26679156304986856,-0.9576404099222763,0,0
35,0.05978090352133117,0.15833333333333335,-0.31,0.8104269089654988,-0.10387251984389517,-0.2659136508003717,0.9583842809329135,0.994176932197539,1.421089414262066e-14,0.10776004587178821,0.10387251984389517,0.2659136508003717,-0.9583842809329135,0,0
36,0.06145690897246566,0.16000000000000003,-0.31,0.8106035908673868,-0.09940435438764574,-0.26507827836705544,0.9590892975457151,0.9946710013148803,0.0,0.10309994734845106,0.09940435438764574,0.26507827836705544,-0.9590892975457151,0,0
37,0.06313210484439785,0.16166666666666668,-0.31,0.8107724204606485,-0.0949771903296806,-0.2642843556999809,0.9597567986991943,0.995138452136,1.4210892535937383e-14,0.09848584203003923,0.0949771903296806,0.2642843556999809,-0.9597567986991943,0,0
38,0.06480653589630588,0.16333333333333336,-0.31,0.8109334843293963,-0.09058873423427204,-0.26353086322697333,0.9603880285367362,0.9955802089822832,0.0,0.09391510785168311,0.09058873423427204,0.26353086322697333,-0.9603880285367362,0,0
39,0.06648024527016026,0.16500000000000004,-0.31,0.8110868638924098,-0.08623677822348566,-0.26281684791919463,0.9609841427055142,0.9959971291154441,0.0,0.08938522693260467,0.08623677822348566,0.26281684791919463,-0.9609841427055142,0,0
40,0.06815327461151208,0.16666666666666669,-0.31,0.8112326356291983,-0.08191919365314863,-0.2621414196900757,0.9615462140709045,0.996390007234588,-1.421089051167974e-14,0.08489377764628941,0.08191919365314863,0.2621414196900757,-0.9615462140709045,0,0
41,0.06982566418188638,0.16833333333333333,-0.31,0.811370871287836,-0.077633925216971,-0.26150374809927074,0.962075237902649,0.99675957954785,1.421088992824912e-14,0.08043842725708428,0.077633925216971,0.26150374809927074,-0.962075237902649,0,0
42,0.07149745296359922,0.17,-0.31,0.8115016380759861,-0.07337898543834069,-0.26090305933632246,0.9625721365824939,0.9971065274598867,0.0,0.07601692506860597,0.07337898543834069,0.26090305933632246,-0.9625721365824939,0,0
43,0.07316867875773489,0.1716666666666667,-0.31,0.8116249988363866,-0.06915244951317975,-0.26033863346138275,0.9630377638772983,0.9974314809117836,0.0,0.07162709603303972,0.06915244951317975,0.26033863346138275,-0.9630377638772983,0,0
44,0.07483937827594739,0.17333333333333334,-0.31,0.8117410122079338,-0.06495245047068722,-0.2598098018827489,0.9634729088165893,0.9977350214055081,0.0,0.06726683477725409,0.06495245047068722,0.2598098018827489,-0.9634729088165893,0,0
45,0.07650958722668669,0.17500000000000002,-0.31,0.8118497327733841,-0.06077717462181691,-0.25931594505308553,0.9638782992090934,0.9980176847414585,-1.4210887990307277e-14,0.06293410000388358,0.06077717462181691,0.25931594505308553,-0.9638782992090934,0,0
46,0.07817934039639413,0.1766666666666667,-0.31,0.8119512111945889,-0.056624857268027,-0.2588564903681236,0.9642546048288664,0.9982799634941447,0.0,0.05862690923227387,0.056624857268027,0.2588564903681236,-0.9642546048288664,0,0
47,0.07984867172616293,0.17833333333333334,-0.31,0.8120454943360828,-0.052493778645206705,-0.2584309102533254,0.9646024402981705,0.9985223092483897,0.0,0.05434333384384166,0.052493778645206705,0.2584309102533254,-0.9646024402981705,0,0
48,0.08151761438431541,0.18000000000000002,-0.31,0.8121326253777572,-0.04838226007979332,-0.2580387204255646,0.964922367691157,0.9987451346156562,-1.421088690332967e-14,0.0500814944021719,0.04838226007979332,0.2580387204255646,-0.964922367691157,0,0
49,0.08318620083531067,0.1816666666666667,-0.31,0.8122126439172784,-0.044288660335947486,-0.25767947831824023,0.9652148988796674,0.998948815047869,0.0,0.045839556220130445,0.044288660335947486,0.25767947831824023,-0.9652148988796674,0,0
50,0.08485446290536315,0.18333333333333335,-0.31,0.8122855860628326,-0.04021137213430073,-0.25735278165952474,0.9654804976399998,0.9991336904641012,0.0,0.04161572514790204,0.04021137213430073,0.25735278165952474,-0.9654804976399998,0,0
51,0.08652243184512283,0.18500000000000003,-0.31,0.8123514845167235,-0.03614881882423642,-0.25705826719457037,0.9657195815372791,0.9993000667036328,0.0,0.03740824355827131,0.03614881882423642,0.25705826719457037,-0.9657195815372791,0,0
52,0.08819013838974112,0.1866666666666667,-0.31,0.812410368650281,-0.03209945119294646,-0.25679560954357217,0.9659325236020666,0.9994482168172452,0.0,0.03321538650729116,0.03209945119294646,0.25679560954357217,-0.9659325236020666,0,0
53,0.08985761281662527,0.18833333333333335,-0.31,0.8124622645704956,-0.028061744395618364,-0.25656452018851095,0.9661196538120495,0.9995783822071191,0.0,0.029035458050433966,0.028061744395618364,0.25656452018851095,-0.9661196538120495,0,0
54,0.09152488500116329,0.19000000000000003,-0.31,0.8125071951787306,-0.024034194992092573,-0.2563647465823213,0.9662812603899882,0.9996907736244132,0.0,0.024866787694077727,0.024034194992092573,0.2563647465823213,-0.9662812603899882,0,0
55,0.09319198447068427,0.1916666666666667,-0.31,0.812545180221831,-0.020015318076172784,-0.2561960713750126,0.9664175909276067,0.9997855720322664,-1.4210885390721445e-14,0.020707726966374046,0.020015318076172784,0.2561960713750126,-0.9664175909276067,0,0
56,0.0948589404569054,0.19333333333333336,-0.31,0.8125762363358945,-0.01600364448450389,-0.25605831175206273,0.9665288533437049,0.999862929340969,2.842177056042961e-14,0.016556646088405645,0.01600364448450389,0.25605831175206273,-0.9665288533437049,0,0
57,0.09652578194710336,0.195,-0.31,0.812600377082934,-0.011997718072551785,-0.25595131888110456,0.9666152166834923,0.9999229690208707,-1.421088519463181e-14,0.012411930731634777,0.011997718072551785,0.25595131888110456,-0.9666152166834923,0,0
58,0.09819253773423803,0.19666666666666668,-0.31,0.8126176129806212,-0.007996093045737635,-0.2558749774636048,0.9666768117649268,0.9999657865977188,-1.421088513369703e-14,0.008271978844602831,0.007996093045737635,0.2558749774636048,-0.9666768117649268,0,0
59,0.09985923646624786,0.19833333333333336,-0.31,0.8126279515252657,-0.0039973313342011015,-0.2558292053888731,0.966713731676706,0.9999914500341164,-1.421088509721409e-14,0.00413519753644401,0.0039973313342011015,0.2558292053888731,-0.966713731676706,0,0
60,0.10152590669472986,0.2,-0.31,0.8126313972081441,0.0,-0.2558139534883721,0.9667260321314665,1.0,-1.4210885085066076e-14,5.68435403402643e-14,-0.0,0.2558139534883721,-0.9667260321314665,0,0
61,0.10319257692321188,0.2016666666666667,-0.31,0.8126279515252657,0.003997331334201168,-0.2558292053888731,0.966713731676706,0.9999914500341165,-1.4210885097214092e-14,-0.004135197536415588,-0.003997331334201168,0.2558292053888731,-0.966713731676706,0,0
62,0.10485927565522171,0.20333333333333337,-0.31,0.8126176129806212,0.007996093045737703,-0.2558749774636048,0.9666768117649268,0.9999657865977191,1.4210885133697035e-14,-0.008271978844574411,-0.007996093045737703,0.2558749774636048,-0.9666768117649268,0,0
63,0.10652603144235635,0.20500000000000002,-0.31,0.812600377082934,0.011997718072551785,-0.25595131888110456,0.9666152166834923,0.9999229690208704,1.4210885194632005e-14,-0.01241193073166337,-0.011997718072551785,0.25595131888110456,-0.9666152166834923,0,0
64,0.10819287293255433,0.2066666666666667,-0.31,0.8125762363358945,0.016003644484503955,-0.25605831175206273,0.9665288533437049,0.999862929340968,0.0,-0.01655664608846224,-0.016003644484503955,0.25605831175206273,-0.9665288533437049,0,0
65,0.10985982891877549,0.20833333333333337,-0.31,0.812545180221831,0.02001531807617292,-0.2561960713750126,0.9664175909276067,0.9997855720322658,1.421088539072154e-14,-0.020707726966402603,-0.02001531807617292,0.2561960713750126,-0.9664175909276067,0,0
66,0.11152692838829645,0.21000000000000002,-0.31,0.8125071951787306,0.02403419499209264,-0.2563647465823213,0.9662812603899882,0.9996907736244138,-2.842177105302141e-14,-0.024866787694048965,-0.02403419499209264,0.2563647465823213,-0.9662812603899882,0,0
67,0.11319420057283447,0.2116666666666667,-0.31,0.8124622645704956,0.028061744395618426,-0.25656452018851095,0.9661196538120495,0.9995783822071191,1.4210885688025462e-14,-0.02903545805043417,-0.028061744395618426,0.25656452018851095,-0.9661196538120495,0,0
68,0.11486167499971865,0.21333333333333337,-0.31,0.812410368650281,0.03209945119294658,-0.25679560954357217,0.9659325236020666,0.9994482168172424,1.4210885875795565e-14,-0.0332153865073761,-0.03209945119294658,0.25679560954357217,-0.9659325236020666,0,0
69,0.11652938154433691,0.21500000000000002,-0.31,0.8123514845167235,0.036148818824236484,-0.25705826719457037,0.9657195815372791,0.9993000667036307,1.4210886090443274e-14,-0.03740824355832834,-0.036148818824236484,0.25705826719457037,-0.9657195815372791,0,0
70,0.11819735048409659,0.2166666666666667,-0.31,0.8122855860628326,0.0402113721343008,-0.25735278165952474,0.9654804976399998,0.9991336904640988,0.0,-0.04161572514795878,-0.0402113721343008,0.25735278165952474,-0.9654804976399998,0,0
71,0.1198656125541491,0.21833333333333338,-0.31,0.8122126439172784,0.044288660335947624,-0.25767947831824023,0.9652148988796674,0.9989488150478716,-2.8421773206678234e-14,-0.04583955622007371,-0.044288660335947624,0.25767947831824023,-0.9652148988796674,0,0
72,0.12153419900514432,0.22000000000000003,-0.31,0.8121326253777572,0.04838226007979339,-0.2580387204255646,0.964922367691157,0.9987451346156591,-1.421088690332961e-14,-0.050081494402114846,-0.04838226007979339,0.2580387204255646,-0.964922367691157,0,0
73,0.12320314166329678,0.22166666666666668,-0.31,0.8120454943360828,0.052493778645206705,-0.2584309102533254,0.9646024402981705,0.9985223092483881,1.4210887233694273e-14,-0.05434333384387038,-0.052493778645206705,0.2584309102533254,-0.9646024402981705,0,0
74,0.12487247299306561,0.22333333333333336,-0.31,0.8119512111945889,0.05662485726802705,-0.2588564903681236,0.9642546048288664,0.998279963494143,0.0,-0.058626909232301364,-0.05662485726802705,0.2588564903681236,-0.9642546048288664,0,0
75,0.12654222616277305,0.22500000000000003,-0.31,0.8118497327733841,0.06077717462181697,-0.25931594505308553,0.9638782992090934,0.9980176847414585,1.4210887990307176e-14,-0.06293410000388314,-0.06077717462181697,0.25931594505308553,-0.9638782992090934,0,0
76,0.12821243511351235,0.2266666666666667,-0.31,0.8117410122079338,0.06495245047068729,-0.2598098018827489,0.9634729088165893,0.9977350214055081,0.0,-0.06726683477725362,-0.06495245047068729,0.2598098018827489,-0.9634729088165893,0,0
77,0.12988313463172485,0.22833333333333336,-0.31,0.8116249988363866,0.06915244951317982,-0.26033863346138275,0.9630377638772983,0.9974314809117837,0.0,-0.07162709603303923,-0.06915244951317982,0.26033863346138275,-0.9630377638772983,0,0
78,0.13155436042586052,0.23000000000000004,-0.31,0.8115016380759861,0.07337898543834075,-0.26090305933632246,0.9625721365824939,0.9971065274598846,0.0,-0.0760169250686337,-0.07337898543834075,0.26090305933632246,-0.9625721365824939,0,0
79,0.13322614920757334,0.2316666666666667,-0.31,0.811370871287836,0.077633925216971,-0.26150374809927074,0.962075237902649,0.9967595795478477,0.0,-0.08043842725711307,-0.077633925216971,0.26150374809927074,-0.962075237902649,0,0
80,0.13489853877794766,0.23333333333333336,-0.31,0.8112326356291983,0.0819191936531487,-0.2621414196900757,0.9615462140709045,0.9963900072345879,0.0,-0.08489377764629122,-0.0819191936531487,0.2621414196900757,-0.9615462140709045,0,0
81,0.13657156811929952,0.23500000000000004,-0.31,0.8110868638924097,0.086236778223486,-0.2628168479191952,0.960984142705514,0.9959971291154441,0.0,-0.08938522693260467,-0.086236778223486,0.2628168479191952,-0.960984142705514,0,0
82,0.13824527749315388,0.2366666666666667,-0.31,0.8109334843293963,0.0905887342342721,-0.26353086322697333,0.9603880285367362,0.9955802089822805,1.421089181284314e-14,-0.09391510785171128,-0.0905887342342721,0.26353086322697333,-0.9603880285367362,0,0
83,0.13991970854506192,0.23833333333333337,-0.31,0.8107724204606485,0.09497719032968067,-0.2642843556999809,0.9597567986991943,0.9951384521359946,0.0,-0.09848584203009413,-0.09497719032968067,0.2642843556999809,-0.9597567986991943,0,0
84,0.1415949044169941,0.24000000000000002,-0.31,0.8106035908673868,0.0994043543876458,-0.26507827836705544,0.9590892975457151,0.9946710013148772,-1.421089331139733e-14,-0.10309994734848063,-0.0994043543876458,0.26507827836705544,-0.9590892975457151,0,0
85,0.1432709098681286,0.2416666666666667,-0.31,0.8104269089654988,0.10387251984389523,-0.26591365080037166,0.9583842809329134,0.994176932197536,-1.4210894142620514e-14,-0.10776004587181554,-0.10387251984389523,0.26591365080037166,-0.9583842809329134,0,0
86,0.14494777140494614,0.24333333333333337,-0.31,0.8102422827596658,0.10838407248900915,-0.26679156304986856,0.9576404099222763,0.9936552484334509,-2.8421790066695785e-14,-0.112468872407689,-0.10838407248900915,0.26679156304986856,-0.9576404099222763,0,0
87,0.14662553742165163,0.24500000000000002,-0.31,0.810049614575904,0.11294149778836235,-0.26771317994278476,0.956856243833024,0.9931048761477361,1.4210895987700185e-14,-0.11722928376301527,-0.11294149778836235,0.26771317994278476,-0.956856243833024,0,0
88,0.14830425835206346,0.2466666666666667,-0.31,0.8098488007705397,0.11754738878045044,-0.26867974578388665,0.9560302325744745,0.9925246578595401,0.0,-0.12204426877491176,-0.11754738878045044,0.26867974578388665,-0.9560302325744745,0,0
89,0.14998398683425224,0.24833333333333338,-0.31,0.8096397314133914,0.12220445461553286,-0.2696925894963482,0.9551607081757888,0.9919133457446134,0.0,-0.12691695920453996,-0.12220445461553286,0.2696925894963482,-0.9551607081757888,0,0
90,0.15166477788937188,0.25,-0.31,0.8094222899426629,0.1269155298038378,-0.2707531302481874,0.9542458754196526,0.9912695941631217,0.0,-0.13185064158994475,-0.1269155298038378,0.2707531302481874,-0.9542458754196526,0,0
91,0.15334668911631064,0.2516666666666667,-0.31,0.8091963527887357,0.1316835842509284,-0.2718628836148198,0.9532838014733407,0.9905919513621356,-1.421090053965636e-14,-0.13684877016822763,-0.1316835842509284,0.2718628836148198,-0.9532838014733407,0,0
92,0.15502978090400177,0.2533333333333334,-0.31,0.8089617889637,0.13651173416735327,-0.2730234683347062,0.9522724043954596,0.9898788502488036,1.4210901890612437e-14,-0.14191498099251762,-0.13651173416735327,0.2730234683347062,-0.9522724043954596,0,0
93,0.15671411666348306,0.255,-0.31,0.8087184596130457,0.14140325395064757,-0.2742366137224681,0.9512094403790379,0.9891285981150295,0.0,-0.14705310738300081,-0.14140325395064757,0.2742366137224681,-0.9512094403790379,0,0
94,0.15839976308207684,0.2566666666666667,-0.31,0.8084662175254786,0.14636158915025466,-0.27550416781224396,0.9500924895711442,0.9883393651759069,0.0,-0.15226719687340828,-0.14636158915025466,0.27550416781224396,-0.9500924895711442,0,0
95,0.16008679040239437,0.25833333333333336,-0.31,0.8082049065962774,0.15139037064035918,-0.2768281063137996,0.9489189402852545,0.9875091717631951,0.0,-0.15756152983380273,-0.15139037064035918,0.2768281063137996,-0.9489189402852545,0,0
96,0.16177527272925718,0.26,-0.31,0.807934361238989,0.15649343014221712,-0.27821054247505267,0.9476859713945648,0.986635873989694,0.0,-0.16294063997846833,-0.15649343014221712,0.27821054247505267,-0.9476859713945648,0,0
97,0.16346528836807572,0.2616666666666667,-0.31,0.8076544057395371,0.16167481725673166,-0.2796537379575898,0.9463905326615172,0.9857171476711726,2.8421820632689955e-14,-0.1684093369947391,-0.16167481725673166,0.2796537379575898,-0.9463905326615172,0,0
98,0.16515692019875644,0.26333333333333336,-0.31,0.8073648535459786,0.16693881819021747,-0.281160114846682,0.945029322720017,0.9847504702569544,0.0,-0.17397273156649323,-0.16693881819021747,0.281160114846682,-0.945029322720017,0,0
99,0.16685025608982987,0.265,-0.31,0.8070655064861639,0.17228997638205756,-0.2827322689346586,0.9435987643809894,0.9837331004787389,1.4210914669397248e-14,-0.1796362631054419,-0.17228997638205756,0.2827322689346586,-0.9435987643809894,0,0
100,0.1685453893582235,0.2666666666666667,-0.31,0.8067561539044114,0.17773311527292035,-0.2843729844366724,0.9420949768775773,0.9826620553779148,1.4210917112558908e-14,-0.1854057305491175,-0.17773311527292035,0.2843729844366724,-0.9420949768775773,0,0
101,0.17024241928097172,0.26833333333333337,-0.31,0.8064365717069643,0.18327336348718348,-0.2860852503214571,0.9405137446016427,0.9815340843114002,1.4210919757615938e-14,-0.19128732664497436,-0.18327336348718348,0.2860852503214571,-0.9405137446016427,0,0
102,0.1719414516661849,0.27,-0.31,0.8061065213044111,0.188916182744139,-0.28787227846725943,0.9388504818060497,0.9803456394650293,1.4210922625653398e-14,-0.1972876762038188,-0.188916182744139,0.28787227846725943,-0.9388504818060497,0,0
103,0.17364259949182578,0.2716666666666667,-0.31,0.8057657484373797,0.1946673988605742,-0.28973752388550567,0.9371001926547419,0.9790928423174994,-1.4210925740594196e-14,-0.20341387888401388,-0.1946673988605742,0.28973752388550567,-0.9371001926547419,0,0
104,0.17534598362231196,0.2733333333333334,-0.31,0.8054139818695901,0.20053323626388084,-0.2916847072929175,0.935257425891385,0.977771445392784,0.0,-0.20967355716567057,-0.20053323626388084,0.2916847072929175,-0.935257425891385,0,0
105,0.17705173361472926,0.275,-0.31,0.8050509319297005,0.20652035650161704,-0.2937178403578553,0.9333162232630281,0.9763767885131746,0.0,-0.21607491028043901,-0.20652035650161704,0.2937178403578553,-0.9333162232630281,0,0
106,0.17875998862857012,0.2766666666666667,-0.31,0.8046762888802059,0.2126359013125789,-0.29584125400010963,0.9312700606723218,0.9749037486089782,0.0,-0.22262677500283334,-0.2126359013125789,0.29584125400010963,-0.9312700606723218,0,0
107,0.1804708984554978,0.2783333333333334,-0.31,0.8042897210878331,0.21888754091854096,-0.2980596301869493,0.9291117808334222,0.9733466819517934,-2.8421882551355185e-14,-0.22933869436585388,-0.21888754091854096,0.2980596301869493,-0.9291117808334222,0,0
108,0.1821846246887853,0.28,-0.31,0.8038908729652601,0.22528352830811157,-0.30037803774414873,0.9268335159639097,0.9716993574432231,0.0,-0.23622099556226442,-0.22528352830811157,0.30037803774414873,-0.9268335159639097,0,0
109,0.1839013420559333,0.28166666666666673,-0.31,0.803479362648391,0.23183276041866796,-0.3028019727917294,0.9244265987465404,0.9699548793011105,1.4210951450049898e-14,-0.2432848785271461,-0.23183276041866796,0.3028019727917294,-0.9244265987465404,0,0
110,0.18562123994272,0.2833333333333334,-0.31,0.8030547793665774,0.23854484728412362,-0.30533740452367814,0.921881459425743,0.9681055971230085,0.0,-0.25054251698883995,-0.23854484728412362,0.30533740452367814,-0.921881459425743,0,0
111,0.18734452414281305,0.28500000000000003,-0.31,0.8026166804547863,0.24543019041163583,-0.30799082718322923,0.9191875064455012,0.9661430008536641,-1.4210963822064787e-14,-0.2580071741279239,-0.24543019041163583,0.30799082718322923,-0.9191875064455012,0,0
112,0.18907141887439316,0.28666666666666674,-0.31,0.8021645879463533,0.2525000718873326,-0.31076931924594764,0.9163329874626921,0.9640575976122392,0.0,-0.26569333541908413,-0.2525000718873326,0.31076931924594764,-0.9163329874626921,0,0
113,0.19080216911441325,0.2883333333333334,-0.31,0.8016979846720914,0.2597667559998064,-0.31368061101863404,0.9133048268504407,0.9618387666106747,0.0,-0.273616861769987,-0.2597667559998064,0.31368061101863404,-0.9133048268504407,0,0
114,0.1925370433126911,0.29000000000000004,-0.31,0.8012163097754313,0.26724360552353044,-0.3167331621019619,0.9100884348961238,0.9594745874695628,-1.4210987983338812e-14,-0.2817951667437047,-0.26724360552353044,0.3167331621019619,-0.9100884348961238,0,0
115,0.19427633656273754,0.29166666666666674,-0.31,0.8007189535330062,0.2749452152390957,-0.3199362504600385,0.9066674827403367,0.9569516360501378,0.0,-0.2902474224880638,-0.2749452152390957,0.3199362504600385,-0.9066674827403367,0,0
116,0.19602037432504618,0.29333333333333333,-0.31,0.8002052513443978,0.2828875658047916,-0.32330007520547616,0.9030236356182342,0.9542547403814406,0.0,-0.2989948000543643,-0.2828875658047916,0.32330007520547616,-0.9030236356182342,0,0
117,0.19776951682286245,0.29500000000000004,-0.31,0.7996744767218987,0.29108820176261935,-0.32683587566329186,0.8991362350467329,0.951366687252861,-1.421102198456368e-14,-0.30806075112795034,-0.29108820176261935,0.32683587566329186,-0.8991362350467329,0,0
118,0.19952416426205785,0.29666666666666675,-0.31,0.7991258330687895,0.2995664382979061,-0.33055606984596514,0.894981918104213,0.9482678673982552,1.421103640747628e-14,-0.31747133990325044,-0.2995664382979061,0.33055606984596514,-0.894981918104213,0,0
119,0.20128476306826068,0.29833333333333334,-0.31,0.7985584439795171,0.3083436024238684,-0.334474416188603,0.8905341586708309,0.9449358436862184,-1.421105284127577e-14,-0.32725563603552277,-0.3083436024238684,0.334474416188603,-0.8905341586708309,0,0
120,0.20305181338945974,0.30000000000000004,-0.31,0.797971341722775,0.31744331559493183,-0.3386062033012605,0.8857627111535019,0.5155916806741465,0.8457813893439191,0.13718258001320283,-0.31744331559493183,0.3386062033012605,-0.8857627111535019,0,0
121,0.20412049523249107,0.30000000000000004,-0.309,0.7983482778998989,0.31520518955912363,-0.3306152210486807,0.8895725176094016,0.0,0.9373432177236427,0.3484073652888063,-0.31520518955912363,0.3306152210486807,-0.8895725176094016,0,1
122,0.20518553841393725,0.30000000000000004,-0.308,0.7987147707079388,0.3130501993582811,-0.32278953889387196,0.8932001378540098,-2.842199328832302e-14,0.9404600708439639,0.3399041852466168,-0.3130501993582811,0.32278953889387196,-0.8932001378540098,0,1
123,0.20624714629865581,0.30000000000000004,-0.307,0.7990711571567506,0.3109745468081078,-0.31512087409888245,0.8966569388259079,-2.842197930206005e-14,0.9434235794608797,0.33159003259630876,-0.3109745468081078,0.31512087409888245,-0.8966569388259079,0,1
124,0.2073055070246638,0.30000000000000004,-0.306,0.7994177511935662,0.30897469053245485,-0.30760146968564384,0.8999533190436078,0.0,0.9462435808870138,0.3234549205532688,-0.30897469053245485,0.30760146968564384,-0.8999533190436078,0,1
125,0.20836079502503774,0.30000000000000004,-0.305,0.7997548457852363,0.30704732465602763,-0.3002240507747824,0.9030988095208391,0.0,0.9489290558807416,0.3154895353340332,-0.30704732465602763,0.3002240507747824,-0.9030988095208391,0,1
126,0.20941317236480356,0.30000000000000004,-0.304,0.8000827147609759,0.30518935963426946,-0.29298178524889856,0.9061021621640646,0.0,0.9514882194792579,0.30768517707584103,-0.30518935963426946,0.29298178524889856,-0.9061021621640646,0,1
127,0.21046278991927792,0.30000000000000004,-0.303,0.8004016144484338,0.30339790497247204,-0.28586824824072904,0.9089714274420796,0.0,0.9539286004197529,0.30003370694175613,-0.30339790497247204,0.28586824824072904,-0.9089714274420796,0,1
128,0.2115097884160035,0.30000000000000004,-0.302,0.8007117851307132,0.30167025361874966,-0.27887739001199957,0.9117140228282629,-2.8421924235640194e-14,0.9562571107928898,0.2925274996612029,-0.30167025361874966,0.27887739001199957,-0.9117140228282629,0,1
129,0.21255429935888734,0.30000000000000004,-0.301,0.8010134523476992,0.30000386784339517,-0.27200350684467817,0.9143367932787129,-2.842191556632868e-14,0.9584801073083896,0.28515940085169555,-0.30000386784339517,0.27200350684467817,-0.9143367932787129,0,1
130,0.21359644585025062,0.30000000000000004,-0.3,0.8013068280615215,0.2983963664409773,-0.26524121461420186,0.9168460648139387,0.0,0.9606034453321772,0.277922688559158,-0.2983963664409773,0.26524121461420186,-0.9168460648139387,0,1
131,0.21463634332410408,0.30000000000000004,-0.299,0.8015921117030554,0.29684551311200835,-0.2585854247553494,0.9192476921098927,-2.842190002775573e-14,0.9626325266729014,0.2708110385330437,-0.29684551311200835,0.2585854247553494,-0.9192476921098927,0,1
132,0.2156741002019786,0.30000000000000004,-0.298,0.8018694911139278,0.2953492058986112,-0.25203132236681475,0.9215471008695619,-2.8421893055205054e-14,0.9645723419482646,0.2638184928098109,-0.2953492058986112,0.25203132236681475,-0.9215471008695619,0,1
133,0.21670981848098622,0.30000000000000004,-0.297,0.802139143396452,0.29390546756383934,-0.24557434623111893,0.9237493256339836,0.0,0.9664275082365236,0.2569394312357373,-0.29390546756383934,0.24557434623111893,-0.9237493256339836,0,1
134,0.21774359426240558,0.30000000000000004,-0.296,0.8024012356822011,0.29251243681743444,-0.23921017055292398,0.9258590435974408,0.0,0.9682023026145058,0.25016854560869356,-0.29251243681743444,0.23921017055292398,-0.9258590435974408,0,1
135,0.2187755182279242,0.30000000000000004,-0.295,0.8026559258284802,0.2911683603022248,-0.2329346882417797,0.9278806049124094,0.0,0.9699006920981871,0.2435008161535759,-0.2911683603022248,0.2329346882417797,-0.9278806049124094,0,1
136,0.2198056760696919,0.30000000000000004,-0.294,0.8029033630507315,0.28987158526527834,-0.22674399558528424,0.9298180599030194,0.0,0.9715263604272267,0.23693149008738026,-0.28987158526527834,0.22674399558528424,-0.9298180599030194,0,1
137,0.22083414887951253,0.30000000000000004,-0.293,0.8031436884978659,0.2886205528465497,-0.22063437817602893,0.9316751835491965,0.0,0.9730827320756158,0.23045606205143643,-0.2886205528465497,0.22063437817602893,-0.9316751835491965,0,1
138,0.2218610135017983,0.30000000000000004,-0.292,0.8033770357766203,0.28741379192532857,-0.21460229797091182,0.9334554975555652,0.0,0.9745729938164055,0.22407025622274884,-0.28741379192532857,0.21460229797091182,-0.9334554975555652,0,1
139,0.22288634285431305,0.30000000000000004,-0.291,0.8036035314302835,0.28624991347136824,-0.20864438137468602,0.9351622902782215,-2.842185551602803e-14,0.9760001141263709,0.21777000993091555,-0.28624991347136824,0.20864438137468602,-0.9351622902782215,0,1
140,0.22391020622021932,0.30000000000000004,-0.29,0.8038232953764732,0.285127605353388,-0.20275740825129795,0.9367986347474356,-0.47318353554082376,0.8199667304554693,0.32210542162350114,-0.285127605353388,0.20275740825129795,-0.9367986347474356,0,1
141,0.2256502079588878,0.2983333333333334,-0.29,0.8043231236197644,0.27760558986625783,-0.2007543248750337,0.9394854110197649,-0.958997755794629,0.0,0.28341366301021037,-0.27760558986625783,0.2007543248750337,-0.9394854110197649,1,0
142,0.22738609487401046,0.2966666666666667,-0.29,0.8048084334221755,0.27030040874362243,-0.19884167999530833,0.9420189357596132,-0.961202320206702,1.4210961608213257e-14,0.2758443394910483,-0.27030040874362243,0.19884167999530833,-0.9420189357596132,1,0
143,0.22911812162958023,0.29500000000000004,-0.29,0.8052797495626076,0.26319841959034657,-0.1970140216816628,0.9444109630801419,-0.9632812896045098,1.421095518133258e-14,0.26849424034394603,-0.26319841959034657,0.1970140216816628,-0.9444109630801419,1,0
144,0.23084652149957155,0.2933333333333334,-0.29,0.8057375577460297,0.2562871049307137,-0.195266365661496,0.9466720479065516,-0.9652442478629499,-1.421094935961727e-14,0.2613494633005549,-0.2562871049307137,0.195266365661496,-0.9466720479065516,1,0
145,0.23257150873965718,0.2916666666666667,-0.29,0.8061823084634888,0.24955495339684675,-0.1935941456654325,0.948811694699833,-0.9670998055949985,-2.842188814350617e-14,0.2543972602409784,-0.24955495339684675,0.1935941456654325,-0.948811694699833,1,0
146,0.23429328063993005,0.29000000000000004,-0.29,0.8066144203688924,0.24299135588688073,-0.19199317008346117,0.9508384844996327,-0.9688557201737508,0.0,0.24762591440841342,-0.24299135588688073,0.19199317008346117,-0.9508384844996327,1,0
147,0.23601201930887367,0.2883333333333334,-0.29,0.8070342832445367,0.23658651450825846,-0.19045958400664814,0.9527601838935379,-0.9705189983654325,0.0,0.24102463320531706,-0.23658651450825846,0.19045958400664814,-0.9527601838935379,1,0
148,0.23772789322981988,0.28666666666666674,-0.29,0.8074422606149945,0.23033136248154384,-0.18898983588229215,0.9545838388484166,-0.972095984447071,1.4210930839591537e-14,0.2345834542798786,-0.23033136248154384,0.18898983588229215,-0.9545838388484166,1,0
149,0.23944105862393084,0.28500000000000003,-0.29,0.8078386920590065,0.2242174934743079,-0.18758064813536857,0.9563158558056087,-0.9735924361509399,1.421092715249323e-14,0.2282931629937217,-0.2242174934743079,0.18758064813536857,-0.9563158558056087,1,0
150,0.24115166064794144,0.2833333333333334,-0.29,0.8082238952609292,0.21823709907615382,-0.1862289912116511,0.9579620720149185,-0.9750135903553946,1.4210923765074955e-14,0.22214521967011333,-0.21823709907615382,0.1862289912116511,-0.9579620720149185,1,0
151,0.24285983445020412,0.28166666666666673,-0.29,0.8085981678366796,0.21238291332513126,-0.184932060582427,0.9595278167391852,-0.976364220102597,-1.4210920647028828e-14,0.21613169527731818,-0.21238291332513126,0.184932060582427,-0.9595278167391852,1,0
152,0.24456570610475303,0.28,-0.29,0.8089617889637,0.2066481633607535,-0.18368725632066965,0.9610179646838095,-0.9776486842509742,1.421091777175642e-14,0.2102452144100765,-0.2066481633607535,0.18368725632066965,-0.9610179646838095,1,0
153,0.24626939343997742,0.2783333333333334,-0.29,0.8093150208399884,0.2010265254160358,-0.18249216491668482,0.9624369827802636,-0.9788709708489721,1.4210915115845934e-14,0.20447890460678517,-0.2010265254160358,0.18249216491668482,-0.9624369827802636,1,0
154,0.2479710067759199,0.2766666666666667,-0.29,0.8096581099935325,0.19551208547553298,-0.18134454304976952,0.9637889712686477,-0.9800347351373148,2.842182531725699e-14,0.1988263511819628,-0.19551208547553298,0.18134454304976952,-0.9637889712686477,1,0
155,0.24967064958208776,0.275,-0.29,0.8099912884603941,0.19009930402237094,-0.1802423030730627,0.9650776998735017,-0.9811433329396292,1.4210910381809994e-14,0.19328155687523846,-0.19009930402237094,0.1802423030730627,-0.9650776998735017,1,0
156,0.25136841906590157,0.2733333333333334,-0.29,0.8103147748471119,0.18478298437801746,-0.17918350000292588,0.9663066397428173,-0.9821998500809023,0.0,0.18783890571724773,-0.18478298437801746,0.17918350000292588,-0.9663066397428173,1,0
157,0.2530644067004334,0.2716666666666667,-0.29,0.8106287752909128,0.1795582442067204,-0.1781663198330247,0.9674789917174202,-0.9832071283735723,-1.4210906306214376e-14,0.182493130597822,-0.1795582442067204,0.1781663198330247,-0.9674789917174202,1,0
158,0.2547586986988538,0.27,-0.29,0.8109334843293963,0.17442048981427316,-0.17718906901767426,0.9685977114125343,-0.9841677886286966,1.4210904480108315e-14,0.17723928409272358,-0.17442048981427316,0.17718906901767426,-0.9685977114125343,1,0
159,0.2564513764419735,0.26833333333333337,-0.29,0.8112290856898045,0.1693653929198055,-0.17625016498971616,0.9696655315221934,-0.9850842510810285,-1.421090277932081e-14,0.1720727121659017,-0.1693653929198055,0.17625016498971616,-0.9696655315221934,1,0
160,0.2581425168643921,0.2666666666666667,-0.29,0.8115157530066727,0.16438886962111657,-0.17534812759585747,0.970684981697625,-0.9859587535599637,1.4210901193535997e-14,0.16698903041362576,-0.16438886962111657,0.17534812759585747,-0.970684981697625,1,0
161,0.2598321928040258,0.265,-0.29,0.8117936504755334,0.15948706130978618,-0.17448157134745831,0.9716584063007382,-0.9867933676898833,0.0,0.1619841025633647,-0.15948706130978618,0.17448157134745831,-0.9716584063007382,1,0
162,0.26152047331916045,0.26333333333333336,-0.29,0.8120629334493836,0.1546563173229394,-0.17364919839768625,0.9725879802917304,-0.987590013363835,1.421089833087033e-14,0.1570540209737407,-0.1546563173229394,0.17364919839768625,-0.9725879802917304,1,0
163,0.2632074239766404,0.2616666666666667,-0.29,0.8123237489838024,0.1498931791448536,-0.1728497921670382,0.9734757234742222,-0.9883504716999585,0.0,0.15219508891705283,-0.1498931791448536,0.1728497921670382,-0.9734757234742222,1,0
164,0.26489310711434577,0.26,-0.29,0.8125762363358945,0.14519436599430086,-0.17208221154880093,0.9743235132911382,-0.989076396661815,0.0,0.1474038044504952,-0.14519436599430086,0.17208221154880093,-0.9743235132911382,1,0
165,0.2665775820807204,0.25833333333333336,-0.29,0.8128205274216204,0.14055676165311506,-0.17134538563427346,0.9751330963388698,-0.9897693254990367,-1.4210894696017865e-14,0.1426768457079917,-0.14055676165311506,0.17134538563427346,-0.9751330963388698,1,0
166,0.268260905453774,0.2566666666666667,-0.29,0.8130567472355456,0.1359774024084527,-0.17063830890472478,0.9759060987453584,-0.9904306881443273,-1.421089363491962e-14,0.1380110574626333,-0.1359774024084527,0.17063830890472478,-0.9759060987453584,1,0
167,0.2699431312416924,0.255,-0.29,0.8132850142365764,0.13145346599596486,-0.16996003684326766,0.9766440355389894,-0.9910618156847872,-1.4210892640253872e-14,0.1334034388296378,-0.13145346599596486,0.16996003684326766,-0.9766440355389894,1,0
168,0.27162431106693774,0.25333333333333335,-0.29,0.8135054407028508,0.12698226144391977,-0.16930968192522625,0.9773483191191187,-0.9916639480107595,-1.421089170745048e-14,0.1288511319923648,-0.12698226144391977,0.16930968192522625,-0.9773483191191187,1,0
169,0.2733044943355043,0.2516666666666667,-0.29,0.8137181330585982,0.12256121972950974,-0.1686864099502928,0.9780202669252294,-0.9922382407320056,0.0,0.12435141184986452,-0.12256121972950974,0.1686864099502928,-0.9780202669252294,1,0
170,0.2749837283928036,0.25000000000000006,-0.29,0.8139231921754794,0.11818788516834698,-0.16808943668387105,0.9786611083897901,-0.9927857714400645,2.8421780022342063e-14,0.11990167649435114,-0.11818788516834698,0.16808943668387105,-0.9786611083897901,1,0
171,0.2766620586674901,0.24833333333333335,-0.29,0.8141207136506445,0.11385990746671955,-0.16751802477862177,0.979271991249591,-0.993307545386026,-1.4210889240457076e-14,0.11549943843667732,-0.11385990746671955,0.16751802477862177,-0.979271991249591,1,0
172,0.2783395288043939,0.2466666666666667,-0.29,0.8143107880635104,0.10957503437369172,-0.16697148095038722,0.9798539872813902,-0.9938045006344001,0.0,0.1111423165082077,-0.10957503437369172,0.16697148095038722,-0.9798539872813902,1,0
173,0.28001618078760127,0.24500000000000005,-0.29,0.8144935012130521,0.10533110487672868,-0.16644915338544755,0.980408097519964,-0.9942775127465471,-1.4210887838098073e-14,0.10682802837523464,-0.10533110487672868,0.16644915338544755,-0.980408097519964,1,0
174,0.28169205505461264,0.24333333333333337,-0.29,0.8146689343372137,0.10112604289035658,-0.16595042935853369,0.9809352570098886,-0.9947273990411593,0.0,0.1025543836060184,-0.10112604289035658,0.16595042935853369,-0.9809352570098886,1,0
175,0.2833671906024123,0.2416666666666667,-0.29,0.8148371643158859,0.09695785139248125,-0.16547473304316784,0.9814363391364953,-0.99515492247333,1.421088660318326e-14,0.09831927724053173,-0.09695785139248125,0.16547473304316784,-0.9814363391364953,1,0
176,0.2850416250861971,0.24000000000000005,-0.29,0.8149982638587471,0.09282460696753517,-0.16502152349784005,0.9819121595762904,-0.9955607951692272,0.0,0.09412068381613117,-0.09282460696753517,0.16502152349784005,-0.9819121595762904,1,0
177,0.28671539491143855,0.23833333333333337,-0.29,0.8151523016791381,0.08872445471962444,-0.16459029281321616,0.9823634799026099,-0.9959456816492747,0.0,0.08995665180608767,-0.08872445471962444,0.16459029281321616,-0.9823634799026099,1,0
178,0.2883885353198825,0.2366666666666667,-0.29,0.8152993426550266,0.0846556035224079,-0.164180564407094,0.9827910108783173,-0.9963102017688148,1.4210885025148083e-14,0.08582529843457336,-0.0846556035224079,0.164180564407094,-0.9827910108783173,1,0
179,0.2900610804700372,0.23500000000000004,-0.29,0.8154394479780102,0.08061632157558975,-0.16379189145516626,0.983195415463864,-0.9966549334022121,0.0,0.08172480483324673,-0.08061632157558975,0.16379189145516626,-0.983195415463864,1,0
180,0.29173306351264344,0.23333333333333336,-0.29,0.8155726752912194,0.07660493224071083,-0.1634238554468496,0.9835773115659405,-0.9969804148933916,0.0,0.07765341150909398,-0.07660493224071083,0.1634238554468496,-0.9835773115659405,1,0
181,0.2934045166615775,0.2316666666666667,-0.29,0.8156990788168971,0.0726198101314146,-0.16307606485650983,0.9839372745492432,-0.997287147293397,0.0,0.07360941409492662,-0.0726198101314146,0.16307606485650983,-0.9839372745492432,1,0
182,0.29507547126059613,0.23000000000000004,-0.29,0.8158187094743549,0.06865937743558416,-0.16274815392138448,0.9842758395314493,-0.9975755964032725,-1.421088335820252e-14,0.06959115935702745,-0.06865937743558416,0.16274815392138448,-0.9842758395314493,1,0
183,0.2967459578462957,0.22833333333333336,-0.29,0.8159316149889432,0.06472210044871879,-0.16243978151835287,0.9845935034793678,-0.9978461946385303,0.0,0.06559704143789108,-0.06472210044871879,0.16243978151835287,-0.9845935034793678,1,0
184,0.2984160062076259,0.22666666666666668,-0.29,0.8160378399926086,0.06080648629968452,-0.16215063013249195,0.9848907271223148,-0.998099342729901,1.421088268677695e-14,0.06162549831149138,-0.06080648629968452,0.16215063013249195,-0.9848907271223148,1,0
185,0.30008564544226934,0.22500000000000003,-0.29,0.8161374261165576,0.05691107985154171,-0.16188040491105177,0.9851679366970717,-0.9983354112733279,-1.4210882387651997e-14,0.057675008432729144,-0.05691107985154171,0.16188040491105177,-0.9851679366970717,1,0
186,0.30175490401017424,0.22333333333333336,-0.29,0.8162304120764978,0.05303446076155253,-0.16162883279711232,0.9854255255372547,-0.9985547421409103,-1.421088211167833e-14,0.05374408756226187,-0.05303446076155253,0.16162883279711232,-0.9854255255372547,1,0
187,0.3034238097845008,0.22166666666666668,-0.29,0.8163168337508783,0.04917524068572715,-0.1613956617377711,0.9856638555185676,-0.9987576497631289,0.0,0.04983128575133542,-0.04917524068572715,0.1613956617377711,-0.9856638555185676,1,0
188,0.3050923901002271,0.22000000000000003,-0.29,0.8163967242525133,0.04533206061437304,-0.16118065996221503,0.9858832583701781,-0.9989444222916221,-1.421088162595697e-14,0.04593518447178967,-0.04533206061437304,0.16118065996221503,-0.9858832583701781,1,0
189,0.3067606718006373,0.21833333333333338,-0.29,0.8164701139939345,0.04150358832610952,-0.16098361532551533,0.9860840368613535,-0.9991153226508918,1.4210881414782745e-14,0.0420543938751281,-0.04150358832610952,0.16098361532551533,-0.9860840368613535,1,0
190,0.30842868128190204,0.2166666666666667,-0.29,0.816537030746779,0.03768851594869215,-0.16080433471441952,0.9862664658714896,-0.9992705894861093,-1.4210881223899295e-14,0.038187550171278256,-0.03768851594869215,0.16080433471441952,-0.9862664658714896,1,0
191,0.31009644453594515,0.21500000000000002,-0.29,0.8165974996954929,0.03388555761577111,-0.16064264351180357,0.9864307933507589,-0.9994104380137445,1.4210881052761642e-14,0.0343333131109625,-0.03388555761577111,0.16064264351180357,-0.9864307933507589,1,0
192,0.31176398719177933,0.21333333333333337,-0.29,0.8166515434855963,0.03009344720940557,-0.1604983851168293,0.9865772411777726,-0.999535060780635,0.0,0.03049036356379375,-0.03009344720940557,0.1604983851168293,-0.9865772411777726,1,0
193,0.31343133455548183,0.2116666666666667,-0.29,0.8166991822667304,0.026310936178762845,-0.16037142051817319,0.986706005919889,-0.9996446283366625,1.4210880767846654e-14,0.026657401179709383,-0.026310936178762845,0.16037142051817319,-0.986706005919889,1,0
194,0.31509851164897124,0.21000000000000002,-0.29,0.8167404337306801,0.022536791425972397,-0.16026162791802573,0.9868172595011128,-0.9997392898254714,1.4210880653275187e-14,0.022833142124160127,-0.022536791425972397,0.16026162791802573,-0.9868172595011128,1,0
195,0.31676554324773865,0.20833333333333337,-0.29,0.816775313144541,0.018769793250567563,-0.16016890240484263,0.9869111497818631,-0.9998191734970933,0.0,0.01901631687759933,-0.018769793250567563,0.16016890240484263,-0.9869111497818631,1,0
196,0.3184324539176792,0.2066666666666667,-0.29,0.8168038333791794,0.01500873334435427,-0.16009315567311178,0.9869878010543103,-0.9998843871457959,0.0,0.015205668090429636,-0.01500873334435427,0.16009315567311178,-0.9869878010543103,1,0
197,0.320099268051163,0.20500000000000002,-0.29,0.8168260049331066,0.011252412828890166,-0.16003431578865993,0.987047314456396,-0.9999350184759748,0.0,0.01139994848462188,-0.011252412828890166,0.16003431578865993,-0.987047314456396,1,0
198,0.3217660099024804,0.20333333333333337,-0.29,0.816841835951875,0.0074996403280439,-0.15999232699826876,0.9870897683071327,-0.9999711353984166,2.842176074820685e-14,0.007597918794075175,-0.0074996403280439,0.15999232699826876,-0.9870897683071327,1,0
199,0.3234327036227915,0.2016666666666667,-0.29,0.8168513322430769,0.0037492300683424603,-0.15996714958261052,0.9871152183652674,-0.9999927862588189,0.0,0.003798345735193057,-0.0037492300683424603,0.15996714958261052,-0.9871152183652674,1,0
200,0.3250993732947064,0.2,-0.29,0.8168544972870135,0.0,-0.15995875975174106,0.987123698012911,-1.0,0.0,2.842176067897937e-14,-0.0,0.15995875975174106,-0.987123698012911,1,0
201,0.32676604296662126,0.19833333333333336,-0.29,0.8168513322430769,-0.0037492300683423982,-0.15996714958261052,0.9871152183652674,-0.9999927862588192,-2.842176069627466e-14,-0.003798345735136187,0.0037492300683423982,0.15996714958261052,-0.9871152183652674,1,0
202,0.32843273668693235,0.19666666666666668,-0.29,0.816841835951875,-0.007499640328043838,-0.15999232699826876,0.9870897683071327,-0.9999711353984161,1.421088037410352e-14,-0.00759791879416049,0.007499640328043838,0.15999232699826876,-0.9870897683071327,1,0
203,0.3300994785382498,0.195,-0.29,0.8168260049331066,-0.011252412828890166,-0.16003431578865993,0.987047314456396,-0.9999350184759748,0.0,-0.011399948484622285,0.011252412828890166,0.16003431578865993,-0.987047314456396,1,0
204,0.3317662926717336,0.19333333333333336,-0.29,0.8168038333791794,-0.01500873334435421,-0.16009315567311178,0.9869878010543103,-0.999884387145795,1.4210880478320783e-14,-0.015205668090486468,0.01500873334435421,0.16009315567311178,-0.9869878010543103,1,0
205,0.3334332033416741,0.1916666666666667,-0.29,0.816775313144541,-0.018769793250567438,-0.16016890240484263,0.9869111497818631,-0.9998191734970927,0.0,-0.019016316877627608,0.018769793250567438,0.16016890240484263,-0.9869111497818631,1,0
206,0.3351002349404415,0.19000000000000003,-0.29,0.8167404337306801,-0.022536791425972334,-0.16026162791802573,0.9868172595011128,-0.9997392898254714,-1.4210880653275288e-14,-0.02283314212416029,0.022536791425972334,0.16026162791802573,-0.9868172595011128,1,0
207,0.3367674120339309,0.18833333333333335,-0.29,0.8166991822667304,-0.026310936178762782,-0.16037142051817319,0.986706005919889,-0.9996446283366623,-1.4210880767846957e-14,-0.026657401179709952,0.026310936178762782,0.16037142051817319,-0.986706005919889,1,0
208,0.3384347593976334,0.1866666666666667,-0.29,0.8166515434855963,-0.03009344720940545,-0.1604983851168293,0.9865772411777726,-0.999535060780635,0.0,-0.03049036356379397,0.03009344720940545,0.1604983851168293,-0.9865772411777726,1,0
209,0.3401023020534676,0.18500000000000003,-0.29,0.8165974996954929,-0.03388555761577105,-0.16064264351180357,0.9864307933507589,-0.9994104380137445,-1.421088105276144e-14,-0.034333313110962015,0.03388555761577105,0.16064264351180357,-0.9864307933507589,1,0
210,0.3417700653075107,0.18333333333333335,-0.29,0.816537030746779,-0.03768851594869208,-0.16080433471441952,0.9862664658714896,-0.9992705894861091,1.4210881223899392e-14,-0.03818755017127853,0.03768851594869208,0.16080433471441952,-0.9862664658714896,1,0
211,0.3434380747887754,0.1816666666666667,-0.29,0.8164701139939345,-0.0415035883261094,-0.16098361532551533,0.9860840368613535,-0.9991153226508916,-1.4210881414782947e-14,-0.042054393875128694,0.0415035883261094,0.16098361532551533,-0.9860840368613535,1,0
212,0.34510635648918564,0.18000000000000002,-0.29,0.8163967242525133,-0.045332060614372977,-0.16118065996221503,0.9858832583701781,-0.9989444222916222,1.4210881625956565e-14,-0.04593518447178836,0.045332060614372977,0.16118065996221503,-0.9858832583701781,1,0
213,0.34677493680491195,0.17833333333333334,-0.29,0.8163168337508783,-0.04917524068572715,-0.1613956617377711,0.9856638555185676,-0.9987576497631289,0.0,-0.049831285751335774,0.04917524068572715,0.1613956617377711,-0.9856638555185676,1,0
214,0.3484438425792385,0.1766666666666667,-0.29,0.8162304120764978,-0.053034460761552465,-0.16162883279711232,0.9854255255372547,-0.9985547421409103,1.421088211167823e-14,-0.05374408756226149,0.053034460761552465,0.16162883279711232,-0.9854255255372547,1,0
215,0.3501131011471434,0.17500000000000002,-0.29,0.8161374261165576,-0.05691107985154165,-0.16188040491105177,0.9851679366970717,-0.9983354112733295,1.421088238765202e-14,-0.05767500843270081,0.05691107985154165,0.16188040491105177,-0.9851679366970717,1,0
216,0.3517827403817869,0.17333333333333334,-0.29,0.8160378399926086,-0.06080648629968452,-0.16215063013249195,0.9848907271223148,-0.9980993427298958,1.421088268677657e-14,-0.06162549831157501,0.06080648629968452,0.16215063013249195,-0.9848907271223148,1,0
217,0.35345278874311703,0.1716666666666667,-0.29,0.8159316149889432,-0.06472210044871873,-0.16243978151835287,0.9845935034793678,-0.9978461946385322,-1.4210883009961447e-14,-0.06559704143786232,0.06472210044871873,0.16243978151835287,-0.9845935034793678,1,0
218,0.3551232753288166,0.17,-0.29,0.815818709474355,-0.06865937743558397,-0.16274815392138414,0.9842758395314493,-0.9975755964032725,1.4210883358202418e-14,-0.06959115935702695,0.06865937743558397,0.16274815392138414,-0.9842758395314493,1,0
219,0.3567942299278352,0.16833333333333336,-0.29,0.8156990788168971,-0.07261981013141453,-0.16307606485650983,0.9839372745492432,-0.9972871472933948,0.0,-0.07360941409495489,0.07261981013141453,0.16307606485650983,-0.9839372745492432,1,0
220,0.3584656830767693,0.16666666666666669,-0.29,0.8155726752912194,-0.07660493224071077,-0.1634238554468496,0.9835773115659405,-0.9969804148933915,0.0,-0.07765341150909617,0.07660493224071077,0.1634238554468496,-0.9835773115659405,1,0
221,0.36013766611937553,0.165,-0.29,0.8154394479780102,-0.08061632157558968,-0.16379189145516626,0.983195415463864,-0.9966549334022121,0.0,-0.08172480483324616,0.08061632157558968,0.16379189145516626,-0.983195415463864,1,0
222,0.3618102112695302,0.16333333333333336,-0.29,0.8152993426550266,-0.08465560352240785,-0.164180564407094,0.9827910108783173,-0.9963102017688148,-1.4210885025148083e-14,-0.08582529843457336,0.08465560352240785,0.164180564407094,-0.9827910108783173,1,0
223,0.3634833516779742,0.16166666666666668,-0.29,0.8151523016791381,-0.08872445471962437,-0.16459029281321616,0.9823634799026099,-0.9959456816492772,0.0,-0.08995665180605947,0.08872445471962437,0.16459029281321616,-0.9823634799026099,1,0
224,0.36515712150321555,0.16000000000000003,-0.29,0.8149982638587471,-0.09282460696753503,-0.16502152349784005,0.9819121595762904,-0.9955607951692272,-1.42108860426162e-14,-0.0941206838161305,0.09282460696753503,0.16502152349784005,-0.9819121595762904,1,0
225,0.3668315559870004,0.15833333333333335,-0.29,0.8148371643158859,-0.09695785139248118,-0.16547473304316784,0.9814363391364953,-0.99515492247333,-1.421088660318326e-14,-0.09831927724053173,0.09695785139248118,0.16547473304316784,-0.9814363391364953,1,0
226,0.36850669153480003,0.15666666666666668,-0.29,0.8146689343372137,-0.10112604289035652,-0.16595042935853369,0.9809352570098886,-0.9947273990411623,0.0,-0.10255438360598884,0.10112604289035652,0.16595042935853369,-0.9809352570098886,1,0
227,0.37018256580181136,0.15500000000000003,-0.29,0.8144935012130521,-0.10533110487672855,-0.16644915338544755,0.980408097519964,-0.9942775127465443,1.421088783809773e-14,-0.10682802837526047,0.10533110487672855,0.16644915338544755,-0.980408097519964,1,0
228,0.37185921778501874,0.15333333333333335,-0.29,0.8143107880635104,-0.10957503437369165,-0.16697148095038722,0.9798539872813902,-0.9938045006344002,1.421088851705905e-14,-0.11114231650820691,0.10957503437369165,0.16697148095038722,-0.9798539872813902,1,0
229,0.37353668792192257,0.15166666666666667,-0.29,0.8141207136506445,-0.11385990746671955,-0.16751802477862177,0.979271991249591,-0.9933075453860293,0.0,-0.1154994384366501,0.11385990746671955,0.16751802477862177,-0.979271991249591,1,0
230,0.375215018196609,0.15000000000000002,-0.29,0.8139231921754794,-0.11818788516834686,-0.16808943668387105,0.9786611083897901,-0.9927857714400576,0.0,-0.119901676494408,0.11818788516834686,0.16808943668387105,-0.9786611083897901,1,0
231,0.3768942522539083,0.14833333333333334,-0.29,0.8137181330585982,-0.12256121972950966,-0.1686864099502928,0.9780202669252294,-0.9922382407320054,0.0,-0.1243514118498654,0.12256121972950966,0.1686864099502928,-0.9780202669252294,1,0
232,0.37857443552247494,0.14666666666666667,-0.29,0.8135054407028508,-0.12698226144391977,-0.16930968192522625,0.9773483191191187,-0.9916639480107595,1.421089170745038e-14,-0.1288511319923639,0.12698226144391977,0.16930968192522625,-0.9773483191191187,1,0
233,0.3802556153477203,0.14500000000000002,-0.29,0.8132850142365764,-0.13145346599596486,-0.16996003684326766,0.9766440355389894,-0.9910618156847872,0.0,-0.1334034388296378,0.13145346599596486,0.16996003684326766,-0.9766440355389894,1,0
234,0.3819378411356386,0.14333333333333334,-0.29,0.8130567472355456,-0.13597740240845263,-0.17063830890472478,0.9759060987453584,-0.9904306881443237,-1.4210893634919364e-14,-0.13801105746265926,0.13597740240845263,0.17063830890472478,-0.9759060987453584,1,0
235,0.3836211645086922,0.1416666666666667,-0.29,0.8128205274216204,-0.14055676165311498,-0.17134538563427346,0.9751330963388698,-0.9897693254990363,0.0,-0.1426768457079937,0.14055676165311498,0.17134538563427346,-0.9751330963388698,1,0
236,0.3853056394750669,0.14,-0.29,0.8125762363358945,-0.14519436599430086,-0.17208221154880093,0.9743235132911382,-0.9890763966618108,1.4210895828581226e-14,-0.14740380445052403,0.14519436599430086,0.17208221154880093,-0.9743235132911382,1,0
237,0.3869913226127723,0.13833333333333334,-0.29,0.8123237489838024,-0.14989317914485353,-0.1728497921670382,0.9734757234742222,-0.9883504716999583,0.0,-0.1521950889170539,0.14989317914485353,0.1728497921670382,-0.9734757234742222,1,0
238,0.38867827327025223,0.1366666666666667,-0.29,0.8120629334493836,-0.15465631732293936,-0.17364919839768625,0.9725879802917304,-0.9875900133638306,1.4210898330870367e-14,-0.15705402097376953,0.15465631732293936,0.17364919839768625,-0.9725879802917304,1,0
239,0.3903665537853869,0.135,-0.29,0.8117936504755334,-0.15948706130978618,-0.17448157134745831,0.9716584063007382,-0.9867933676898745,1.4210899713495084e-14,-0.1619841025634189,0.15948706130978618,0.17448157134745831,-0.9716584063007382,1,0
240,0.3920562297250206,0.13333333333333336,-0.29,0.8115157530066727,-0.16438886962111643,-0.17534812759585747,0.970684981697625,-0.9859587535599634,0.0,-0.16698903041362692,0.16438886962111643,0.17534812759585747,-0.970684981697625,1,0
241,0.3937473701474392,0.13166666666666668,-0.29,0.8112290856898045,-0.16936539291980546,-0.17625016498971616,0.9696655315221934,-0.9850842510810427,-2.8421805558642235e-14,-0.17207271216582015,0.16936539291980546,0.17625016498971616,-0.9696655315221934,1,0
242,0.395440047890559,0.13,-0.29,0.8109334843293963,-0.17442048981427316,-0.17718906901767426,0.9685977114125343,-0.9841677886286913,1.421090448010844e-14,-0.1772392840927536,0.17442048981427316,0.17718906901767426,-0.9685977114125343,1,0
243,0.39713433988897934,0.12833333333333335,-0.29,0.8106287752909128,-0.17955824420672026,-0.1781663198330247,0.9674789917174202,-0.9832071283735723,0.0,-0.182493130597822,0.17955824420672026,0.1781663198330247,-0.9674789917174202,1,0
244,0.3988303275235112,0.12666666666666668,-0.29,0.8103147748471119,-0.18478298437801738,-0.17918350000292588,0.9663066397428173,-0.9821998500808963,-1.421090826915404e-14,-0.1878389057172791,0.18478298437801738,0.17918350000292588,-0.9663066397428173,1,0
245,0.40052809700732506,0.125,-0.29,0.8099912884603941,-0.19009930402237094,-0.1802423030730627,0.9650776998735017,-0.9811433329396285,1.421091038181019e-14,-0.19328155687524115,0.19009930402237094,0.1802423030730627,-0.9650776998735017,1,0
246,0.40222773981349286,0.12333333333333335,-0.29,0.8096581099935325,-0.19551208547553284,-0.18134454304976952,0.9637889712686477,-0.9800347351373034,1.4210912658628436e-14,-0.19882635118201877,0.19551208547553284,0.18134454304976952,-0.9637889712686477,1,0
247,0.40392935314943534,0.12166666666666667,-0.29,0.8093150208399885,-0.20102652541603533,-0.18249216491668446,0.9624369827802639,-0.978870970848967,1.4210915115845656e-14,-0.2044789046068096,0.20102652541603533,0.18249216491668446,-0.9624369827802639,1,0
248,0.40563304048465976,0.12,-0.29,0.8089617889637,-0.2066481633607535,-0.18368725632066965,0.9610179646838095,-0.9776486842509674,0.0,-0.21024521441010804,0.2066481633607535,0.18368725632066965,-0.9610179646838095,1,0
249,0.40733891213920864,0.11833333333333335,-0.29,0.8085981678366796,-0.21238291332513112,-0.184932060582427,0.9595278167391852,-0.976364220102596,-1.421092064702912e-14,-0.21613169527732268,0.21238291332513112,0.184932060582427,-0.9595278167391852,1,0
250,0.4090470859414714,0.11666666666666667,-0.29,0.8082238952609292,-0.21823709907615374,-0.1862289912116511,0.9579620720149185,-0.9750135903553874,-1.421092376507516e-14,-0.22214521967014497,0.21823709907615374,0.1862289912116511,-0.9579620720149185,1,0
251,0.41075768796548195,0.11500000000000002,-0.29,0.8078386920590066,-0.2242174934743073,-0.18758064813536812,0.956315855805609,-0.9735924361509336,1.4210927152493137e-14,-0.22829316299374863,0.2242174934743073,0.18758064813536812,-0.956315855805609,1,0
252,0.41247085335959294,0.11333333333333334,-0.29,0.8074422606149945,-0.2303313624815437,-0.18898983588229218,0.9545838388484168,-0.9720959844470576,1.4210930839591446e-14,-0.23458345427993393,0.2303313624815437,0.18898983588229218,-0.9545838388484168,1,0
253,0.4141867272805392,0.11166666666666666,-0.29,0.8070342832445367,-0.23658651450825838,-0.19045958400664814,0.9527601838935379,-0.9705189983654393,-1.421093486101372e-14,-0.24102463320528944,0.23658651450825838,0.19045958400664814,-0.9527601838935379,1,0
254,0.4159054659494828,0.11000000000000001,-0.29,0.8066144203688924,-0.24299135588688064,-0.19199317008346117,0.9508384844996327,-0.9688557201737512,0.0,-0.2476259144084117,0.24299135588688064,0.19199317008346117,-0.9508384844996327,1,0
255,0.4176272378497557,0.10833333333333334,-0.29,0.8061823084634888,-0.24955495339684675,-0.1935941456654325,0.948811694699833,-0.9670998055950137,1.4210944071753047e-14,-0.2543972602409209,0.24955495339684675,0.1935941456654325,-0.948811694699833,1,0
256,0.41935222508984127,0.10666666666666669,-0.29,0.8057375577460298,-0.25628710493071294,-0.1952663656614955,0.9466720479065518,-0.965244247862958,0.0,-0.26134946330052483,0.25628710493071294,0.1952663656614955,-0.9466720479065518,1,0
257,0.4210806249598326,0.10500000000000001,-0.29,0.8052797495626076,-0.2631984195903465,-0.1970140216816628,0.9444109630801419,-0.9632812896044932,1.4210955181332703e-14,-0.26849424034400515,0.2631984195903465,0.1970140216816628,-0.9444109630801419,1,0
258,0.42281265171540244,0.10333333333333333,-0.29,0.8048084334221755,-0.27030040874362243,-0.19884167999530833,0.9420189357596132,-0.9612023202066988,0.0,-0.27584433949105963,0.27030040874362243,0.19884167999530833,-0.9420189357596132,1,0
259,0.42454853863052505,0.10166666666666668,-0.29,0.8043231236197644,-0.27760558986625766,-0.2007543248750337,0.9394854110197649,-0.9589977557946368,0.0,-0.2834136630101842,0.27760558986625766,0.2007543248750337,-0.9394854110197649,1,0
260,0.42628854036919356,0.1,-0.29,0.8038232953764732,-0.2851276053533879,-0.20275740825129795,0.9367986347474356,-0.49848849205110873,0.8661842836287234,0.035128479716706934,0.2851276053533879,0.20275740825129795,-0.9367986347474356,1,0
261,0.42731100366348096,0.1,-0.289,0.8040364413080906,-0.28404562756270235,-0.19693830177680688,0.9383674049943221,-7.105461890981594e-15,0.9786758161291003,0.20541092211476833,0.28404562756270235,0.19693830177680688,-0.9383674049943221,1,1
262,0.4283321296764761,0.1,-0.288,0.8042430770610846,-0.2830028078142315,-0.1911841190567252,0.9398712908636825,-7.105460985784855e-15,0.9799293924149364,0.19934489178630546,0.2830028078142315,0.1911841190567252,-0.9398712908636825,1,1
263,0.4293519782968102,0.1,-0.287,0.804443304952242,-0.28199803749107577,-0.18549204243857417,0.9413128114729705,1.421092026879608e-14,0.9811298436780524,0.19335001899219104,0.28199803749107577,0.18549204243857417,-0.9413128114729705,1,1
264,0.4303706067159394,0.1,-0.286,0.8046372220898489,-0.2810302679023511,-0.17985937145750455,0.9426943274580813,-7.105459333215993e-15,0.9822792780094483,0.18742310421406713,0.2810302679023511,0.17985937145750455,-0.9426943274580813,1,1
265,0.4313880696160708,0.1,-0.285,0.8048249206597522,-0.28009850682704135,-0.17428351535904785,0.9440180521300185,7.105458578947861e-15,0.9833796681093295,0.18156108710069124,0.28009850682704135,0.17428351535904785,-0.9440180521300185,1,1
266,0.4324044193431346,0.1,-0.284,0.8050064881890703,-0.2792018153193974,-0.16876198614861343,0.9452860616519891,0.0,0.9844328609858042,0.17576103723892975,0.2792018153193974,0.16876198614861343,-0.9452860616519891,1,1
267,0.4334197060662601,0.1,-0.283,0.8051820077895567,-0.27833930475382324,-0.16329239212224284,0.946500304333894,1.421091439874446e-14,0.985440586787519,0.17002014560595544,0.27833930475382324,0.16329239212224284,-0.946500304333894,1,1
268,0.43443397792505156,0.1,-0.282,0.8053515583824081,-0.2775101340893698,-0.15787243183750804,0.9476626091301753,0.0,0.9864044668582429,0.16433571663550686,0.2775101340893698,0.15787243183750804,-0.9476626091301753,1,1
269,0.43544728116582043,0.1,-0.28099999999999997,0.8055152149061175,-0.2767135073358835,-0.1524998884873312,0.9487746934173706,0.0,0.9873260210894974,0.15870516084734376,0.2767135073358835,0.1524998884873312,-0.9487746934173706,1,1
270,0.43645966026780686,0.1,-0.27999999999999997,0.8056730485088098,-0.275948671205581,-0.1471726246429764,0.9498381701192955,0.0,0.9882066746395831,0.15312598798955412,0.275948671205581,0.1471726246429764,-0.9498381701192955,1,1
271,0.4374711580603151,0.1,-0.27899999999999997,0.8058251267263462,-0.275214912935373,-0.14188857733556992,0.9508545542403755,7.105454886595182e-15,0.9890477640798424,0.14759580064712008,0.275214912935373,0.14188857733556992,-0.9508545542403755,1,1
272,0.43848181583159235,0.1,-0.27799999999999997,0.805971513647357,-0.27451155826663515,-0.13664575344828048,0.9518252688611369,0.0,0.9898505430214004,0.14211228828021372,0.27451155826663515,0.13664575344828048,-0.9518252688611369,1,1
273,0.43949167343019657,0.1,-0.27699999999999997,0.8061122700662466,-0.2738379695703568,-0.1314422253937711,0.9527516506441316,7.105453920588868e-15,0.9906161872707658,0.13667322165344276,0.2738379695703568,0.1314422253937711,-0.9527516506441316,1,1
274,0.4405007693595248,0.1,-0.27599999999999997,0.8062474536251095,-0.27319354410673463,-0.1262761270537794,0.9536349548934852,-7.105453479253762e-15,0.9913457995573957,0.13127644762069066,0.27319354410673463,0.1262761270537794,-0.9536349548934852,1,1
275,0.44150914086610726,0.1,-0.27499999999999997,0.8063771189454053,-0.2725777124092649,-0.12114564995967314,0.9544763602067788,7.105453063790689e-15,0.9920404138705198,0.12591988424235373,0.2725777124092649,0.12114564995967314,-0.9544763602067788,1,1
276,0.442516824022215,0.1,-0.27399999999999997,0.8065013177501631,-0.2719899367842849,-0.11604903969462806,0.9552769727539941,0.0,0.9927009994407484,0.1206015161983433,0.2719899367842849,0.11604903969462806,-0.9552769727539941,1,1
277,0.4435238538032765,0.1,-0.27299999999999996,0.8066200989774038,-0.27142970991776577,-0.1109845924997085,0.9560378302146999,7.105452305421919e-15,0.9933284643959851,0.11531939048015347,0.27142970991776577,0.1109845924997085,-0.9560378302146999,1,1
278,0.4445302641605537,0.1,-0.27199999999999996,0.8067335088854135,-0.27089655358184883,-0.10595065206756736,0.9567599054015243,1.4210903920464047e-14,0.9939236591198862,0.1100716123336816,0.27089655358184883,0.10595065206756736,-0.9567599054015243,1,1
279,0.44553608808948547,0.1,-0.27099999999999996,0.8068415911504331,-0.2703900174343298,-0.10094560650881626,0.9574441095951397,0.0,0.9944873793371536,0.10485634143493786,0.2703900174343298,0.10094560650881626,-0.9574441095951397,1,1
280,0.4465413576940721,0.1,-0.26999999999999996,0.8069443869572822,-0.26990967790487874,-0.09596788547729004,0.9580912956134725,0.4784666404192717,0.8500187299538452,0.22031303350811424,0.26990967790487874,0.09596788547729004,-0.9580912956134725,1,1
281,0.44827115550121177,0.10166666666666667,-0.26999999999999996,0.807407444918889,-0.2630579392498696,-0.09511699498300351,0.9600798289012301,0.9644443126146242,0.0,0.2642861476984846,0.2630579392498696,0.09511699498300351,-0.9600798289012301,2,0
282,0.44999760740927036,0.10333333333333333,-0.26999999999999996,0.8078578429795658,-0.25638381235484353,-0.09430209190063193,0.9619638539080152,0.9662623608367847,1.4210938570485342e-14,0.2575597989402134,0.25638381235484353,0.09430209190063193,-0.9619638539080152,2,0
283,0.45172090034068907,0.10500000000000001,-0.26999999999999996,0.8082959762352083,-0.24987693152724946,-0.09352119074704057,0.9637506451213311,0.967986156137566,-1.421093416896412e-14,0.25100358867159606,0.24987693152724946,0.09352119074704057,-0.9637506451213311,2,0
284,0.4534412072600957,0.10666666666666667,-0.26999999999999996,0.8087222133982767,-0.24352771704903683,-0.09277246363772815,0.9654467986478958,0.9696221273573582,0.0,0.24460770662223857,0.24352771704903683,0.09277246363772815,-0.9654467986478958,2,0
285,0.45515868856234337,0.10833333333333334,-0.26999999999999996,0.8091368991175782,-0.23732729838662253,-0.09205422482875039,0.9670583090650144,0.9711761141828824,0.0,0.23836307440674803,0.23732729838662253,0.09205422482875039,-0.9670583090650144,2,0
286,0.45687349329298665,0.11000000000000001,-0.26999999999999996,0.8095403560377802,-0.23126744635566812,-0.09136491707878232,0.9685906360188061,0.9726534326945157,0.0,0.23226127500634994,0.23126744635566812,0.09136491707878232,-0.9685906360188061,2,0
287,0.45858576022495773,0.11166666666666668,-0.26999999999999996,0.809932886633459,-0.2253405130284945,-0.09070309958379638,0.9700487621320626,0.9740589323202047,0.0,0.22629449035984694,0.2253405130284945,0.09070309958379638,-0.9700487621320626,2,0
288,0.46029561881136327,0.11333333333333334,-0.26999999999999996,0.8103147748471119,-0.219539378357533,-0.09006743727488518,0.9714372435176256,0.9753970454835116,0.0,0.22045544597953684,0.219539378357533,0.09006743727488518,-0.9714372435176256,2,0
289,0.46200319003117407,0.115,-0.26999999999999996,0.8106862875561116,-0.21385740264219075,-0.08945669130130839,0.9727602539765686,0.9766718310164934,-1.421091435850414e-14,0.2147373616744195,0.21385740264219075,0.08945669130130839,-0.9727602539765686,2,0
290,0.4637085871419887,0.11666666666666667,-0.26999999999999996,0.8110476758898982,-0.20828838409480993,-0.08886971054711874,0.9740216237838072,0.9778870122329877,-1.4210911887478553e-14,0.20913390759520686,0.20828838409480993,0.08886971054711874,-0.9740216237838072,2,0
291,0.4654119163519086,0.11833333333333335,-0.26999999999999996,0.8113991764156284,-0.20282652086872988,-0.08830542405169177,0.9752248738190271,0.979046010412651,-1.4210909596329396e-14,0.20363916493413284,0.20282652086872988,0.08830542405169177,-0.9752248738190271,2,0
292,0.46711327742078224,0.12000000000000001,-0.26999999999999996,0.8117410122079338,-0.1974663770015304,-0.08776283422290225,0.9763732456817182,0.9801519743287002,-1.4210907468881578e-14,0.1982475907030175,0.1974663770015304,0.08776283422290225,-0.9763732456817182,2,0
293,0.4688127641995893,0.12166666666666667,-0.26999999999999996,0.8120733938162732,-0.19220285180247088,-0.08724101074722067,0.977469728330653,0.9812078063536251,1.421090549073478e-14,0.19295398609696224,0.19220285180247088,0.08724101074722067,-0.977469728330653,2,0
294,0.47051046511549316,0.12333333333333335,-0.26999999999999996,0.812396520141544,-0.1870311522772837,-0.08673908511410244,0.9785170817064972,0.982216185596322,0.0,0.1877534680175357,0.1870311522772837,0.08673908511410244,-0.9785170817064972,2,0
295,0.4722064636090421,0.125,-0.26999999999999996,0.812710579232071,-0.18194676823791908,-0.08625624568316148,0.9795178577281901,0.9831795884567951,0.0,0.18264144338546792,0.18194676823791908,0.08625624568316148,-0.9795178577281901,2,0
296,0.4739008385291179,0.12666666666666668,-0.26999999999999996,0.8130157490077764,-0.17694544979114646,-0.08579173323207086,0.980474418996868,0.9841003069276457,-1.4210900330214915e-14,0.1776135859243698,0.17694544979114646,0.08579173323207086,-0.980474418996868,2,0
297,0.4755936644904805,0.12833333333333335,-0.26999999999999996,0.8133121979202141,-0.17202318693943436,-0.08534483693119212,0.9813889554933805,0.9849804649248538,-1.4210898833532406e-14,0.17266581513553553,0.17202318693943436,0.08534483693119212,-0.9813889554933805,2,0
298,0.4772850121981244,0.13,-0.26999999999999996,0.8136000855551945,-0.16717619106135545,-0.08491489069783117,0.982263499515274,0.9858220328900918,-1.4210897433923972e-14,0.16779427722198026,0.16717619106135545,0.08491489069783117,-0.982263499515274,2,0
299,0.4789749487421175,0.13166666666666668,-0.26999999999999996,0.8138795631838973,-0.16240087806779868,-0.08450126988893576,0.9830999390651826,0.9866268408735736,0.0,0.16299532774847347,0.16240087806779868,0.08450126988893576,-0.9830999390651826,2,0
300,0.48066353786613114,0.13333333333333336,-0.26999999999999996,0.8141507742676666,-0.15769385305525527,-0.084103388296136,0.9839000298738166,0.9873965902776866,1.4210894896616658e-14,0.15826551585231186,0.15769385305525527,0.084103388296136,-0.9839000298738166,2,0
301,0.4823508402124723,0.135,-0.26999999999999996,0.8144138549210616,-0.15305189629900684,-0.0837206954114224,0.9846654062162975,0.9881328644179419,-1.4210893745995618e-14,0.1536015698396119,0.15305189629900684,0.0837206954114224,-0.9846654062162975,2,0
302,0.48403691354608575,0.1366666666666667,-0.26999999999999996,0.8146689343372137,-0.1484719504476902,-0.08335267393554524,0.9853975906597566,0.9888371380366081,-1.421089266645392e-14,0.14900038402490828,0.1484719504476902,0.08335267393554524,-0.9853975906597566,2,0
303,0.4857218129596985,0.13833333333333336,-0.26999999999999996,0.8149161351790709,-0.14395110879689785,-0.08299883750451757,0.9860980028623131,0.9895107858874109,-1.4210891652940592e-14,0.14445900668521258,0.14395110879689785,0.08299883750451757,-0.9860980028623131,2,0
304,0.4874055910620257,0.14,-0.26999999999999996,0.815155573939715,-0.13948660453351583,-0.08265872861245369,0.9867679675282752,0.9901550904941225,1.421089070086377e-14,0.1399746290174617,0.13948660453351583,0.08265872861245369,-0.9867679675282752,2,0
305,0.489088298150732,0.14166666666666666,-0.26999999999999996,0.8153873612745823,-0.13507580085475668,-0.08233191671147058,0.9874087216112999,0.990771249173354,-1.421088980604179e-14,0.13554457499830594,0.13507580085475668,0.08233191671147058,-0.9874087216112999,2,0
306,0.4907699823716534,0.14333333333333334,-0.26999999999999996,0.8156116023081116,-0.1307161818765366,-0.08201799647155225,0.9880214208459311,0.9913603804004248,1.4210888964664182e-14,0.13116629205830632,0.1307161818765366,0.08201799647155225,-0.9880214208459311,2,0
307,0.49245068986561347,0.14500000000000002,-0.26999999999999996,0.8158283969170751,-0.1264053442551936,-0.08171658618517552,0.9886071456781843,0.991923529587562,0.0,0.1268373424924733,0.1264053442551936,0.08171658618517552,-0.9886071456781843,2,0
308,0.49413046490402385,0.14666666666666667,-0.26999999999999996,0.8160378399926086,-0.12214098945474901,-0.08142732630316586,0.9891669066573814,0.9924616743356726,-1.4210887428622156e-14,0.12255539553537967,0.12214098945474901,0.08142732630316586,-0.9891669066573814,2,0
309,0.49580935001432946,0.14833333333333334,-0.26999999999999996,0.8162400216827492,-0.1179209165991141,-0.08114987808971279,0.989701649344109,0.9929757292133276,0.0,0.11831822003926712,0.1179209165991141,0.08114987808971279,-0.989701649344109,2,0
310,0.49748738609624527,0.15000000000000002,-0.26999999999999996,0.8164350276171037,-0.11374301585498385,-0.08088392238576617,0.9902122587827856,0.9934665501105413,0.0,0.11412367769862374,0.11374301585498385,0.08088392238576617,-0.9902122587827856,2,0
311,0.4991646125296344,0.15166666666666667,-0.26999999999999996,0.8166229391151061,-0.10960526229674762,-0.08062915847117051,0.990699563581761,0.9939349382094109,0.0,0.10996971677081997,0.10960526229674762,0.08062915847117051,-0.990699563581761,2,0
312,0.5008410672747893,0.15333333333333335,-0.26999999999999996,0.8168038333791794,-0.1055057102096785,-0.08038530301689778,0.9911643396390091,0.9943816436088952,0.0,0.105854366247557,0.1055057102096785,0.08038530301689778,-0.9911643396390091,2,0
313,0.5025167869658,0.15500000000000003,-0.26999999999999996,0.8169777836739863,-0.10144248779203227,-0.08015208911963032,0.9916073135472137,0.9948073686367807,1.421088431353832e-14,0.10177573043689978,0.10144248779203227,0.08015208911963032,-0.9916073135472137,2,0
314,0.5041918069976273,0.15666666666666668,-0.26999999999999996,0.8171448594928377,-0.09741379222055233,-0.0799292654117351,0.992029165708323,0.9952127708783357,0.0,0.09773198391859789,0.09741379222055233,0.0799292654117351,-0.992029165708323,2,0
315,0.5058661616074361,0.15833333333333335,-0.26999999999999996,0.8173051267122253,-0.09341788504731009,-0.07971659524037115,0.9924305331843486,0.9955984659478381,0.0,0.09372136683975284,0.09341788504731009,0.07971659524037115,-0.9924305331843486,2,0
316,0.5075398839506942,0.16000000000000003,-0.26999999999999996,0.8174586477353565,-0.08945308789885621,-0.07951385591009431,0.9928120123083063,0.9959650300262596,1.421088285289405e-14,0.0897421805217133,0.08945308789885621,0.07951385591009431,-0.9928120123083063,2,0
317,0.5092130061724898,0.16166666666666668,-0.26999999999999996,0.8176054816254791,-0.085517778451377,-0.07932083798388578,0.9931741610766339,0.9963130021861377,-1.4210882423566723e-14,0.08579278334944754,0.085517778451377,0.07932083798388578,-0.9931741610766339,2,0
318,0.5108855594744844,0.16333333333333336,-0.26999999999999996,0.8177456842297179,-0.08161038665796323,-0.07913734463802485,0.9935175013421658,0.9966428865221357,1.4210882020664116e-14,0.08187158692016015,0.08161038665796323,0.07913734463802485,-0.9935175013421658,2,0
319,0.5125575741778746,0.16500000000000004,-0.26999999999999996,0.817879308294074,-0.07772939120625466,-0.07896319106667132,0.9938425208247399,0.9969551541039717,0.0,0.07797705242907114,0.07772939120625466,0.07896319106667132,-0.9938425208247399,2,0
320,0.5142290797827068,0.16666666666666669,-0.26999999999999996,0.8180064035701767,-0.07387331618665072,-0.07879820393242731,0.9941496749547378,0.9972502447668523,-1.421088128925413e-14,0.07410768726962773,0.07387331618665072,0.07879820393242731,-0.9941496749547378,2,0
321,0.5159001050238582,0.16833333333333333,-0.26999999999999996,0.8181270169143279,-0.07004072795299619,-0.07864222085950434,0.9944393885632745,0.9975285687525844,0.0,0.07026204183213305,0.07004072795299619,0.07864222085950434,-0.9944393885632745,2,0
322,0.517570677923969,0.17,-0.26999999999999996,0.8182411923793244,-0.06623023215918782,-0.07849508996644468,0.9947120574313454,0.9977905082134512,0.0,0.06643870648306442,0.06623023215918782,0.07849508996644468,-0.9947120574313454,2,0
323,0.5192408258435895,0.1716666666666667,-0.26999999999999996,0.8183489712995038,-0.06244047095652666,-0.0783566694356412,0.9949680497089748,0.9980364185897389,-1.4210880362311236e-14,0.06263630870802891,0.06244047095652666,0.0783566694356412,-0.9949680497089748,2,0
324,0.5209105755287818,0.17333333333333334,-0.26999999999999996,0.8184503923694153,-0.05867012033787114,-0.07822682711716138,0.9952077072142888,0.9982666298704372,-1.4210880095072497e-14,0.05885351040608902,0.05867012033787114,0.07822682711716138,-0.9952077072142888,2,0
325,0.5225799531563994,0.17500000000000002,-0.26999999999999996,0.8185454917164809,-0.054917887615750276,-0.0781054401646225,0.9954313466214104,0.9984814477459001,1.4210879847405078e-14,0.05508900532094811,0.054917887615750276,0.0781054401646225,-0.9954313466214104,2,0
326,0.524248984377249,0.1766666666666667,-0.26999999999999996,0.8186343029679805,-0.05118250902258387,-0.0779923947010801,0.9956392605451757,0.9986811546602352,0.0,0.05134151659718801,0.05118250902258387,0.0779923947010801,-0.9956392605451757,2,0
327,0.5259176943573244,0.17833333333333334,-0.26999999999999996,0.8187168573126594,-0.04746274742204125,-0.07788758551309319,0.9958317185298388,0.9988660107703952,-1.4210879408120335e-14,0.04760979445068986,0.04746274742204125,0.07788758551309319,-0.9958317185298388,2,0
328,0.5275861078172882,0.18000000000000002,-0.26999999999999996,0.8187931835572335,-0.04375739012136045,-0.07779091577130737,0.9960089679481948,0.999036254818309,0.0,0.04389261394137538,0.04375739012136045,0.07779091577130737,-0.9960089679481948,2,0
329,0.5292542490703661,0.1816666666666667,-0.26999999999999996,0.8188633081780348,-0.04006524677515867,-0.07770229677606526,0.9961712348168712,0.9991921049215383,1.421087903971102e-14,0.04018877284100062,0.04006524677515867,0.07770229677606526,-0.9961712348168712,2,0
330,0.5309221420588054,0.18333333333333335,-0.26999999999999996,0.8189272553680212,-0.036385147371892794,-0.0776216477267045,0.9963187245329264,0.9993337592875693,-2.842175776167542e-14,0.03649708958498474,0.036385147371892794,0.0776216477267045,-0.9963187245329264,2,0
331,0.5325898103890426,0.18500000000000003,-0.26999999999999996,0.8189850470793508,-0.03271594029469142,-0.07754889551334256,0.996451622536335,0.9994613968562124,1.4210878738286745e-14,0.0328164012991779,0.03271594029469142,0.07754889551334256,-0.996451622536335,2,0
332,0.534257277365714,0.1866666666666667,-0.26999999999999996,0.8190367030616948,-0.029056490448780784,-0.0774839745300821,0.9965700949024217,0.9995751778739309,0.0,0.029145561897126797,0.029056490448780784,0.0774839745300821,-0.9965700949024217,2,0
333,0.5359245660246367,0.18833333333333335,-0.26999999999999996,0.8190822408964528,-0.02540567744816212,-0.07742682650868447,0.9966742888678298,0.9996752444037799,0.0,0.025483440235631767,0.02540567744816212,0.07742682650868447,-0.9966742888678298,2,0
334,0.5375916991648806,0.19000000000000003,-0.26999999999999996,0.8191216760270063,-0.021762393854590622,-0.07737740037187779,0.9967643332931851,0.9997617207738809,0.0,0.0218289183252036,0.021762393854590622,0.07737740037187779,-0.9967643332931851,2,0
335,0.5392586993800464,0.1916666666666667,-0.26999999999999996,0.8191550217851366,-0.018125543462242225,-0.07733565210556696,0.9968403390651912,0.9998347139671819,1.4210878324610024e-14,0.018180889586690778,0.018125543462242225,0.07733565210556696,-0.9968403390651912,2,0
336,0.5409255890888591,0.19333333333333336,-0.26999999999999996,0.8191822894137107,-0.014494039621746608,-0.07730154464931524,0.9969023994405235,0.9998943139547732,0.0,0.014538257148407745,0.014494039621746608,0.07730154464931524,-0.9969023994405235,2,0
337,0.5425923905651823,0.195,-0.26999999999999996,0.8192034880857286,-0.010866803597516102,-0.07727504780455874,0.9969505903335313,0.9999405939747298,-1.4210878208164922e-14,0.010899932177061903,0.010866803597516102,0.07727504780455874,-0.9969505903335313,2,0
338,0.5442591259675553,0.19666666666666668,-0.26999999999999996,0.8192186249198045,-0.007242762952510118,-0.07725613816010793,0.996984970549406,0.9999736107580883,1.4210878171933162e-14,0.007264832236958466,0.007242762952510118,0.07725613816010793,-0.996984970549406,2,0
339,0.5459258173683526,0.19833333333333336,-0.26999999999999996,0.8192277049921466,-0.0036208499547455654,-0.07724479903457271,0.9970055819641702,0.9999934047032777,0.0,0.003631879671295659,0.0036208499547455654,0.07724479903457271,-0.9970055819641702,2,0
340,0.5475924867826606,0.2,-0.26999999999999996,0.8192307313450798,0.0,-0.07724102043543558,0.997012449652507,1.0,0.0,0.0,-0.0,0.07724102043543558,-0.997012449652507,2,0
341,0.5492591561969686,0.2016666666666667,-0.26999999999999996,0.8192277049921466,0.0036208499547456256,-0.07724479903457271,0.9970055819641702,0.9999934047032777,0.0,-0.0036318796712956074,-0.0036208499547456256,0.07724479903457271,-0.9970055819641702,2,0
342,0.5509258475977659,0.20333333333333337,-0.26999999999999996,0.8192186249198045,0.007242762952510178,-0.07725613816010793,0.996984970549406,0.9999736107580883,-1.421087817193306e-14,-0.007264832236958414,-0.007242762952510178,0.07725613816010793,-0.996984970549406,2,0
343,0.5525925830001389,0.20500000000000002,-0.26999999999999996,0.8192034880857286,0.010866803597516102,-0.07727504780455874,0.9969505903335313,0.9999405939747298,1.4210878208165023e-14,-0.01089993217706198,-0.010866803597516102,0.07727504780455874,-0.9969505903335313,2,0
344,0.5542593844764621,0.2066666666666667,-0.26999999999999996,0.8191822894137107,0.014494039621746667,-0.07730154464931524,0.9969023994405235,0.9998943139547729,0.0,-0.014538257148436574,-0.014494039621746667,0.07730154464931524,-0.9969023994405235,2,0
345,0.5559262741852748,0.20833333333333337,-0.26999999999999996,0.8191550217851366,0.018125543462242343,-0.07733565210556696,0.9968403390651912,0.9998347139671814,1.421087832461042e-14,-0.018180889586719706,-0.018125543462242343,0.07733565210556696,-0.9968403390651912,2,0
346,0.5575932744004407,0.21000000000000002,-0.26999999999999996,0.8191216760270063,0.021762393854590684,-0.07737740037187779,0.9967643332931851,0.9997617207738809,0.0,-0.021828918325203756,-0.021762393854590684,0.07737740037187779,-0.9967643332931851,2,0
347,0.5592604075406846,0.2116666666666667,-0.26999999999999996,0.8190822408964528,0.02540567744816218,-0.07742682650868447,0.9966742888678298,0.9996752444037784,1.4210878500726815e-14,-0.02548344023568948,-0.02540567744816218,0.07742682650868447,-0.9966742888678298,2,0
348,0.5609276961996074,0.21333333333333337,-0.26999999999999996,0.8190367030616948,0.029056490448780902,-0.0774839745300821,0.9965700949024217,0.9995751778739309,-1.4210878611690795e-14,-0.029145561897127626,-0.029056490448780902,0.0774839745300821,-0.9965700949024217,2,0
349,0.5625951631762788,0.21500000000000002,-0.26999999999999996,0.8189850470793508,0.03271594029469148,-0.07754889551334256,0.996451622536335,0.9994613968562124,-1.4210878738286745e-14,-0.0328164012991779,-0.03271594029469148,0.07754889551334256,-0.996451622536335,2,0
350,0.564262831506516,0.2166666666666667,-0.26999999999999996,0.8189272553680212,0.036385147371892856,-0.0776216477267045,0.9963187245329264,0.9993337592875693,2.8421757761676026e-14,-0.036497089584985515,-0.036385147371892856,0.0776216477267045,-0.9963187245329264,2,0
351,0.5659307244949553,0.21833333333333338,-0.26999999999999996,0.8188633081780348,0.0400652467751588,-0.07770229677606526,0.9961712348168712,0.9991921049215383,-1.421087903971082e-14,-0.04018877284100005,-0.0400652467751588,0.07770229677606526,-0.9961712348168712,2,0
352,0.5675988657480332,0.22000000000000003,-0.26999999999999996,0.8187931835572335,0.04375739012136051,-0.07779091577130737,0.9960089679481948,0.999036254818309,0.0,-0.043892613941376,-0.04375739012136051,0.07779091577130737,-0.9960089679481948,2,0
353,0.569267279207997,0.22166666666666668,-0.26999999999999996,0.8187168573126594,0.04746274742204125,-0.07788758551309319,0.9958317185298388,0.998866010770395,1.4210879408120638e-14,-0.04760979445069087,-0.04746274742204125,0.07788758551309319,-0.9958317185298388,2,0
354,0.5709359891880724,0.22333333333333336,-0.26999999999999996,0.8186343029679805,0.05118250902258393,-0.0779923947010801,0.9956392605451757,0.9986811546602353,0.0,-0.051341516597186554,-0.05118250902258393,0.0779923947010801,-0.9956392605451757,2,0
355,0.572605020408922,0.22500000000000003,-0.26999999999999996,0.8185454917164809,0.05491788761575033,-0.0781054401646225,0.9954313466214104,0.9984814477459001,-1.4210879847404977e-14,-0.055089005320947716,-0.05491788761575033,0.0781054401646225,-0.9954313466214104,2,0
356,0.5742743980365396,0.2266666666666667,-0.26999999999999996,0.8184503923694153,0.0586701203378712,-0.07822682711716138,0.9952077072142888,0.9982666298704371,1.4210880095072598e-14,-0.05885351040608944,-0.0586701203378712,0.07822682711716138,-0.9952077072142888,2,0
357,0.5759441477217319,0.22833333333333336,-0.26999999999999996,0.8183489712995038,0.062440470956526724,-0.0783566694356412,0.9949680497089748,0.9980364185897389,1.4210880362311438e-14,-0.0626363087080298,-0.062440470956526724,0.0783566694356412,-0.9949680497089748,2,0
358,0.5776142956413524,0.23000000000000004,-0.26999999999999996,0.8182411923793244,0.06623023215918787,-0.07849508996644468,0.9947120574313454,0.9977905082134512,0.0,-0.0664387064830649,-0.06623023215918787,0.07849508996644468,-0.9947120574313454,2,0
359,0.5792848685414632,0.2316666666666667,-0.26999999999999996,0.8181270169143279,0.07004072795299619,-0.07864222085950434,0.9944393885632745,0.9975285687525844,0.0,-0.07026204183213305,-0.07004072795299619,0.07864222085950434,-0.9944393885632745,2,0
360,0.5809558937826146,0.23333333333333336,-0.26999999999999996,0.8180064035701767,0.07387331618665079,-0.07879820393242731,0.9941496749547378,0.9972502447668523,1.4210881289254332e-14,-0.07410768726962878,-0.07387331618665079,0.07879820393242731,-0.9941496749547378,2,0
361,0.5826273993874468,0.23500000000000004,-0.26999999999999996,0.817879308294074,0.07772939120625479,-0.07896319106667132,0.9938425208247399,0.996955154103972,0.0,-0.07797705242906783,-0.07772939120625479,0.07896319106667132,-0.9938425208247399,2,0
362,0.5842994140908369,0.2366666666666667,-0.26999999999999996,0.8177456842297179,0.08161038665796329,-0.07913734463802484,0.9935175013421655,0.9966428865221335,0.0,-0.08187158692018723,-0.08161038665796329,0.07913734463802484,-0.9935175013421655,2,0
363,0.5859719673928315,0.23833333333333337,-0.26999999999999996,0.8176054816254791,0.08551777845137705,-0.07932083798388577,0.9931741610766337,0.9963130021861375,1.4210882423567124e-14,-0.08579278334944997,-0.08551777845137705,0.07932083798388577,-0.9931741610766337,2,0
364,0.5876450896146271,0.24000000000000002,-0.26999999999999996,0.8174586477353565,0.08945308789885627,-0.07951385591009431,0.9928120123083063,0.9959650300262598,-1.4210882852893747e-14,-0.0897421805217114,-0.08945308789885627,0.07951385591009431,-0.9928120123083063,2,0
365,0.5893188119578852,0.2416666666666667,-0.26999999999999996,0.8173051267122253,0.09341788504731016,-0.07971659524037115,0.9924305331843486,0.9955984659478381,0.0,-0.09372136683975284,-0.09341788504731016,0.07971659524037115,-0.9924305331843486,2,0
366,0.590993166567694,0.24333333333333337,-0.26999999999999996,0.8171448594928377,0.09741379222055238,-0.0799292654117351,0.992029165708323,0.9952127708783359,0.0,-0.0977319839185965,-0.09741379222055238,0.0799292654117351,-0.992029165708323,2,0
367,0.5926681865995213,0.24500000000000002,-0.26999999999999996,0.8169777836739863,0.10144248779203233,-0.08015208911963032,0.9916073135472137,0.9948073686367808,-1.4210884313538117e-14,-0.10177573043689833,-0.10144248779203233,0.08015208911963032,-0.9916073135472137,2,0
368,0.594343906290532,0.2466666666666667,-0.26999999999999996,0.8168038333791794,0.10550571020967857,-0.08038530301689778,0.9911643396390091,0.9943816436088952,0.0,-0.10585436624755774,-0.10550571020967857,0.08038530301689778,-0.9911643396390091,2,0
369,0.5960203610356869,0.24833333333333338,-0.26999999999999996,0.8166229391151061,0.10960526229674769,-0.08062915847117051,0.990699563581761,0.9939349382094079,1.4210885447555125e-14,-0.10996971677084727,-0.10960526229674769,0.08062915847117051,-0.990699563581761,2,0
370,0.597697587469076,0.25,-0.26999999999999996,0.8164350276171037,0.11374301585498385,-0.08088392238576617,0.9902122587827856,0.9934665501105415,0.0,-0.1141236776986205,-0.11374301585498385,0.08088392238576617,-0.9902122587827856,2,0
371,0.5993756235509918,0.2516666666666667,-0.26999999999999996,0.8162400216827492,0.11792091659911418,-0.08114987808971279,0.989701649344109,0.9929757292133273,0.0,-0.11831822003926878,-0.11792091659911418,0.08114987808971279,-0.989701649344109,2,0
372,0.6010545086612975,0.2533333333333334,-0.26999999999999996,0.8160378399926086,0.12214098945474915,-0.08142732630316586,0.9891669066573814,0.9924616743356725,1.4210887428622257e-14,-0.12255539553538053,-0.12214098945474915,0.08142732630316586,-0.9891669066573814,2,0
373,0.6027342836997078,0.255,-0.26999999999999996,0.8158283969170751,0.1264053442551936,-0.08171658618517552,0.9886071456781843,0.991923529587562,0.0,-0.1268373424924733,-0.1264053442551936,0.08171658618517552,-0.9886071456781843,2,0
374,0.6044149911936679,0.2566666666666667,-0.26999999999999996,0.8156116023081116,0.1307161818765367,-0.08201799647155225,0.9880214208459311,0.9913603804004208,2.8421777929328857e-14,-0.13116629205833705,-0.1307161818765367,0.08201799647155225,-0.9880214208459311,2,0
375,0.6060966754145893,0.25833333333333336,-0.26999999999999996,0.8153873612745823,0.13507580085475668,-0.08233191671147058,0.9874087216112999,0.9907712491733538,1.4210889806041988e-14,-0.13554457499830785,-0.13507580085475668,0.08233191671147058,-0.9874087216112999,2,0
376,0.6077793825032957,0.26,-0.26999999999999996,0.815155573939715,0.13948660453351583,-0.08265872861245369,0.9867679675282752,0.9901550904941187,0.0,-0.13997462901748958,-0.13948660453351583,0.08265872861245369,-0.9867679675282752,2,0
377,0.6094631606056229,0.2616666666666667,-0.26999999999999996,0.8149161351790709,0.143951108796898,-0.08299883750451757,0.9860980028623131,0.9895107858874111,-1.421089165294049e-14,-0.14445900668521156,-0.143951108796898,0.08299883750451757,-0.9860980028623131,2,0
378,0.6111480600192356,0.26333333333333336,-0.26999999999999996,0.8146689343372137,0.14847195044769027,-0.08335267393554524,0.9853975906597566,0.9888371380366167,0.0,-0.1490003840248506,-0.14847195044769027,0.08335267393554524,-0.9853975906597566,2,0
379,0.612834133352849,0.265,-0.26999999999999996,0.8144138549210616,0.15305189629900684,-0.0837206954114224,0.9846654062162975,0.9881328644179419,1.4210893745995618e-14,-0.1536015698396119,-0.15305189629900684,0.0837206954114224,-0.9846654062162975,2,0
380,0.6145214356991902,0.2666666666666667,-0.26999999999999996,0.8141507742676666,0.15769385305525535,-0.08410338829613599,0.9839000298738164,0.987396590277692,-1.421089489661612e-14,-0.1582655158522775,-0.15769385305525535,0.08410338829613599,-0.9839000298738164,2,0
381,0.6162100248232038,0.26833333333333337,-0.26999999999999996,0.8138795631838973,0.1624008780677987,-0.08450126988893573,0.9830999390651823,0.9866268408735687,1.4210896123880053e-14,-0.16299532774850228,-0.1624008780677987,0.08450126988893573,-0.9830999390651823,2,0
382,0.6178999613671968,0.27,-0.26999999999999996,0.8136000855551945,0.16717619106135545,-0.08491489069783117,0.982263499515274,0.9858220328901004,-1.4210897433924505e-14,-0.16779427722192972,-0.16717619106135545,0.08491489069783117,-0.982263499515274,2,0
383,0.6195913090748408,0.2716666666666667,-0.26999999999999996,0.8133121979202141,0.1720231869394345,-0.08534483693119212,0.9813889554933805,0.9849804649248531,1.4210898833532706e-14,-0.17266581513553914,-0.1720231869394345,0.08534483693119212,-0.9813889554933805,2,0
384,0.6212841350362034,0.2733333333333334,-0.26999999999999996,0.8130157490077764,0.17694544979114654,-0.08579173323207086,0.980474418996868,0.9841003069276512,-1.4210900330214785e-14,-0.17761358592433976,-0.17694544979114654,0.08579173323207086,-0.980474418996868,2,0
385,0.6229785099562791,0.275,-0.26999999999999996,0.812710579232071,0.18194676823791908,-0.08625624568316148,0.9795178577281901,0.9831795884567844,0.0,-0.1826414433855254,-0.18194676823791908,0.08625624568316148,-0.9795178577281901,2,0
386,0.6246745084498282,0.2766666666666667,-0.26999999999999996,0.812396520141544,0.18703115227728384,-0.08673908511410244,0.9785170817064972,0.9822161855963208,1.421090364903863e-14,-0.18775346801754095,-0.18703115227728384,0.08673908511410244,-0.9785170817064972,2,0
387,0.626372209365732,0.2783333333333334,-0.26999999999999996,0.8120733938162732,0.19220285180247093,-0.08724101074722067,0.977469728330653,0.9812078063536204,0.0,-0.19295398609698694,-0.19220285180247093,0.08724101074722067,-0.977469728330653,2,0
388,0.6280716961445391,0.28,-0.26999999999999996,0.8117410122079338,0.19746637700153044,-0.08776283422290225,0.9763732456817182,0.9801519743287004,1.421090746888148e-14,-0.19824759070301612,-0.19746637700153044,0.08776283422290225,-0.9763732456817182,2,0
389,0.6297730572134127,0.28166666666666673,-0.26999999999999996,0.8113991764156284,0.20282652086873001,-0.08830542405169177,0.9752248738190271,0.9790460104126506,1.4210909596329595e-14,-0.20363916493413567,-0.20282652086873001,0.08830542405169177,-0.9752248738190271,2,0
390,0.6314763864233326,0.2833333333333334,-0.26999999999999996,0.8110476758898982,0.20828838409481001,-0.08886971054711874,0.9740216237838072,0.9778870122329865,1.421091188747895e-14,-0.2091339075952127,-0.20828838409481001,0.08886971054711874,-0.9740216237838072,2,0
391,0.6331817835341472,0.28500000000000003,-0.26999999999999996,0.8106862875561116,0.21385740264219077,-0.08945669130130839,0.9727602539765686,0.9766718310164929,1.4210914358504237e-14,-0.214737361674421,-0.21385740264219077,0.08945669130130839,-0.9727602539765686,2,0
392,0.634889354753958,0.28666666666666674,-0.26999999999999996,0.8103147748471119,0.21953937835753318,-0.09006743727488518,0.9714372435176256,0.9753970454835003,1.421091702761929e-14,-0.2204554459795863,-0.21953937835753318,0.09006743727488518,-0.9714372435176256,2,0
393,0.6365992133403635,0.2883333333333334,-0.26999999999999996,0.809932886633459,0.22534051302849462,-0.09070309958379638,0.9700487621320626,0.9740589323201918,1.4210919915387756e-14,-0.22629449035990243,-0.22534051302849462,0.09070309958379638,-0.9700487621320626,2,0
394,0.6383114802723346,0.29000000000000004,-0.26999999999999996,0.8095403560377802,0.2312674463556682,-0.09136491707878232,0.9685906360188061,0.9726534326945144,0.0,-0.23226127500635474,-0.2312674463556682,0.09136491707878232,-0.9685906360188061,2,0
395,0.640026285002978,0.29166666666666674,-0.26999999999999996,0.8091368991175782,0.23732729838662267,-0.09205422482875039,0.9670583090650144,0.9711761141828825,1.421092644314234e-14,-0.23836307440674717,-0.23732729838662267,0.09205422482875039,-0.9670583090650144,2,0
396,0.6417437663052256,0.29333333333333333,-0.26999999999999996,0.8087222133982767,0.24352771704903678,-0.09277246363772815,0.9654467986478958,0.9696221273573589,1.4210930139645107e-14,-0.24460770662223605,-0.24352771704903678,0.09277246363772815,-0.9654467986478958,2,0
397,0.6434640732246322,0.29500000000000004,-0.26999999999999996,0.8082959762352083,0.24987693152724955,-0.09352119074704057,0.9637506451213311,0.9679861561375658,1.4210934168964166e-14,-0.2510035886715969,-0.24987693152724955,0.09352119074704057,-0.9637506451213311,2,0
398,0.6451873661560509,0.29666666666666675,-0.26999999999999996,0.8078578429795658,0.2563838123548437,-0.09430209190063193,0.9619638539080152,0.9662623608367918,0.0,-0.2575597989401869,-0.2563838123548437,0.09430209190063193,-0.9619638539080152,2,0
399,0.6469138180641094,0.29833333333333334,-0.26999999999999996,0.807407444918889,0.26305793924986953,-0.09511699498300351,0.9600798289012301,0.9644443126146248,0.0,-0.26428614769848185,-0.26305793924986953,0.09511699498300351,-0.9600798289012301,2,0
400,0.6486436158712491,0.30000000000000004,-0.26999999999999996,0.8069443869572822,0.26990967790487885,-0.09596788547729004,0.9580912956134725,0.48949154282251406,0.8705106268277525,-0.0510810932262478,-0.26990967790487885,0.09596788547729004,-0.9580912956134725,2,0
401,0.6496483624248168,0.30000000000000004,-0.26899999999999996,0.807041935083385,0.2694551371623419,-0.09101595744150193,0.9587022606356106,0.0,0.995523322631974,0.09451621075664632,-0.2694551371623419,0.09101595744150193,-0.9587022606356106,2,1
402,0.650652616427474,0.30000000000000004,-0.26799999999999996,0.8071342719766226,0.2690260221579699,-0.08608832709055014,0.9592777487988606,0.0,0.9959968882379729,0.08938791092913409,-0.2690260221579699,0.08608832709055014,-0.9592777487988606,2,1
403,0.6516564076605434,0.30000000000000004,-0.26699999999999996,0.8072214318273973,0.26862198373989227,-0.08118353286361166,0.9598184535855872,-2.842180214431172e-14,0.9964416689784538,0.08428523194150576,-0.26862198373989227,0.08118353286361166,-0.9598184535855872,2,1
404,0.6526597652382338,0.30000000000000004,-0.26599999999999996,0.8073034466352592,0.2682426958345462,-0.07630014459293737,0.9603250200148448,2.842180122425175e-14,0.9968582254404965,0.07920655510514385,-0.2682426958345462,0.07630014459293737,-0.9603250200148448,2,1
405,0.6536627176567894,0.30000000000000004,-0.26499999999999996,0.8073803462704118,0.2678878546911886,-0.07143676125098342,0.9607980466523246,-2.84218003710484e-14,0.9972470774279207,0.07415029710979297,-0.2678878546911886,0.07143676125098342,-0.9607980466523246,2,1
406,0.6546652928413429,0.30000000000000004,-0.26399999999999996,0.8074521585303844,0.2675571781859401,-0.06659200879294487,0.9612380874508134,0.0,0.9976087056456799,0.06911490736412097,-0.2675571781859401,0.06659200879294487,-0.9612380874508134,2,1
407,0.655667518190675,0.30000000000000004,-0.26299999999999996,0.8075189091921334,0.2672504051821546,-0.06176453808654217,0.9616456534321414,0.0,0.9979435532374673,0.06409886544844766,-0.2672504051821546,0.06176453808654217,-0.9616456534321414,2,1
408,0.6566694206200744,0.30000000000000004,-0.26199999999999996,0.8075806220598055,0.26696729494420257,-0.056953022921429654,0.9620212142205006,-2.8421798191225126e-14,0.9982520271856166,0.059100678674674285,-0.26696729494420257,0.056953022921429654,-0.9620212142205006,2,1
409,0.6576710266024733,0.30000000000000004,-0.26099999999999995,0.8076373190083783,0.26670762660202685,-0.05215615809106279,0.962365199436001,0.0,0.9985344995821688,0.054118879738846604,-0.26670762660202685,0.05215615809106279,-0.962365199436001,2,1
410,0.6586723622080277,0.30000000000000004,-0.25999999999999995,0.8076890200233685,0.2664711986640946,-0.04737265754028324,0.9626779999564193,5.684359407273531e-14,0.9987913087784509,0.04915202446114612,-0.2664711986640946,0.04737265754028324,-0.9626779999564193,2,1
411,0.6596734531422946,0.30000000000000004,-0.25899999999999995,0.8077357432367802,0.2662578285766033,-0.04260125257225628,0.9629599690542421,0.0,0.9990227604201363,0.04419868960196811,-0.2662578285766033,0.04260125257225628,-0.9629599690542421,2,1
412,0.6606743247831558,0.30000000000000004,-0.25799999999999995,0.8077775049594476,0.2660673523270226,-0.03784069010873187,0.9632114234153284,0.0,0.9992291283736393,0.03925747074961897,-0.2660673523270226,0.03784069010873187,-0.9632114234153284,2,1
413,0.6616750022166235,0.30000000000000004,-0.25699999999999995,0.807814319709908,0.2658996240902643,-0.033089730997899316,0.963432644044794,-2.842179572279877e-14,0.9994106555494202,0.03432698026739533,-0.2658996240902643,0.033089730997899316,-0.963432644044794,2,1
414,0.6626755102716607,0.30000000000000004,-0.25599999999999995,0.8078462002399279,0.2657545159159683,-0.028347148364369707,0.9636238770650496,0.0,0.9995675546266781,0.029405845297199897,-0.2657545159159683,0.028347148364369707,-0.9636238770650496,2,1
415,0.6636758735541397,0.30000000000000004,-0.25499999999999995,0.8078731575567848,0.26563191745558423,-0.023611725996051682,0.9637853344102915,0.0,0.9997000086836607,0.024492705809862875,-0.26563191745558423,0.023611725996051682,-0.9637853344102915,2,1
416,0.6646761164800579,0.30000000000000004,-0.25399999999999995,0.8078952009424002,0.26553173572808975,-0.018882256762886133,0.9639171944211641,2.8421794886854765e-14,0.9998081717370292,0.019586212698199778,-0.26553173572808975,0.018882256762886133,-0.9639171944211641,2,1
417,0.6656762633081258,0.30000000000000004,-0.25299999999999995,0.8079123379693999,0.26545389492337385,-0.014157541062579685,0.964019602342749,-2.842179471092766e-14,0.9998921691933625,0.014685025903687286,-0.26545389492337385,0.014157541062579685,-0.964019602342749,2,1
418,0.6666763381718375,0.30000000000000004,-0.25199999999999995,0.8079245745141664,0.26539833624246467,-0.009436385288620707,0.9640926707285022,0.0,0.9999520982152323,0.009787812572498666,-0.26539833624246467,0.009436385288620707,-0.9640926707285022,2,1
419,0.6676763651111299,0.30000000000000004,-0.25099999999999995,0.8079319147669372,0.2653650177739432,-0.004717600315980954,0.9641364797522669,2.8421794510459976e-14,0.9999880280038727,0.00489324523461666,-0.2653650177739432,0.004717600315980954,-0.9641364797522669,2,1
420,0.6686763681037382,0.30000000000000004,-0.24999999999999994,0.807934361238989,0.2653539144060222,2.6186846706487e-16,0.9641510774299853,-0.48345642605179173,0.8651482550406459,0.1333730891497755,-0.2653539144060222,-2.6186846706487e-16,-0.9641510774299853,2,1
421,0.6704033678508091,0.2983333333333334,-0.24999999999999994,0.8083868547180639,0.25869427229736996,2.5962335588084954e-16,0.9659592504244339,-0.9659517957753313,0.0,0.2587221062035725,-0.25869427229736996,-2.5962335588084954e-16,-0.9659592504244339,3,0
422,0.6721272216517405,0.2966666666666667,-0.24999999999999994,0.8088271888516579,0.2522016528501547,2.5747133962552874e-16,0.9676747006611519,-0.9676678597650568,0.0,0.252227899284981,-0.2522016528501547,-2.5747133962552874e-16,-0.9676747006611519,3,0
423,0.6738481000234654,0.29500000000000004,-0.24999999999999994,0.8092557265891941,0.24586652951454732,2.554074218027892e-16,0.969303693206867,-0.9692974083118217,0.0,0.2458913057429758,-0.24586652951454732,-2.554074218027892e-16,-0.969303693206867,3,0
424,0.6755661611958207,0.2933333333333334,-0.24999999999999994,0.8096728074137077,0.23968007951199805,2.5342699316019844e-16,0.9708519245925828,-0.9708461444056948,-1.4210925203398947e-14,0.23970349161536383,-0.23968007951199805,-2.5342699316019844e-16,-0.9708519245925828,3,0
425,0.6772815522941442,0.2916666666666667,-0.24999999999999994,0.8100787493337277,0.23363411671139542,2.5152579462880213e-16,0.9723245854695263,-0.9723192643163717,0.0,0.23365626086041366,-0.23363411671139542,-2.5152579462880213e-16,-0.9723245854695263,3,0
426,0.6789944103836976,0.29000000000000004,-0.24999999999999994,0.8104738506589226,0.22772103214718095,2.4969988452464757e-16,0.9737264151278955,-0.973721512236099,0.0,0.22774199570708137,-0.22772103214718095,-2.4969988452464757e-16,-0.9737264151278955,3,0
427,0.6807048633949007,0.2883333333333334,-0.24999999999999994,0.8108583915875062,0.22193374116880185,2.479456094458402e-16,0.975061749086087,-0.9750572279728291,-1.4210916001406942e-14,0.22195360366063563,-0.22193374116880185,-2.479456094458402e-16,-0.975061749086087,3,0
428,0.6824130309453827,0.28666666666666674,-0.24999999999999994,0.8112326356291983,0.21626563636210183,2.462595783840172e-16,0.9763345607571694,-0.976330388703578,1.4210913389119033e-14,0.21628447030223966,-0.21626563636210183,-2.462595783840172e-16,-0.9763345607571694,3,0
429,0.6841190250724067,0.28500000000000003,-0.24999999999999994,0.811596830884058,0.2107105455092824,2.4463863963998135e-16,0.9775484980353562,-0.9775446456340093,0.0,0.21072841714462512,-0.2107105455092824,-2.4463863963998135e-16,-0.9775484980353562,3,0
430,0.6858229508871856,0.2833333333333334,-0.24999999999999994,0.8119512111945889,0.20526269395956262,2.4307986019252626e-16,0.9787069155106971,-0.9787033562751007,0.0,0.20527966391207203,-0.20526269395956262,-2.4307986019252626e-16,-0.9787069155106971,3,0
431,0.6875249071609222,0.28166666666666673,-0.24999999999999994,0.8122959971860875,0.1999166708712437,2.415805072192261e-16,0.9798129029094069,-0.979809612935664,0.0,0.19993279470578146,-0.1999166708712437,-2.415805072192261e-16,-0.9798129029094069,3,0
432,0.6892249868509878,0.28,-0.24999999999999994,0.8126313972081441,0.19466739886057416,2.4013803150988707e-16,0.9808693102655716,-0.9808662679386154,0.0,0.19468272758560834,-0.19466739886057416,-2.4013803150988707e-16,-0.9808693102655716,3,0
433,0.690923277574471,0.2783333333333334,-0.24999999999999994,0.8129576081884796,0.1895101066559549,2.387500525487775e-16,0.9818787702538684,-0.9818759559916352,0.0,0.18952468716637488,-0.1895101066559549,-2.387500525487775e-16,-0.9818787702538684,3,0
434,0.6926198620353309,0.2766666666666667,-0.24999999999999994,0.8132748164088229,0.1844403044096212,2.374143450718077e-16,0.9828437180494598,-0.9828411140795789,1.421090120241739e-14,0.18445417987893956,-0.1844403044096212,-2.374143450718077e-16,-0.9828437180494598,3,0
435,0.6943148184105425,0.275,-0.24999999999999994,0.8135831982112901,0.17945376136454233,2.3612882693037416e-16,0.9837664090281382,-0.9837639991923753,0.0,0.17946697159372818,-0.17945376136454233,-2.3612882693037416e-16,-0.9837664090281382,3,0
436,0.6960082206999108,0.2733333333333334,-0.24999999999999994,0.8138829206426493,0.17454648561322922,2.3489154811540683e-16,0.9846489345751971,-0.9846467041579736,1.4210898155860184e-14,0.1745590673406563,-0.17454648561322922,-2.3489154811540683e-16,-0.9846489345751971,3,0
437,0.6977001390436165,0.2716666666666667,-0.24999999999999994,0.8141741420429449,0.169714705718475,2.3370068081380903e-16,0.9854932362339639,-0.9854911718114328,0.0,0.16972669289693088,-0.169714705718475,-2.3370068081380903e-16,-0.9854932362339639,3,0
438,0.699390640011042,0.27,-0.24999999999999994,0.8144570125841625,0.16495485399468898,2.3255451038550437e-16,0.9863011183931562,-0.9862992077002887,-1.4210895488823213e-14,0.16496627803821826,-0.16495485399468898,-2.3255451038550437e-16,-0.9863011183931562,3,0
439,0.7010797868639764,0.26833333333333337,-0.24999999999999994,0.8147316747639408,0.16026355127312442,2.31451427163079e-16,0.9870742596853221,-0.9870724914983852,0.0,0.1602744412786083,-0.16026355127312442,-2.31451427163079e-16,-0.9870742596853221,3,0
440,0.7027676397969204,0.2666666666666667,-0.24999999999999994,0.8149982638587471,0.15563759299557575,2.3038991898790275e-16,0.9878142232457192,-0.9878125872782623,-1.4210893145650456e-14,0.15564797594130653,-0.15563759299557575,-2.3038991898790275e-16,-0.9878142232457192,3,0
441,0.7044542561568785,0.265,-0.24999999999999994,0.8152569083404212,0.15107393649954196,2.293685644069064e-16,0.9885224659614632,-0.9885209527720984,1.4210892080923435e-14,0.15108383742327605,-0.15107393649954196,-2.293685644069064e-16,-0.9885224659614632,3,0
442,0.7061396906447471,0.26333333333333336,-0.24999999999999994,0.8155077302595575,0.146569689373799,2.2838602646308595e-16,0.9892003468240739,-0.9891989477343778,0.0,0.14657913153378838,-0.146569689373799,-2.2838602646308595e-16,-0.9892003468240739,3,0
443,0.7078239955001554,0.2616666666666667,-0.24999999999999994,0.8157508455987982,0.14212209877723211,2.2744104702058927e-16,0.9898491344842175,-0.9898478415057647,0.0,0.14213110379638438,-0.14212209877723211,-2.2744104702058927e-16,-0.9898491344842175,3,0
444,0.709507220671406,0.26,-0.24999999999999994,0.8159863645987827,0.13772854162586146,2.2653244157196397e-16,0.9904700140951332,-0.9904688198642861,0.0,0.1377371296225109,-0.13772854162586146,-2.2653244157196397e-16,-0.9904700140951332,3,0
445,0.7111894139719753,0.25833333333333336,-0.24999999999999994,0.8162143920591962,0.1333865155635682,2.256590944810593e-16,0.9910640935206008,-0.9910629912402483,0.0,0.1333947052694804,-0.1333865155635682,-2.256590944810593e-16,-0.9910640935206008,3,0
446,0.7128706212248715,0.2566666666666667,-0.24999999999999994,0.8164350276171037,0.1290936306412704,2.2481995462022582e-16,0.9916324089741396,-0.9916313923614953,-1.4210887641433175e-14,0.12910143950863592,-0.1290936306412704,-2.2481995462022582e-16,-0.9916324089741396,3,0
447,0.7145508863960055,0.255,-0.24999999999999994,0.8166483660045263,0.12484760163741143,2.240140313649836e-16,0.99217593014817,-0.9921749933879881,0.0,0.124855045935459,-0.12484760163741143,-2.240140313649836e-16,-0.99217593014817,3,0
448,0.7162302517176069,0.25333333333333335,-0.24999999999999994,0.8168544972870135,0.12064624095974483,2.2324039091330557e-16,0.9926955648849668,-0.9926947025874341,0.0,0.1206533358629003,-0.12064624095974483,-2.2324039091330557e-16,-0.9926955648849668,3,0
449,0.717908757802609,0.2516666666666667,-0.24999999999999994,0.8170535070847911,0.11648745207466799,2.2249815290015616e-16,0.9931921634352296,-0.9931913705981102,0.0,0.11649421174224553,-0.11648745207466799,-2.2249815290015616e-16,-0.9931921634352296,3,0
450,0.7195864437508275,0.25000000000000006,-0.24999999999999994,0.8172454767778992,0.11236922341589552,2.217864872810229e-16,0.9936665223448502,-0.9936657943193029,-1.4210884939630326e-14,0.1123756610649685,-0.11236922341589552,-2.217864872810229e-16,-0.9936665223448502,3,0
451,0.7212633472476769,0.24833333333333335,-0.24999999999999994,0.8174304836966028,0.1082896227291399,2.211046114608971e-16,0.9941193880058775,-0.9941187204656423,1.4210884359246624e-14,0.10829575070035902,-0.1082896227291399,-2.211046114608971e-16,-0.9941193880058775,3,0
452,0.7229395046560921,0.2466666666666667,-0.24999999999999994,0.8176086012982245,0.10424679181379817,2.2045178764758852e-16,0.9945514599036748,-0.9945508488171293,0.0,0.10425262163191687,-0.10424679181379817,-2.2045178764758852e-16,-0.9945514599036748,3,0
453,0.7246149511022559,0.24500000000000005,-0.24999999999999994,0.8177798993314453,0.10023894162646414,2.1982732041038504e-16,0.9949633935887322,-0.9949628351935995,1.4210883297780495e-14,0.10024448405530426,-0.10023894162646414,-2.1982732041038504e-16,-0.9949633935887322,3,0
454,0.7262897205556768,0.24333333333333337,-0.24999999999999994,0.8179444439890113,0.09626434771450254,2.1923055442700044e-16,0.9953558033985139,-0.9953552941788987,1.4210882813137976e-14,0.09626961280714731,-0.09626434771450254,-2.1923055442700044e-16,-0.9953558033985139,3,0
455,0.7279638459041066,0.2416666666666667,-0.24999999999999994,0.8181022980497052,0.09232134595092628,2.1866087240341924e-16,0.9957292649519796,-0.9957288016174879,0.0,0.09232634309557287,-0.09232134595092628,-2.1866087240341924e-16,-0.9957292649519796,3,0
456,0.7296373590237457,0.24000000000000005,-0.24999999999999994,0.818253521010352,0.08840832854452374,2.181176931527903e-16,0.9960843174370149,-0.99608389690374,0.0,0.0884130665063672,-0.08840832854452374,-2.181176931527903e-16,-0.9960843174370149,3,0
457,0.731310290845137,0.23833333333333337,-0.24999999999999994,0.8183981692085636,0.08452374030157193,2.176004698208519e-16,0.9964214657088798,-0.9964210850820268,-1.421088152508043e-14,0.08452822726140981,-0.08452374030157193,-2.176004698208519e-16,-0.9964214657088798,3,0
458,0.7329826714151172,0.2366666666666667,-0.24999999999999994,0.8185362959368585,0.08066607511761814,2.1710868824659895e-16,0.9967411822158844,-0.9967408387739598,0.0,0.0806703187063438,-0.08066607511761814,-2.1710868824659895e-16,-0.9967411822158844,3,0
459,0.7346545299551608,0.23500000000000004,-0.24999999999999994,0.8186679515487363,0.07683387267971804,2.166418654479763e-16,0.997043908766829,-0.9970435999470806,1.4210880791521064e-14,0.0768378800108771,-0.07683387267971804,-2.166418654479763e-16,-0.997043908766829,3,0
460,0.7363258949164215,0.23333333333333336,-0.24999999999999994,0.8187931835572335,0.07302571536123142,2.1619954822336548e-16,0.9973300581532577,-0.9973297815383478,-1.4210880458888504e-14,0.07302949306048517,-0.07302571536123142,-2.1619954822336548e-16,-0.9973300581532577,3,0
461,0.7379967940317509,0.2316666666666667,-0.24999999999999994,0.8189120367264404,0.06924022529280618,2.1578131186050953e-16,0.9976000156382323,-0.997599768944033,0.0,0.06924377952431571,-0.06924022529280618,-2.1578131186050953e-16,-0.9976000156382323,3,0
462,0.7396672543649498,0.23000000000000004,-0.24999999999999994,0.8190245531564121,0.06547606159455094,2.1538675894531952e-16,0.9978541403221548,-0.9978539213864487,1.4210879857126e-14,0.06547939808586467,-0.06547606159455094,-2.1538675894531952e-16,-0.9978541403221548,3,0
463,0.7413373023574898,0.22833333333333336,-0.24999999999999994,0.8191307723618744,0.06173191775561956,2.1501551826370293e-16,0.9980927663950949,-0.9980925731671704,1.4210879586307996e-14,0.061735041820159264,-0.06173191775561956,-2.1501551826370293e-16,-0.9980927663950949,3,0
464,0.7430069638729179,0.22666666666666668,-0.24999999999999994,0.8192307313450798,0.05800651914854184,2.1466724379023725e-16,0.9983162042841286,-0.9983160348151744,1.4210879334519038e-14,0.05800943570581766,-0.05800651914854184,-2.1466724379023725e-16,-0.9983162042841286,3,0
465,0.7446762642391472,0.22500000000000003,-0.24999999999999994,0.8193244646631469,0.05429862066660723,2.1434161375806103e-16,0.998524741703331,-0.998524594137489,0.0,0.054301334261352335,-0.05429862066660723,-2.1434161375806103e-16,-0.998524741703331,3,0
466,0.7463452282888182,0.22333333333333336,-0.24999999999999994,0.8194120044901756,0.05060700447350492,2.1403832980492737e-16,0.9987186446132957,-0.9987185171793906,1.4210878885369192e-14,0.050609519292315205,-0.05060700447350492,-2.1403832980492737e-16,-0.9987186446132957,3,0
467,0.7480138803978987,0.22166666666666668,-0.24999999999999994,0.8194933806744121,0.04693047785521002,2.1375711619083158e-16,0.9988981580963505,-0.9988980491001491,0.0,0.046932797742259155,-0.04693047785521002,-2.1375711619083158e-16,-0.9988981580963505,3,0
468,0.7496822445226862,0.22000000000000003,-0.24999999999999994,0.8195686207907072,0.04326787116481457,2.134977190830755e-16,0.9990635071530062,-0.9990634149700033,0.0,0.04326999963571985,-0.04326787116481457,-2.134977190830755e-16,-0.9990635071530062,3,0
469,0.7513503442353578,0.21833333333333338,-0.24999999999999994,0.819637750188489,0.03961803585164089,2.1325990590504997e-16,0.9992148974246021,-0.9992148204932346,0.0,0.03961997610641713,-0.03961803585164089,-2.1325990590504997e-16,-0.9992148974246021,3,0
470,0.7530182027582086,0.2166666666666667,-0.24999999999999994,0.8197007920354501,0.03597984256653855,2.1304346474538309e-16,0.9993525158465792,-0.9993524526618703,0.0,0.03598159750072593,-0.03597984256653855,-2.1304346474538309e-16,-0.9993525158465792,3,0
471,0.7546858429967068,0.21500000000000002,-0.24999999999999994,0.8197577673571294,0.03235217933577349,2.1284820382446164e-16,0.9994765312363396,-0.9994764803438754,0.0,0.0323537515509253,-0.03235217933577349,-2.1284820382446164e-16,-0.9994765312363396,3,0
472,0.7563532875714905,0.21333333333333337,-0.24999999999999994,0.819808695072548,0.028733949796363747,2.1267395101564194e-16,0.9995870948192059,-0.9995870548094361,-1.4210877935041214e-14,0.02873534160920016,-0.028733949796363747,-2.1267395101564194e-16,-0.9995870948192059,3,0
473,0.7580205588494207,0.2116666666666667,-0.24999999999999994,0.8198535920260445,0.0251240714861166,2.1252055341878077e-16,0.9996843406955821,-0.999684310198414,1.4210877830224653e-14,0.025125284936118628,-0.0251240714861166,-2.1252055341878077e-16,-0.9996843406955821,3,0
474,0.7596876789738009,0.21000000000000002,-0.24999999999999994,0.8198924730154327,0.021521474181969997,2.1238787698399043e-16,0.9997683862520532,-0.9997683639316551,1.4210877739894002e-14,0.021522511038948946,-0.021521474181969997,-2.1238787698399043e-16,-0.9997683862520532,3,0
475,0.7613546698938682,0.20833333333333337,-0.24999999999999994,0.8199253508165982,0.017925098280544612,2.1227580618377994e-16,0.9998393325187966,-0.9998393170686306,0.0,0.017925960050558753,-0.017925098280544612,-2.1227580618377994e-16,-0.9998393325187966,3,0
476,0.7630215533936567,0.2066666666666667,-0.24999999999999994,0.8199522362046249,0.0143338932150804,2.1218424373200715e-16,0.9998972644753553,-0.9998972546133864,0.0,0.014334581145352871,-0.0143338932150804,-2.1218424373200715e-16,-0.9998972644753553,3,0
477,0.7646883511203284,0.20500000000000002,-0.24999999999999994,0.8199731379715357,0.010746815903155656,2.1211311034828792e-16,0.9999422513065161,-0.999942245770558,1.4210877553784622e-14,0.010747330986481911,-0.010746815903155656,-2.1211311034828792e-16,-0.9999422513065161,3,0
478,0.7663550846120669,0.20333333333333337,-0.24999999999999994,0.8199880629407167,0.0071628292197757635,2.120623445667426e-16,0.9999743466097358,-0.9999743441529203,0.0,0.007163172197915557,-0.0071628292197757635,-2.120623445667426e-16,-0.9999743466097358,3,0
479,0.7680217753256235,0.2016666666666667,-0.24999999999999994,0.8199970159780788,0.003580900490575261,2.1203190258816785e-16,0.9999935885552851,-0.9999935879416217,0.0,0.003581071856587028,-0.003580900490575261,-2.1203190258816785e-16,-0.9999935885552851,3,0
480,0.7696884446636041,0.2,-0.24999999999999994,0.8200000000000001,0.0,2.120217581749429e-16,1.0,-1.0,0.0,0.0,-0.0,-2.120217581749429e-16,-1.0,3,0
481,0.7713551140015846,0.19833333333333336,-0.24999999999999994,0.8199970159780788,-0.0035809004905752013,2.1203190258816785e-16,0.9999935885552851,-0.9999935879416217,0.0,-0.0035810718565870794,0.0035809004905752013,-2.1203190258816785e-16,-0.9999935885552851,3,0
482,0.7730218047151413,0.19666666666666668,-0.24999999999999994,0.8199880629407167,-0.007162829219775704,2.120623445667426e-16,0.9999743466097358,-0.9999743441529203,0.0,-0.007163172197915557,0.007162829219775704,-2.120623445667426e-16,-0.9999743466097358,3,0
483,0.7746885382068798,0.195,-0.24999999999999994,0.8199731379715357,-0.010746815903155656,2.1211311034828792e-16,0.9999422513065161,-0.9999422457705583,-1.421087755378493e-14,-0.010747330986453722,0.010746815903155656,-2.1211311034828792e-16,-0.9999422513065161,3,0
484,0.7763553359335514,0.19333333333333336,-0.24999999999999994,0.819952236204625,-0.014333893215080313,2.1218424373200673e-16,0.9998972644753553,-0.9998972546133864,0.0,-0.014334581145353176,0.014333893215080313,-2.1218424373200673e-16,-0.9998972644753553,3,0
485,0.7780222194333399,0.1916666666666667,-0.24999999999999994,0.8199253508165982,-0.01792509828054449,2.1227580618377994e-16,0.9998393325187966,-0.9998393170686302,0.0,-0.017925960050587168,0.01792509828054449,-2.1227580618377994e-16,-0.9998393325187966,3,0
486,0.7796892103534073,0.19000000000000003,-0.24999999999999994,0.8198924730154327,-0.021521474181969934,2.1238787698399043e-16,0.9997683862520532,-0.9997683639316551,-1.4210877739894204e-14,-0.02152251103894925,0.021521474181969934,-2.1238787698399043e-16,-0.9997683862520532,3,0
487,0.7813563304777875,0.18833333333333335,-0.24999999999999994,0.8198535920260445,-0.02512407148611654,2.1252055341878077e-16,0.9996843406955821,-0.999684310198414,-1.4210877830225057e-14,-0.025125284936119343,0.02512407148611654,-2.1252055341878077e-16,-0.9996843406955821,3,0
488,0.7830236017557177,0.1866666666666667,-0.24999999999999994,0.819808695072548,-0.028733949796363633,2.1267395101564194e-16,0.9995870948192059,-0.9995870548094369,0.0,-0.028735341609172373,0.028733949796363633,-2.1267395101564194e-16,-0.9995870948192059,3,0
489,0.7846910463305015,0.18500000000000003,-0.24999999999999994,0.8197577673571294,-0.03235217933577343,2.1284820382446164e-16,0.9994765312363396,-0.9994764803438753,0.0,-0.032353751550926214,0.03235217933577343,-2.1284820382446164e-16,-0.9994765312363396,3,0
490,0.7863586865689997,0.18333333333333335,-0.24999999999999994,0.8197007920354501,-0.035979842566538495,2.1304346474538309e-16,0.9993525158465792,-0.9993524526618703,0.0,-0.03598159750072593,0.035979842566538495,-2.1304346474538309e-16,-0.9993525158465792,3,0
491,0.7880265450918504,0.1816666666666667,-0.24999999999999994,0.819637750188489,-0.03961803585164077,2.1325990590504997e-16,0.9992148974246021,-0.9992148204932346,0.0,-0.03961997610641685,0.03961803585164077,-2.1325990590504997e-16,-0.9992148974246021,3,0
492,0.7896946448045221,0.18000000000000002,-0.24999999999999994,0.8195686207907072,-0.043267871164814516,2.134977190830755e-16,0.9990635071530062,-0.9990634149700033,0.0,-0.04326999963571862,0.043267871164814516,-2.134977190830755e-16,-0.9990635071530062,3,0
493,0.7913630089293096,0.17833333333333334,-0.24999999999999994,0.8194933806744121,-0.04693047785521002,2.1375711619083158e-16,0.9988981580963505,-0.9988980491001493,0.0,-0.046932797742257164,0.04693047785521002,-2.1375711619083158e-16,-0.9988981580963505,3,0
494,0.79303166103839,0.1766666666666667,-0.24999999999999994,0.8194120044901756,-0.050607004473504864,2.1403832980492737e-16,0.9987186446132957,-0.9987185171793878,0.0,-0.05060951929237118,0.050607004473504864,-2.1403832980492737e-16,-0.9987186446132957,3,0
495,0.7947006250880609,0.17500000000000002,-0.24999999999999994,0.8193244646631469,-0.05429862066660717,2.1434161375806103e-16,0.998524741703331,-0.998524594137489,0.0,-0.05430133426135156,0.05429862066660717,-2.1434161375806103e-16,-0.998524741703331,3,0
496,0.7963699254542903,0.17333333333333334,-0.24999999999999994,0.8192307313450798,-0.05800651914854184,2.1466724379023725e-16,0.9983162042841286,-0.9983160348151728,0.0,-0.058009435705844756,0.05800651914854184,-2.1466724379023725e-16,-0.9983162042841286,3,0
497,0.7980395869697182,0.1716666666666667,-0.24999999999999994,0.8191307723618744,-0.061731917755619495,2.1501551826370293e-16,0.9980927663950949,-0.9980925731671739,-1.4210879586307744e-14,-0.061735041820101325,0.061731917755619495,-2.1501551826370293e-16,-0.9980927663950949,3,0
498,0.7997096349622582,0.17,-0.24999999999999994,0.8190245531564122,-0.06547606159455076,2.1538675894531908e-16,0.9978541403221548,-0.9978539213864487,-1.42108798571261e-14,-0.06547939808586513,0.06547606159455076,-2.1538675894531908e-16,-0.9978541403221548,3,0
499,0.8013800952954572,0.16833333333333336,-0.24999999999999994,0.8189120367264404,-0.06924022529280612,2.1578131186050953e-16,0.9976000156382323,-0.997599768944031,0.0,-0.069243779524343,0.06924022529280612,-2.1578131186050953e-16,-0.9976000156382323,3,0
500,0.8030509944107865,0.16666666666666669,-0.24999999999999994,0.8187931835572335,-0.07302571536123137,2.1619954822336548e-16,0.9973300581532577,-0.9973297815383478,1.42108804588882e-14,-0.07302949306048362,0.07302571536123137,-2.1619954822336548e-16,-0.9973300581532577,3,0
501,0.8047223593720473,0.165,-0.24999999999999994,0.8186679515487363,-0.07683387267971797,2.166418654479763e-16,0.997043908766829,-0.9970435999470804,-1.4210880791521363e-14,-0.07683788001087873,0.07683387267971797,-2.166418654479763e-16,-0.997043908766829,3,0
502,0.8063942179120909,0.16333333333333336,-0.24999999999999994,0.8185362959368585,-0.08066607511761809,2.1710868824659895e-16,0.9967411822158844,-0.9967408387739599,0.0,-0.08067031870634266,0.08066607511761809,-2.1710868824659895e-16,-0.9967411822158844,3,0
503,0.8080665984820711,0.16166666666666668,-0.24999999999999994,0.8183981692085636,-0.08452374030157186,2.176004698208519e-16,0.9964214657088798,-0.9964210850820268,1.421088152508043e-14,-0.08452822726140981,0.08452374030157186,-2.176004698208519e-16,-0.9964214657088798,3,0
504,0.8097395303034624,0.16000000000000003,-0.24999999999999994,0.818253521010352,-0.08840832854452362,2.181176931527903e-16,0.9960843174370149,-0.9960838969037348,0.0,-0.08841306650642673,0.08840832854452362,-2.181176931527903e-16,-0.9960843174370149,3,0
505,0.8114130434231016,0.15833333333333335,-0.24999999999999994,0.8181022980497052,-0.09232134595092621,2.1866087240341924e-16,0.9957292649519796,-0.9957288016174877,0.0,-0.09232634309557483,0.09232134595092621,-2.1866087240341924e-16,-0.9957292649519796,3,0
506,0.8130871687715314,0.15666666666666668,-0.24999999999999994,0.8179444439890113,-0.0962643477145025,2.192305544270005e-16,0.9953558033985141,-0.995355294178896,0.0,-0.09626961280717479,0.0962643477145025,-2.192305544270005e-16,-0.9953558033985141,3,0
507,0.8147619382249521,0.15500000000000003,-0.24999999999999994,0.8177798993314453,-0.10023894162646402,2.1982732041038504e-16,0.9949633935887322,-0.9949628351935912,1.4210883297780173e-14,-0.10024448405538726,0.10023894162646402,-2.1982732041038504e-16,-0.9949633935887322,3,0
508,0.816437384671116,0.15333333333333335,-0.24999999999999994,0.8176086012982245,-0.10424679181379812,2.2045178764758852e-16,0.9945514599036748,-0.9945508488171291,-1.4210883812581797e-14,-0.10425262163191983,0.10424679181379812,-2.2045178764758852e-16,-0.9945514599036748,3,0
509,0.8181135420795312,0.15166666666666667,-0.24999999999999994,0.8174304836966028,-0.1082896227291399,2.211046114608971e-16,0.9941193880058775,-0.9941187204656419,-1.4210884359247025e-14,-0.10829575070036207,0.1082896227291399,-2.211046114608971e-16,-0.9941193880058775,3,0
510,0.8197904455763807,0.15000000000000002,-0.24999999999999994,0.8172454767778992,-0.1123692234158954,2.217864872810229e-16,0.9936665223448502,-0.9936657943193031,1.4210884939630228e-14,-0.11237566106496771,0.1123692234158954,-2.217864872810229e-16,-0.9936665223448502,3,0
511,0.8214681315245992,0.14833333333333334,-0.24999999999999994,0.8170535070847911,-0.1164874520746679,2.2249815290015616e-16,0.9931921634352296,-0.9931913705981067,-1.421088555574712e-14,-0.11649421174227687,0.1164874520746679,-2.2249815290015616e-16,-0.9931921634352296,3,0
512,0.8231466376096014,0.14666666666666667,-0.24999999999999994,0.8168544972870135,-0.12064624095974483,2.2324039091330557e-16,0.9926955648849668,-0.9926947025874334,0.0,-0.12065333586290626,0.12064624095974483,-2.2324039091330557e-16,-0.9926955648849668,3,0
513,0.8248260029312029,0.14500000000000002,-0.24999999999999994,0.8166483660045263,-0.12484760163741143,2.240140313649836e-16,0.99217593014817,-0.992174993387991,-1.4210886904151647e-14,-0.1248550459354363,0.12484760163741143,-2.240140313649836e-16,-0.99217593014817,3,0
514,0.8265062681023368,0.14333333333333334,-0.24999999999999994,0.8164350276171037,-0.12909363064127036,2.2481995462022582e-16,0.9916324089741396,-0.9916313923614954,1.4210887641433078e-14,-0.129101439508635,0.12909363064127036,-2.2481995462022582e-16,-0.9916324089741396,3,0
515,0.8281874753552331,0.1416666666666667,-0.24999999999999994,0.8162143920591962,-0.13338651556356812,2.256590944810593e-16,0.9910640935206008,-0.9910629912402443,1.421088842447852e-14,-0.13339470526951022,0.13338651556356812,-2.256590944810593e-16,-0.9910640935206008,3,0
516,0.8298696686558025,0.14,-0.24999999999999994,0.8159863645987827,-0.13772854162586146,2.2653244157196397e-16,0.9904700140951332,-0.9904688198642826,1.421088925639127e-14,-0.13773712962253587,0.13772854162586146,-2.2653244157196397e-16,-0.9904700140951332,3,0
517,0.831552893827053,0.13833333333333334,-0.24999999999999994,0.8157508455987982,-0.1421220987772321,2.274410470205893e-16,0.9898491344842177,-0.9898478415057651,1.421089014056617e-14,-0.1421311037963814,0.1421220987772321,-2.274410470205893e-16,-0.9898491344842177,3,0
518,0.8332371986824613,0.1366666666666667,-0.24999999999999994,0.8155077302595576,-0.14656968937379863,2.2838602646308546e-16,0.9892003468240739,-0.9891989477343779,0.0,-0.14657913153378735,0.14656968937379863,-2.2838602646308546e-16,-0.9892003468240739,3,0
519,0.8349226331703299,0.135,-0.24999999999999994,0.8152569083404212,-0.15107393649954196,2.293685644069064e-16,0.9885224659614632,-0.9885209527720857,0.0,-0.15108383742335832,0.15107393649954196,-2.293685644069064e-16,-0.9885224659614632,3,0
520,0.8366092495302879,0.13333333333333336,-0.24999999999999994,0.8149982638587471,-0.1556375929955756,2.3038991898790275e-16,0.9878142232457192,-0.9878125872782807,0.0,-0.15564797594119015,0.1556375929955756,-2.3038991898790275e-16,-0.9878142232457192,3,0
521,0.8382971024632319,0.13166666666666668,-0.24999999999999994,0.8147316747639408,-0.16026355127312436,2.31451427163079e-16,0.9870742596853221,-0.9870724914983863,0.0,-0.1602744412786027,0.16026355127312436,-2.31451427163079e-16,-0.9870742596853221,3,0
522,0.8399862493161663,0.13,-0.24999999999999994,0.8144570125841625,-0.16495485399468898,2.3255451038550437e-16,0.9863011183931562,-0.9862992077002896,1.4210895488822816e-14,-0.16496627803821365,0.16495485399468898,-2.3255451038550437e-16,-0.9863011183931562,3,0
523,0.8416767502835918,0.12833333333333335,-0.24999999999999994,0.8141741420429449,-0.16971470571847486,2.3370068081380903e-16,0.9854932362339639,-0.9854911718114322,0.0,-0.16972669289693443,0.16971470571847486,-2.3370068081380903e-16,-0.9854932362339639,3,0
524,0.8433686686272975,0.12666666666666668,-0.24999999999999994,0.8138829206426493,-0.17454648561322914,2.3489154811540683e-16,0.9846489345751971,-0.984646704157958,0.0,-0.17455906734074508,0.17454648561322914,-2.3489154811540683e-16,-0.9846489345751971,3,0
525,0.8450620709166659,0.125,-0.24999999999999994,0.8135831982112901,-0.17945376136454233,2.3612882693037416e-16,0.9837664090281382,-0.9837639991923792,0.0,-0.17946697159370692,0.17945376136454233,-2.3612882693037416e-16,-0.9837664090281382,3,0
526,0.8467570272918775,0.12333333333333335,-0.24999999999999994,0.8132748164088229,-0.18444030440962106,2.374143450718077e-16,0.9828437180494598,-0.9828411140795784,-1.421090120241759e-14,-0.18445417987894214,0.18444030440962106,-2.374143450718077e-16,-0.9828437180494598,3,0
527,0.8484536117527374,0.12166666666666667,-0.24999999999999994,0.8129576081884796,-0.18951010665595486,2.387500525487775e-16,0.9818787702538684,-0.9818759559916364,0.0,-0.1895246871663696,0.18951010665595486,-2.387500525487775e-16,-0.9818787702538684,3,0
528,0.8501519024762206,0.12,-0.24999999999999994,0.8126313972081441,-0.19466739886057416,2.4013803150988707e-16,0.9808693102655716,-0.9808662679386146,0.0,-0.19468272758561242,0.19466739886057416,-2.4013803150988707e-16,-0.9808693102655716,3,0
529,0.8518519821662862,0.11833333333333335,-0.24999999999999994,0.8122959971860875,-0.19991667087124357,2.415805072192261e-16,0.9798129029094069,-0.979809612935664,0.0,-0.19993279470578146,0.19991667087124357,-2.415805072192261e-16,-0.9798129029094069,3,0
530,0.8535539384400228,0.11666666666666667,-0.24999999999999994,0.8119512111945889,-0.20526269395956254,2.4307986019252626e-16,0.9787069155106971,-0.978703356275101,0.0,-0.2052796639120706,0.20526269395956254,-2.4307986019252626e-16,-0.9787069155106971,3,0
531,0.8552578642548017,0.11500000000000002,-0.24999999999999994,0.811596830884058,-0.21071054550928234,2.4463863963998135e-16,0.9775484980353562,-0.9775446456340161,-1.4210910969126105e-14,-0.21072841714459356,0.21071054550928234,-2.4463863963998135e-16,-0.9775484980353562,3,0
532,0.8569638583818255,0.11333333333333334,-0.24999999999999994,0.8112326356291983,-0.21626563636210172,2.4625957838401726e-16,0.9763345607571695,-0.9763303887035666,0.0,-0.21628447030229084,0.21626563636210172,-2.4625957838401726e-16,-0.9763345607571695,3,0
533,0.8586720259323076,0.11166666666666666,-0.24999999999999994,0.8108583915875062,-0.22193374116880177,2.479456094458402e-16,0.975061749086087,-0.9750572279728305,1.4210916001406548e-14,-0.22195360366062947,0.22193374116880177,-2.479456094458402e-16,-0.975061749086087,3,0
534,0.8603824789435107,0.11000000000000001,-0.24999999999999994,0.8104738506589226,-0.22772103214718087,2.4969988452464757e-16,0.9737264151278955,-0.9737215122360919,1.4210918825788676e-14,-0.2277419957071123,0.22772103214718087,-2.4969988452464757e-16,-0.9737264151278955,3,0
535,0.8620953370330642,0.10833333333333334,-0.24999999999999994,0.8100787493337277,-0.23363411671139542,2.5152579462880213e-16,0.9723245854695263,-0.9723192643163643,0.0,-0.23365626086044458,0.23363411671139542,-2.5152579462880213e-16,-0.9723245854695263,3,0
536,0.8638107281313876,0.10666666666666669,-0.24999999999999994,0.8096728074137077,-0.23968007951199793,2.534269931601985e-16,0.970851924592583,-0.9708461444057035,0.0,-0.23970349161532875,0.23968007951199793,-2.534269931601985e-16,-0.970851924592583,3,0
537,0.8655287893037429,0.10500000000000001,-0.24999999999999994,0.8092557265891941,-0.24586652951454727,2.554074218027892e-16,0.969303693206867,-0.9692974083118223,0.0,-0.24589130574297324,0.24586652951454727,-2.554074218027892e-16,-0.969303693206867,3,0
538,0.8672496676754677,0.10333333333333333,-0.24999999999999994,0.8088271888516579,-0.2522016528501547,2.5747133962552874e-16,0.9676747006611519,-0.9676678597650549,0.0,-0.25222789928498796,0.2522016528501547,-2.5747133962552874e-16,-0.9676747006611519,3,0
539,0.8689735214763992,0.10166666666666668,-0.24999999999999994,0.8083868547180639,-0.25869427229736985,2.5962335588084954e-16,0.9659592504244339,-0.9659517957753299,0.0,-0.25872210620357783,0.25869427229736985,-2.5962335588084954e-16,-0.9659592504244339,3,0
540,0.8707005212234701,0.1,-0.24999999999999994,0.807934361238989,-0.2653539144060221,2.6186846706487e-16,0.9641510774299853,-0.4834564260517812,0.8651482550406463,-0.1333730891498114,0.2653539144060221,-2.6186846706487e-16,-0.9641510774299853,3,0
541,0.8717005242160784,0.1,-0.24899999999999994,0.8079319147669372,-0.2653650177739431,0.004717600315981477,0.9641364797522669,0.0,0.9999880280038727,-0.004893245234616731,0.2653650177739431,-0.004717600315981477,-0.9641364797522669,3,1
542,0.8727005511553708,0.1,-0.24799999999999994,0.8079245745141664,-0.26539833624246456,0.009436385288621233,0.9640926707285024,7.105448646390575e-15,0.9999520982152323,-0.009787812572498946,0.26539833624246456,-0.009436385288621233,-0.9640926707285024,3,1
543,0.8737006260190825,0.1,-0.24699999999999994,0.8079123379693999,-0.26545389492337373,0.014157541062580208,0.964019602342749,7.105448677732217e-15,0.9998921691933625,-0.014685025903687912,0.26545389492337373,-0.014157541062580208,-0.964019602342749,3,1
544,0.8747007728471504,0.1,-0.24599999999999994,0.8078952009424002,-0.2655317357280897,0.018882256762886657,0.9639171944211641,0.0,0.9998081717370292,-0.019586212698199223,0.2655317357280897,-0.018882256762886657,-0.9639171944211641,3,1
545,0.8757010157730686,0.1,-0.24499999999999994,0.8078731575567848,-0.2656319174555841,0.023611725996052203,0.9637853344102915,7.10544877844039e-15,0.9997000086836607,-0.024492705809862875,0.2656319174555841,-0.023611725996052203,-0.9637853344102915,3,1
546,0.8767013790555476,0.1,-0.24399999999999994,0.8078462002399279,-0.2657545159159682,0.028347148364370234,0.9636238770650496,0.0,0.9995675546266781,-0.029405845297199897,0.2657545159159682,-0.028347148364370234,-0.9636238770650496,3,1
547,0.8777018871105848,0.1,-0.24299999999999994,0.807814319709908,-0.2658996240902642,0.03308973099789984,0.963432644044794,1.4210897861400193e-14,0.9994106555494202,-0.03432698026739728,0.2658996240902642,-0.03308973099789984,-0.963432644044794,3,1
548,0.8787025645440525,0.1,-0.24199999999999994,0.8077775049594476,-0.2660673523270225,0.03784069010873239,0.9632114234153284,0.0,0.9992291283736393,-0.03925747074961785,0.2660673523270225,-0.03784069010873239,-0.9632114234153284,3,1
549,0.8797034361849136,0.1,-0.24099999999999994,0.8077357432367802,-0.2662578285766032,0.04260125257225682,0.9629599690542421,-7.105449135972974e-15,0.9990227604201363,-0.044198689601967475,0.2662578285766032,-0.04260125257225682,-0.9629599690542421,3,1
550,0.8807045271191806,0.1,-0.23999999999999994,0.8076890200233685,-0.26647119866409447,0.04737265754028377,0.9626779999564193,-1.421089851818322e-14,0.998791308778451,-0.04915202446114403,0.26647119866409447,-0.04737265754028377,-0.9626779999564193,3,1
551,0.881705862724735,0.1,-0.23899999999999993,0.8076373190083783,-0.26670762660202674,0.05215615809106331,0.962365199436001,0.0,0.9985344995821687,-0.05411887973884814,0.26670762660202674,-0.05215615809106331,-0.962365199436001,3,1
552,0.8827074687071339,0.1,-0.23799999999999993,0.8075806220598055,-0.2669672949442025,0.05695302292143018,0.9620212142205006,7.105449547806383e-15,0.9982520271856166,-0.059100678674675125,0.2669672949442025,-0.05695302292143018,-0.9620212142205006,3,1
553,0.8837093711365333,0.1,-0.23699999999999993,0.8075189091921334,-0.26725040518215454,0.0617645380865427,0.9616456534321414,7.105449714120177e-15,0.9979435532374672,-0.06409886544844948,0.26725040518215454,-0.0617645380865427,-0.9616456534321414,3,1
554,0.8847115964858654,0.1,-0.23599999999999993,0.8074521585303844,-0.26755717818594,0.06659200879294538,0.9612380874508133,0.0,0.9976087056456799,-0.06911490736412196,0.26755717818594,-0.06659200879294538,-0.9612380874508133,3,1
555,0.8857141716704189,0.1,-0.23499999999999993,0.8073803462704118,-0.26788785469118853,0.07143676125098393,0.9607980466523246,7.105450092762403e-15,0.9972470774279205,-0.07415029710979612,0.26788785469118853,-0.07143676125098393,-0.9607980466523246,3,1
556,0.8867171240889745,0.1,-0.23399999999999993,0.8073034466352592,-0.26824269583454613,0.0763001445929379,0.9603250200148448,-7.105450306062839e-15,0.9968582254404966,-0.07920655510514274,0.26824269583454613,-0.0763001445929379,-0.9603250200148448,3,1
557,0.8877204816666648,0.1,-0.23299999999999993,0.8072214318273973,-0.26862198373989216,0.0811835328636122,0.9598184535855872,0.0,0.996441668978454,-0.08428523194150458,0.26862198373989216,-0.0811835328636122,-0.9598184535855872,3,1
558,0.8887242728997343,0.1,-0.23199999999999993,0.8071342719766226,-0.2690260221579698,0.08608832709055068,0.9592777487988606,0.0,0.9959968882379729,-0.08938791092913409,0.2690260221579698,-0.08608832709055068,-0.9592777487988606,3,1
559,0.8897285269023915,0.1,-0.23099999999999993,0.807041935083385,-0.26945513716234176,0.09101595744150247,0.9587022606356106,-7.105451048745005e-15,0.995523322631974,-0.09451621075664632,0.26945513716234176,-0.09101595744150247,-0.9587022606356106,3,1
560,0.8907332734559592,0.1,-0.22999999999999993,0.8069443869572822,-0.2699096779048787,0.09596788547729056,0.9580912956134724,0.4894915428224683,0.8705106268277781,0.05108109322624815,0.2699096779048787,-0.09596788547729056,-0.9580912956134724,3,1
561,0.8924630712630989,0.10166666666666667,-0.22999999999999993,0.807407444918889,-0.26305793924986953,0.09511699498300401,0.96007982890123,0.9644443126146258,0.0,0.26428614769847825,0.26305793924986953,-0.09511699498300401,-0.96007982890123,4,0
562,0.8941895231711574,0.10333333333333333,-0.22999999999999993,0.8078578429795658,-0.25638381235484353,0.09430209190063245,0.9619638539080152,0.9662623608367925,1.4210938570485298e-14,0.2575597989401842,0.25638381235484353,-0.09430209190063245,-0.9619638539080152,4,0
563,0.8959128161025761,0.10500000000000001,-0.22999999999999993,0.8082959762352083,-0.24987693152724944,0.09352119074704107,0.963750645121331,0.967986156137566,0.0,0.25100358867159606,0.24987693152724944,-0.09352119074704107,-0.963750645121331,4,0
564,0.8976331230219827,0.10666666666666667,-0.22999999999999993,0.8087222133982767,-0.2435277170490368,0.09277246363772865,0.9654467986478957,0.9696221273573582,-1.4210930139645252e-14,0.24460770662223857,0.2435277170490368,-0.09277246363772865,-0.9654467986478957,4,0
565,0.8993506043242304,0.10833333333333334,-0.22999999999999993,0.8091368991175782,-0.23732729838662253,0.09205422482875089,0.9670583090650144,0.9711761141828816,0.0,0.2383630744067513,0.23732729838662253,-0.09205422482875089,-0.9670583090650144,4,0
566,0.9010654090548738,0.11000000000000001,-0.22999999999999993,0.8095403560377802,-0.23126744635566812,0.09136491707878282,0.9685906360188061,0.9726534326945142,0.0,0.23226127500635638,0.23126744635566812,-0.09136491707878282,-0.9685906360188061,4,0
567,0.9027776759868449,0.11166666666666668,-0.22999999999999993,0.809932886633459,-0.2253405130284945,0.09070309958379687,0.9700487621320626,0.9740589323201908,0.0,0.22629449035990715,0.2253405130284945,-0.09070309958379687,-0.9700487621320626,4,0
568,0.9044875345732505,0.11333333333333334,-0.22999999999999993,0.8103147748471119,-0.219539378357533,0.09006743727488567,0.9714372435176256,0.9753970454834986,0.0,0.22045544597959393,0.219539378357533,-0.09006743727488567,-0.9714372435176256,4,0
569,0.9061951057930613,0.115,-0.22999999999999993,0.8106862875561116,-0.21385740264219072,0.08945669130130886,0.9727602539765685,0.9766718310164934,-1.421091435850414e-14,0.2147373616744195,0.21385740264219072,-0.08945669130130886,-0.9727602539765685,4,0
570,0.9079005029038759,0.11666666666666667,-0.22999999999999993,0.8110476758898982,-0.2082883840948099,0.08886971054711922,0.9740216237838071,0.9778870122329877,0.0,0.20913390759520686,0.2082883840948099,-0.08886971054711922,-0.9740216237838071,4,0
571,0.9096038321137958,0.11833333333333335,-0.22999999999999993,0.8113991764156284,-0.20282652086872988,0.08830542405169224,0.9752248738190271,0.979046010412651,-1.4210909596329396e-14,0.20363916493413284,0.20282652086872988,-0.08830542405169224,-0.9752248738190271,4,0
572,0.9113051931826694,0.12000000000000001,-0.22999999999999993,0.8117410122079338,-0.1974663770015304,0.08776283422290272,0.9763732456817182,0.9801519743287002,0.0,0.1982475907030175,0.1974663770015304,-0.08776283422290272,-0.9763732456817182,4,0
573,0.9130046799614765,0.12166666666666667,-0.22999999999999993,0.8120733938162732,-0.19220285180247088,0.08724101074722114,0.977469728330653,0.98120780635362,0.0,0.19295398609698827,0.19220285180247088,-0.08724101074722114,-0.977469728330653,4,0
574,0.9147023808773803,0.12333333333333335,-0.22999999999999993,0.812396520141544,-0.1870311522772837,0.08673908511410292,0.9785170817064972,0.9822161855963272,1.421090364903831e-14,0.18775346801750828,0.1870311522772837,-0.08673908511410292,-0.9785170817064972,4,0
575,0.9163983793709293,0.125,-0.22999999999999993,0.812710579232071,-0.18194676823791908,0.08625624568316194,0.9795178577281901,0.9831795884567898,0.0,0.18264144338549665,0.18194676823791908,-0.08625624568316194,-0.9795178577281901,4,0
576,0.9180927542910051,0.12666666666666668,-0.22999999999999993,0.8130157490077764,-0.17694544979114646,0.08579173323207133,0.980474418996868,0.9841003069276496,0.0,0.17761358592434848,0.17694544979114646,-0.08579173323207133,-0.980474418996868,4,0
577,0.9197855802523678,0.12833333333333335,-0.22999999999999993,0.8133121979202141,-0.17202318693943436,0.08534483693119257,0.9813889554933805,0.984980464924853,0.0,0.17266581513554036,0.17202318693943436,-0.08534483693119257,-0.9813889554933805,4,0
578,0.9214769279600117,0.13,-0.22999999999999993,0.8136000855551945,-0.1671761910613554,0.08491489069783162,0.9822634995152738,0.9858220328900918,-1.4210897433923972e-14,0.16779427722198026,0.1671761910613554,-0.08491489069783162,-0.9822634995152738,4,0
579,0.9231668645040048,0.13166666666666668,-0.22999999999999993,0.8138795631838973,-0.16240087806779865,0.0845012698889362,0.9830999390651823,0.9866268408735693,0.0,0.16299532774849884,0.16240087806779865,-0.0845012698889362,-0.9830999390651823,4,0
580,0.9248554536280184,0.13333333333333336,-0.22999999999999993,0.8141507742676666,-0.15769385305525524,0.08410338829613645,0.9839000298738164,0.9873965902776913,2.8421789793233044e-14,0.15826551585228193,0.15769385305525524,-0.08410338829613645,-0.9839000298738164,4,0
581,0.9265427559743595,0.135,-0.22999999999999993,0.8144138549210616,-0.1530518962990068,0.08372069541142284,0.9846654062162973,0.9881328644179457,0.0,0.15360156983958737,0.1530518962990068,-0.08372069541142284,-0.9846654062162973,4,0
582,0.928228829307973,0.1366666666666667,-0.22999999999999993,0.8146689343372137,-0.1484719504476902,0.0833526739355457,0.9853975906597566,0.9888371380366155,1.421089266645464e-14,0.149000384024859,0.1484719504476902,-0.0833526739355457,-0.9853975906597566,4,0
583,0.9299137287215858,0.13833333333333336,-0.22999999999999993,0.8149161351790709,-0.14395110879689785,0.08299883750451802,0.9860980028623131,0.9895107858874062,-1.4210891652941033e-14,0.14445900668524547,0.14395110879689785,-0.08299883750451802,-0.9860980028623131,4,0
584,0.9315975068239131,0.14,-0.22999999999999993,0.815155573939715,-0.13948660453351583,0.08265872861245413,0.9867679675282752,0.9901550904941184,1.4210890700863914e-14,0.13997462901749155,0.13948660453351583,-0.08265872861245413,-0.9867679675282752,4,0
585,0.9332802139126194,0.14166666666666666,-0.22999999999999993,0.8153873612745823,-0.13507580085475668,0.08233191671147103,0.9874087216112999,0.990771249173354,0.0,0.13554457499830594,0.13507580085475668,-0.08233191671147103,-0.9874087216112999,4,0
586,0.9349618981335408,0.14333333333333334,-0.22999999999999993,0.8156116023081116,-0.1307161818765366,0.0820179964715527,0.9880214208459311,0.9913603804004253,0.0,0.13116629205830263,0.1307161818765366,-0.0820179964715527,-0.9880214208459311,4,0
587,0.9366426056275008,0.14500000000000002,-0.22999999999999993,0.815828396917075,-0.1264053442551938,0.08171658618517612,0.9886071456781841,0.9919235295875619,1.4210888173250864e-14,0.12683734249247422,0.1264053442551938,-0.08171658618517612,-0.9886071456781841,4,0
588,0.9383223806659112,0.14666666666666667,-0.22999999999999993,0.8160378399926086,-0.12214098945474901,0.08142732630316629,0.9891669066573814,0.992461674335679,1.421088742862276e-14,0.122555395535328,0.12214098945474901,-0.08142732630316629,-0.9891669066573814,4,0
589,0.9400012657762169,0.14833333333333334,-0.22999999999999993,0.8162400216827492,-0.1179209165991141,0.08114987808971323,0.989701649344109,0.9929757292133308,1.4210886727869627e-14,0.11831822003923992,0.1179209165991141,-0.08114987808971323,-0.989701649344109,4,0
590,0.9416793018581326,0.15000000000000002,-0.22999999999999993,0.8164350276171037,-0.11374301585498384,0.0808839223857666,0.9902122587827854,0.9934665501105354,0.0,0.114123677698675,0.11374301585498384,-0.0808839223857666,-0.9902122587827854,4,0
591,0.9433565282915217,0.15166666666666667,-0.22999999999999993,0.8166229391151061,-0.10960526229674762,0.08062915847117096,0.990699563581761,0.9939349382094081,0.0,0.10996971677084572,0.10960526229674762,-0.08062915847117096,-0.990699563581761,4,0
592,0.9450329830366766,0.15333333333333335,-0.22999999999999993,0.8168038333791794,-0.1055057102096785,0.08038530301689822,0.9911643396390091,0.9943816436088952,1.4210884863311e-14,0.105854366247557,0.1055057102096785,-0.08038530301689822,-0.9911643396390091,4,0
593,0.9467087027276874,0.15500000000000003,-0.22999999999999993,0.8169777836739863,-0.10144248779203227,0.08015208911963076,0.9916073135472137,0.9948073686367807,1.421088431353832e-14,0.10177573043689978,0.10144248779203227,-0.08015208911963076,-0.9916073135472137,4,0
594,0.9483837227595147,0.15666666666666668,-0.22999999999999993,0.8171448594928377,-0.09741379222055233,0.07992926541173553,0.992029165708323,0.9952127708783357,0.0,0.09773198391859789,0.09741379222055233,-0.07992926541173553,-0.992029165708323,4,0
595,0.9500580773693235,0.15833333333333335,-0.22999999999999993,0.8173051267122253,-0.09341788504731008,0.07971659524037157,0.9924305331843485,0.9955984659478381,0.0,0.09372136683975284,0.09341788504731008,-0.07971659524037157,-0.9924305331843485,4,0
596,0.9517317997125815,0.16000000000000003,-0.22999999999999993,0.8174586477353565,-0.08945308789885618,0.07951385591009473,0.9928120123083061,0.9959650300262647,0.0,0.08974218052165692,0.08945308789885618,-0.07951385591009473,-0.9928120123083061,4,0
597,0.9534049219343771,0.16166666666666668,-0.22999999999999993,0.817605481625479,-0.08551777845137717,0.07932083798388638,0.9931741610766337,0.9963130021861377,-1.4210882423566723e-14,0.08579278334944754,0.08551777845137717,-0.07932083798388638,-0.9931741610766337,4,0
598,0.9550774752363718,0.16333333333333336,-0.22999999999999993,0.8177456842297179,-0.08161038665796322,0.07913734463802527,0.9935175013421655,0.9966428865221334,0.0,0.08187158692018838,0.08161038665796322,-0.07913734463802527,-0.9935175013421655,4,0
599,0.9567494899397619,0.16500000000000004,-0.22999999999999993,0.817879308294074,-0.07772939120625465,0.07896319106667174,0.9938425208247397,0.9969551541039717,-1.421088164294133e-14,0.07797705242907114,0.07772939120625465,-0.07896319106667174,-0.9938425208247397,4,0
600,0.9584209955445941,0.16666666666666669,-0.22999999999999993,0.8180064035701767,-0.0738733161866507,0.07879820393242772,0.9941496749547376,0.9972502447668523,-1.421088128925413e-14,0.07410768726962773,0.0738733161866507,-0.07879820393242772,-0.9941496749547376,4,0
601,0.9600920207857455,0.16833333333333333,-0.22999999999999993,0.8181270169143279,-0.07004072795299619,0.07864222085950476,0.9944393885632745,0.9975285687525844,-1.4210880958551357e-14,0.07026204183213305,0.07004072795299619,-0.07864222085950476,-0.9944393885632745,4,0
602,0.9617625936858564,0.17,-0.22999999999999993,0.8182411923793244,-0.0662302321591878,0.0784950899664451,0.9947120574313452,0.9977905082134512,0.0,0.06643870648306442,0.0662302321591878,-0.0784950899664451,-0.9947120574313452,4,0
603,0.9634327416054769,0.1716666666666667,-0.22999999999999993,0.8183489712995038,-0.06244047095652666,0.07835666943564162,0.9949680497089748,0.9980364185897389,-1.4210880362311236e-14,0.06263630870802891,0.06244047095652666,-0.07835666943564162,-0.9949680497089748,4,0
604,0.9651024912906692,0.17333333333333334,-0.22999999999999993,0.8184503923694153,-0.05867012033787114,0.0782268271171618,0.9952077072142888,0.9982666298704389,0.0,0.0588535104060607,0.05867012033787114,-0.0782268271171618,-0.9952077072142888,4,0
605,0.9667718689182867,0.17500000000000002,-0.22999999999999993,0.8185454917164808,-0.05491788761575037,0.07810544016462305,0.9954313466214102,0.9984814477459001,0.0,0.05508900532094811,0.05491788761575037,-0.07810544016462305,-0.9954313466214102,4,0
606,0.9684409001391363,0.1766666666666667,-0.22999999999999993,0.8186343029679805,-0.051182509022583866,0.07799239470108052,0.9956392605451755,0.9986811546602323,1.4210879618628328e-14,0.0513415165972447,0.051182509022583866,-0.07799239470108052,-0.9956392605451755,4,0
607,0.9701096101192117,0.17833333333333334,-0.22999999999999993,0.8187168573126594,-0.04746274742204125,0.07788758551309362,0.9958317185298388,0.9988660107703952,-1.4210879408120335e-14,0.04760979445068986,0.04746274742204125,-0.07788758551309362,-0.9958317185298388,4,0
608,0.9717780235791755,0.18000000000000002,-0.22999999999999993,0.8187931835572335,-0.04375739012136045,0.0777909157713078,0.9960089679481948,0.999036254818309,0.0,0.04389261394137538,0.04375739012136045,-0.0777909157713078,-0.9960089679481948,4,0
609,0.9734461648322534,0.1816666666666667,-0.22999999999999993,0.8188633081780348,-0.04006524677515867,0.07770229677606569,0.9961712348168712,0.9991921049215383,0.0,0.04018877284100062,0.04006524677515867,-0.07770229677606569,-0.9961712348168712,4,0
610,0.9751140578206927,0.18333333333333335,-0.22999999999999993,0.8189272553680212,-0.036385147371892794,0.07762164772670492,0.9963187245329264,0.9993337592875693,-2.842175776167542e-14,0.03649708958498474,0.036385147371892794,-0.07762164772670492,-0.9963187245329264,4,0
611,0.97678172615093,0.18500000000000003,-0.22999999999999993,0.8189850470793508,-0.03271594029469142,0.07754889551334299,0.996451622536335,0.9994613968562124,1.4210878738286745e-14,0.0328164012991779,0.03271594029469142,-0.07754889551334299,-0.996451622536335,4,0
612,0.9784491931276014,0.1866666666666667,-0.22999999999999993,0.8190367030616948,-0.029056490448780784,0.07748397453008252,0.9965700949024217,0.9995751778739309,0.0,0.029145561897126797,0.029056490448780784,-0.07748397453008252,-0.9965700949024217,4,0
613,0.980116481786524,0.18833333333333335,-0.22999999999999993,0.8190822408964528,-0.025405677448162113,0.07742682650868488,0.9966742888678296,0.9996752444037799,-1.421087850072633e-14,0.025483440235631767,0.025405677448162113,-0.07742682650868488,-0.9966742888678296,4,0
614,0.9817836149267679,0.19000000000000003,-0.22999999999999993,0.8191216760270063,-0.021762393854590622,0.07737740037187821,0.9967643332931851,0.9997617207738809,0.0,0.0218289183252036,0.021762393854590622,-0.07737740037187821,-0.9967643332931851,4,0
615,0.9834506151419338,0.1916666666666667,-0.22999999999999993,0.8191550217851366,-0.01812554346224222,0.07733565210556737,0.996840339065191,0.9998347139671819,0.0,0.018180889586690778,0.01812554346224222,-0.07733565210556737,-0.996840339065191,4,0
616,0.9851175048507465,0.19333333333333336,-0.22999999999999993,0.8191822894137107,-0.014494039621746608,0.07730154464931566,0.9969023994405235,0.9998943139547732,-1.4210878259014902e-14,0.014538257148407745,0.014494039621746608,-0.07730154464931566,-0.9969023994405235,4,0
617,0.9867843063270696,0.195,-0.22999999999999993,0.8192034880857286,-0.010866803597516099,0.07727504780455914,0.9969505903335311,0.9999405939747298,0.0,0.010899932177061903,0.010866803597516099,-0.07727504780455914,-0.9969505903335311,4,0
618,0.9884510417294426,0.19666666666666668,-0.22999999999999993,0.8192186249198045,-0.007242762952510117,0.07725613816010833,0.9969849705494059,0.9999736107580883,1.4210878171933162e-14,0.007264832236958466,0.007242762952510117,-0.07725613816010833,-0.9969849705494059,4,0
619,0.9901177331302399,0.19833333333333336,-0.22999999999999993,0.8192277049921466,-0.0036208499547455654,0.07724479903457313,0.9970055819641702,0.9999934047032777,0.0,0.003631879671295659,0.0036208499547455654,-0.07724479903457313,-0.9970055819641702,4,0
620,0.9917844025445479,0.2,-0.22999999999999993,0.8192307313450798,0.0,0.07724102043543599,0.9970124496525068,1.0,0.0,0.0,-0.0,-0.07724102043543599,-0.9970124496525068,4,0
621,0.993451071958856,0.2016666666666667,-0.22999999999999993,0.8192277049921466,0.0036208499547456256,0.07724479903457313,0.9970055819641702,0.9999934047032777,0.0,-0.0036318796712956074,-0.0036208499547456256,-0.07724479903457313,-0.9970055819641702,4,0
622,0.9951177633596532,0.20333333333333337,-0.22999999999999993,0.8192186249198045,0.007242762952510177,0.07725613816010833,0.9969849705494059,0.9999736107580883,-1.421087817193306e-14,-0.007264832236958414,-0.007242762952510177,-0.07725613816010833,-0.9969849705494059,4,0
623,0.9967844987620262,0.20500000000000002,-0.22999999999999993,0.8192034880857286,0.010866803597516099,0.07727504780455914,0.9969505903335311,0.9999405939747298,0.0,-0.01089993217706198,-0.010866803597516099,-0.07727504780455914,-0.9969505903335311,4,0
624,0.9984513002383494,0.2066666666666667,-0.22999999999999993,0.8191822894137107,0.014494039621746667,0.07730154464931566,0.9969023994405235,0.9998943139547732,1.42108782590148e-14,-0.014538257148407641,-0.014494039621746667,-0.07730154464931566,-0.9969023994405235,4,0
625,1.000118189947162,0.20833333333333337,-0.22999999999999993,0.8191550217851366,0.01812554346224234,0.07733565210556737,0.996840339065191,0.9998347139671814,0.0,-0.018180889586718412,-0.01812554346224234,-0.07733565210556737,-0.996840339065191,4,0
626,1.0017851901623278,0.21000000000000002,-0.22999999999999993,0.8191216760270063,0.021762393854590684,0.07737740037187821,0.9967643332931851,0.9997617207738816,0.0,-0.021828918325175348,-0.021762393854590684,-0.07737740037187821,-0.9967643332931851,4,0
627,1.0034523233025718,0.2116666666666667,-0.22999999999999993,0.8190822408964528,0.025405677448162172,0.07742682650868488,0.9966742888678296,0.9996752444037791,1.4210878500726825e-14,-0.025483440235661074,-0.025405677448162172,-0.07742682650868488,-0.9966742888678296,4,0
628,1.0051196119614945,0.21333333333333337,-0.22999999999999993,0.8190367030616948,0.029056490448780902,0.07748397453008252,0.9965700949024217,0.9995751778739309,0.0,-0.02914556189712659,-0.029056490448780902,-0.07748397453008252,-0.9965700949024217,4,0
629,1.0067870789381659,0.21500000000000002,-0.22999999999999993,0.8189850470793508,0.03271594029469148,0.07754889551334299,0.996451622536335,0.9994613968562124,-1.4210878738286745e-14,-0.0328164012991779,-0.03271594029469148,-0.07754889551334299,-0.996451622536335,4,0
630,1.0084547472684031,0.2166666666666667,-0.22999999999999993,0.8189272553680212,0.036385147371892856,0.07762164772670492,0.9963187245329264,0.9993337592875693,2.8421757761676026e-14,-0.036497089584985515,-0.036385147371892856,-0.07762164772670492,-0.9963187245329264,4,0
631,1.0101226402568424,0.21833333333333338,-0.22999999999999993,0.8188633081780348,0.04006524677515879,0.07770229677606567,0.996171234816871,0.9991921049215383,0.0,-0.04018877284100005,-0.04006524677515879,-0.07770229677606567,-0.996171234816871,4,0
632,1.0117907815099203,0.22000000000000003,-0.22999999999999993,0.8187931835572335,0.04375739012136051,0.0777909157713078,0.9960089679481948,0.999036254818309,0.0,-0.043892613941376,-0.04375739012136051,-0.0777909157713078,-0.9960089679481948,4,0
633,1.0134591949698841,0.22166666666666668,-0.22999999999999993,0.8187168573126594,0.04746274742204125,0.07788758551309362,0.9958317185298388,0.998866010770395,1.4210879408120638e-14,-0.04760979445069087,-0.04746274742204125,-0.07788758551309362,-0.9958317185298388,4,0
634,1.0151279049499595,0.22333333333333336,-0.22999999999999993,0.8186343029679805,0.05118250902258392,0.07799239470108052,0.9956392605451755,0.9986811546602323,-1.4210879618627924e-14,-0.05134151659724324,-0.05118250902258392,-0.07799239470108052,-0.9956392605451755,4,0
635,1.0167969361708091,0.22500000000000003,-0.22999999999999993,0.8185454917164808,0.05491788761575043,0.07810544016462305,0.9954313466214102,0.9984814477459001,0.0,-0.055089005320947716,-0.05491788761575043,-0.07810544016462305,-0.9954313466214102,4,0
636,1.0184663137984267,0.2266666666666667,-0.22999999999999993,0.8184503923694153,0.0586701203378712,0.0782268271171618,0.9952077072142888,0.9982666298704388,0.0,-0.05885351040606111,-0.0586701203378712,-0.0782268271171618,-0.9952077072142888,4,0
637,1.020136063483619,0.22833333333333336,-0.22999999999999993,0.8183489712995038,0.062440470956526724,0.07835666943564162,0.9949680497089748,0.9980364185897422,-1.421088036231189e-14,-0.06263630870797496,-0.062440470956526724,-0.07835666943564162,-0.9949680497089748,4,0
638,1.0218062114032396,0.23000000000000004,-0.22999999999999993,0.8182411923793244,0.06623023215918786,0.0784950899664451,0.9947120574313452,0.9977905082134547,0.0,-0.06643870648301302,-0.06623023215918786,-0.0784950899664451,-0.9947120574313452,4,0
639,1.0234767843033505,0.2316666666666667,-0.22999999999999993,0.8181270169143279,0.07004072795299619,0.07864222085950476,0.9944393885632745,0.9975285687525842,0.0,-0.07026204183213604,-0.07004072795299619,-0.07864222085950476,-0.9944393885632745,4,0
640,1.025147809544502,0.23333333333333336,-0.22999999999999993,0.8180064035701767,0.07387331618665076,0.07879820393242772,0.9941496749547376,0.9972502447668523,1.4210881289254332e-14,-0.07410768726962878,-0.07387331618665076,-0.07879820393242772,-0.9941496749547376,4,0
641,1.026819315149334,0.23500000000000004,-0.22999999999999993,0.817879308294074,0.07772939120625477,0.07896319106667174,0.9938425208247397,0.9969551541039717,1.4210881642941128e-14,-0.07797705242907003,-0.07772939120625477,-0.07896319106667174,-0.9938425208247397,4,0
642,1.0284913298527243,0.2366666666666667,-0.22999999999999993,0.8177456842297179,0.08161038665796329,0.07913734463802527,0.9935175013421655,0.9966428865221335,0.0,-0.08187158692018723,-0.08161038665796329,-0.07913734463802527,-0.9935175013421655,4,0
643,1.0301638831547189,0.23833333333333337,-0.22999999999999993,0.817605481625479,0.08551777845137723,0.07932083798388638,0.9931741610766337,0.99631300218614,1.4210882423566758e-14,-0.08579278334941932,-0.08551777845137723,-0.07932083798388638,-0.9931741610766337,4,0
644,1.0318370053765145,0.24000000000000002,-0.22999999999999993,0.8174586477353565,0.08945308789885625,0.07951385591009473,0.9928120123083061,0.9959650300262626,0.0,-0.08974218052168066,-0.08945308789885625,-0.07951385591009473,-0.9928120123083061,4,0
645,1.0335107277197724,0.2416666666666667,-0.22999999999999993,0.8173051267122253,0.09341788504731013,0.07971659524037157,0.9924305331843485,0.995598465947833,1.421088330999643e-14,-0.09372136683980653,-0.09341788504731013,-0.07971659524037157,-0.9924305331843485,4,0
646,1.0351850823295812,0.24333333333333337,-0.22999999999999993,0.8171448594928377,0.09741379222055238,0.07992926541173553,0.992029165708323,0.995212770878336,0.0,-0.09773198391859513,-0.09741379222055238,-0.07992926541173553,-0.992029165708323,4,0
647,1.0368601023614084,0.24500000000000002,-0.22999999999999993,0.8169777836739863,0.10144248779203233,0.08015208911963076,0.9916073135472137,0.9948073686367749,1.4210884313538237e-14,-0.10177573043695604,-0.10144248779203233,-0.08015208911963076,-0.9916073135472137,4,0
648,1.0385358220524192,0.2466666666666667,-0.22999999999999993,0.8168038333791794,0.10550571020967857,0.08038530301689822,0.9911643396390091,0.9943816436088979,-1.4210884863311545e-14,-0.10585436624753262,-0.10550571020967857,-0.08038530301689822,-0.9911643396390091,4,0
649,1.040212276797574,0.24833333333333338,-0.22999999999999993,0.8166229391151061,0.10960526229674769,0.08062915847117096,0.990699563581761,0.9939349382094079,0.0,-0.10996971677084727,-0.10960526229674769,-0.08062915847117096,-0.990699563581761,4,0
650,1.0418895032309632,0.25,-0.22999999999999993,0.8164350276171037,0.11374301585498384,0.0808839223857666,0.9902122587827854,0.9934665501105354,0.0,-0.114123677698675,-0.11374301585498384,-0.0808839223857666,-0.9902122587827854,4,0
651,1.043567539312879,0.2516666666666667,-0.22999999999999993,0.8162400216827492,0.11792091659911418,0.08114987808971323,0.989701649344109,0.9929757292133213,0.0,-0.11831822003931813,-0.11792091659911418,-0.08114987808971323,-0.989701649344109,4,0
652,1.0452464244231845,0.2533333333333334,-0.22999999999999993,0.8160378399926085,0.12214098945474942,0.08142732630316649,0.9891669066573813,0.992461674335666,0.0,-0.12255539553543307,-0.12214098945474942,-0.08142732630316649,-0.9891669066573813,4,0
653,1.0469261994615948,0.255,-0.22999999999999993,0.815828396917075,0.1264053442551938,0.08171658618517612,0.9886071456781841,0.9919235295875696,-1.4210888173250466e-14,-0.1268373424924138,-0.1264053442551938,-0.08171658618517612,-0.9886071456781841,4,0
654,1.0486069069555548,0.2566666666666667,-0.22999999999999993,0.8156116023081116,0.1307161818765367,0.0820179964715527,0.9880214208459311,0.9913603804004294,-1.4210888964663532e-14,-0.13116629205827193,-0.1307161818765367,-0.0820179964715527,-0.9880214208459311,4,0
655,1.050288591176476,0.25833333333333336,-0.22999999999999993,0.8153873612745823,0.13507580085475668,0.08233191671147103,0.9874087216112999,0.9907712491733536,0.0,-0.13554457499830977,-0.13507580085475668,-0.08233191671147103,-0.9874087216112999,4,0
656,1.0519712982651825,0.26,-0.22999999999999993,0.815155573939715,0.13948660453351583,0.08265872861245413,0.9867679675282752,0.9901550904941214,0.0,-0.13997462901746957,-0.13948660453351583,-0.08265872861245413,-0.9867679675282752,4,0
657,1.0536550763675099,0.2616666666666667,-0.22999999999999993,0.8149161351790709,0.143951108796898,0.08299883750451802,0.9860980028623131,0.9895107858874105,0.0,-0.1444590066852156,-0.143951108796898,-0.08299883750451802,-0.9860980028623131,4,0
658,1.0553399757811226,0.26333333333333336,-0.22999999999999993,0.8146689343372137,0.14847195044769024,0.08335267393554568,0.9853975906597565,0.9888371380366074,0.0,-0.14900038402491247,-0.14847195044769024,-0.08335267393554568,-0.9853975906597565,4,0
659,1.057026049114736,0.265,-0.22999999999999993,0.8144138549210616,0.1530518962990068,0.08372069541142284,0.9846654062162973,0.9881328644179452,0.0,-0.1536015698395906,-0.1530518962990068,-0.08372069541142284,-0.9846654062162973,4,0
660,1.0587133514610774,0.2666666666666667,-0.22999999999999993,0.8141507742676666,0.15769385305525535,0.08410338829613645,0.9839000298738164,0.9873965902776948,-1.4210894896617185e-14,-0.1582655158522609,-0.15769385305525535,-0.08410338829613645,-0.9839000298738164,4,0
661,1.060401940585091,0.26833333333333337,-0.22999999999999993,0.8138795631838973,0.1624008780677987,0.0845012698889362,0.9830999390651823,0.986626840873568,0.0,-0.16299532774850686,-0.1624008780677987,-0.0845012698889362,-0.9830999390651823,4,0
662,1.0620918771290841,0.27,-0.22999999999999993,0.8136000855551945,0.1671761910613554,0.08491489069783162,0.9822634995152738,0.9858220328900918,1.4210897433923972e-14,-0.16779427722198026,-0.1671761910613554,-0.08491489069783162,-0.9822634995152738,4,0
663,1.063783224836728,0.2716666666666667,-0.22999999999999993,0.8133121979202141,0.1720231869394345,0.08534483693119257,0.9813889554933805,0.9849804649248531,0.0,-0.17266581513553914,-0.1720231869394345,-0.08534483693119257,-0.9813889554933805,4,0
664,1.0654760507980907,0.2733333333333334,-0.22999999999999993,0.8130157490077764,0.17694544979114654,0.08579173323207133,0.980474418996868,0.9841003069276453,0.0,-0.1776135859243723,-0.17694544979114654,-0.08579173323207133,-0.980474418996868,4,0
665,1.0671704257181664,0.275,-0.22999999999999993,0.812710579232071,0.18194676823791908,0.08625624568316194,0.9795178577281901,0.9831795884567965,0.0,-0.18264144338546026,-0.18194676823791908,-0.08625624568316194,-0.9795178577281901,4,0
666,1.0688664242117154,0.2766666666666667,-0.22999999999999993,0.812396520141544,0.18703115227728384,0.08673908511410292,0.9785170817064972,0.9822161855963286,-1.4210903649037716e-14,-0.18775346801750042,-0.18703115227728384,-0.08673908511410292,-0.9785170817064972,4,0
667,1.0705641251276192,0.2783333333333334,-0.22999999999999993,0.8120733938162732,0.19220285180247093,0.08724101074722114,0.977469728330653,0.9812078063536194,-1.42109054907349e-14,-0.19295398609699232,-0.19220285180247093,-0.08724101074722114,-0.977469728330653,4,0
668,1.0722636119064264,0.28,-0.22999999999999993,0.8117410122079338,0.19746637700153044,0.08776283422290272,0.9763732456817182,0.9801519743287054,0.0,-0.19824759070299156,-0.19746637700153044,-0.08776283422290272,-0.9763732456817182,4,0
669,1.0739649729753,0.28166666666666673,-0.22999999999999993,0.8113991764156284,0.20282652086873001,0.08830542405169224,0.9752248738190271,0.9790460104126574,1.421090959632928e-14,-0.20363916493410275,-0.20282652086873001,-0.08830542405169224,-0.9752248738190271,4,0
670,1.0756683021852198,0.2833333333333334,-0.22999999999999993,0.8110476758898982,0.20828838409481,0.08886971054711922,0.9740216237838071,0.977887012232996,-1.421091188747785e-14,-0.20913390759516806,-0.20828838409481,-0.08886971054711922,-0.9740216237838071,4,0
671,1.0773736992960343,0.28500000000000003,-0.22999999999999993,0.8106862875561116,0.21385740264219075,0.08945669130130886,0.9727602539765685,0.9766718310164996,0.0,-0.2147373616743909,-0.21385740264219075,-0.08945669130130886,-0.9727602539765685,4,0
672,1.0790812705158452,0.28666666666666674,-0.22999999999999993,0.8103147748471119,0.21953937835753315,0.09006743727488567,0.9714372435176255,0.9753970454834989,0.0,-0.22045544597959243,-0.21953937835753315,-0.09006743727488567,-0.9714372435176255,4,0
673,1.0807911291022507,0.2883333333333334,-0.22999999999999993,0.809932886633459,0.22534051302849462,0.09070309958379687,0.9700487621320625,0.9740589323201918,0.0,-0.22629449035990243,-0.22534051302849462,-0.09070309958379687,-0.9700487621320625,4,0
674,1.0825033960342219,0.29000000000000004,-0.22999999999999993,0.8095403560377802,0.2312674463556682,0.0913649170787828,0.968590636018806,0.9726534326945097,0.0,-0.23226127500637522,-0.2312674463556682,-0.0913649170787828,-0.968590636018806,4,0
675,1.084218200764865,0.29166666666666674,-0.22999999999999993,0.8091368991175782,0.23732729838662264,0.09205422482875088,0.9670583090650143,0.9711761141828842,0.0,-0.23836307440674062,-0.23732729838662264,-0.09205422482875088,-0.9670583090650143,4,0
676,1.0859356820671127,0.29333333333333333,-0.22999999999999993,0.8087222133982767,0.24352771704903675,0.09277246363772865,0.9654467986478957,0.9696221273573639,1.4210930139645596e-14,-0.2446077066222161,-0.24352771704903675,-0.09277246363772865,-0.9654467986478957,4,0
677,1.0876559889865194,0.29500000000000004,-0.22999999999999993,0.8082959762352083,0.2498769315272495,0.09352119074704107,0.963750645121331,0.9679861561375829,0.0,-0.25100358867153083,-0.2498769315272495,-0.09352119074704107,-0.963750645121331,4,0
678,1.0893792819179382,0.29666666666666675,-0.22999999999999993,0.8078578429795658,0.2563838123548437,0.09430209190063245,0.9619638539080152,0.9662623608367927,0.0,-0.2575597989401833,-0.2563838123548437,-0.09430209190063245,-0.9619638539080152,4,0
679,1.0911057338259966,0.29833333333333334,-0.22999999999999993,0.807407444918889,0.2630579392498695,0.09511699498300401,0.96007982890123,0.9644443126146175,0.0,-0.2642861476985083,-0.2630579392498695,-0.09511699498300401,-0.96007982890123,4,0
680,1.0928355316331364,0.30000000000000004,-0.22999999999999993,0.8069443869572822,0.2699096779048788,0.09596788547729056,0.9580912956134724,0.47846664041919584,0.8500187299539012,-0.220313033508063,-0.2699096779048788,-0.09596788547729056,-0.9580912956134724,4,0
681,1.093840801237723,0.30000000000000004,-0.22899999999999993,0.8068415911504331,0.27039001743432983,0.1009456065088168,0.9574441095951397,2.8421806545318526e-14,0.9944873793371543,-0.10485634143493193,-0.27039001743432983,-0.1009456065088168,-0.9574441095951397,4,1
682,1.0948466251666547,0.30000000000000004,-0.22799999999999992,0.8067335088854135,0.27089655358184894,0.1059506520675679,0.9567599054015243,0.0,0.9939236591198937,-0.11007161233361455,-0.27089655358184894,-0.1059506520675679,-0.9567599054015243,4,1
683,1.0958530355239318,0.30000000000000004,-0.22699999999999992,0.8066200989774038,0.2714297099177658,0.11098459249970903,0.9560378302146998,0.0,0.9933284643959983,-0.11531939048003967,-0.2714297099177658,-0.11098459249970903,-0.9560378302146998,4,1
684,1.0968600653049934,0.30000000000000004,-0.22599999999999992,0.8065013177501631,0.27198993678428496,0.1160490396946286,0.9552769727539941,2.84218106916398e-14,0.9927009994407477,-0.12060151619834841,-0.27198993678428496,-0.1160490396946286,-0.9552769727539941,4,1
685,1.097867748461101,0.30000000000000004,-0.22499999999999992,0.8063771189454053,0.2725777124092649,0.12114564995967364,0.9544763602067785,-2.842181225516154e-14,0.992040413870506,-0.1259198842424621,-0.2725777124092649,-0.12114564995967364,-0.9544763602067785,4,1
686,1.0988761199676835,0.30000000000000004,-0.22399999999999992,0.8062474536251094,0.27319354410673535,0.12627612705378025,0.9536349548934848,0.0,0.9913457995573944,-0.13127644762069993,-0.27319354410673535,-0.12627612705378025,-0.9536349548934848,4,1
687,1.0998852158970118,0.30000000000000004,-0.22299999999999992,0.8061122700662466,0.27383796957035683,0.13144222539377162,0.9527516506441315,2.842181568235653e-14,0.9906161872707886,-0.13667322165327733,-0.27383796957035683,-0.13144222539377162,-0.9527516506441315,4,1
688,1.100895073495616,0.30000000000000004,-0.22199999999999992,0.805971513647357,0.2745115582666352,0.13664575344828098,0.9518252688611368,0.0,0.9898505430213859,-0.1421122882803151,-0.2745115582666352,-0.13664575344828098,-0.9518252688611368,4,1
689,1.1019057312668932,0.30000000000000004,-0.22099999999999992,0.8058251267263461,0.2752149129353737,0.1418885773355708,0.9508545542403751,-2.842181954637833e-14,0.9890477640798442,-0.14759580064710762,-0.2752149129353737,-0.1418885773355708,-0.9508545542403751,4,1
690,1.1029172290594014,0.30000000000000004,-0.21999999999999992,0.8056730485088098,0.27594867120558103,0.14717262464297692,0.9498381701192954,-2.8421821657749346e-14,0.9882066746395834,-0.153125987989552,-0.27594867120558103,-0.14717262464297692,-0.9498381701192954,4,1
691,1.1039296081613879,0.30000000000000004,-0.21899999999999992,0.8055152149061175,0.27671350733588357,0.15249988848733173,0.9487746934173704,0.0,0.9873260210894972,-0.15870516084734598,-0.27671350733588357,-0.15249988848733173,-0.9487746934173704,4,1
692,1.1049429114021567,0.30000000000000004,-0.21799999999999992,0.8053515583824081,0.27751013408936986,0.15787243183750857,0.9476626091301752,0.0,0.986404466858251,-0.16433571663545846,-0.27751013408936986,-0.15787243183750857,-0.9476626091301752,4,1
693,1.1059571832609483,0.30000000000000004,-0.21699999999999992,0.8051820077895567,0.2783393047538233,0.1632923921222434,0.9465003043338939,-2.8421828797488525e-14,0.9854405867875194,-0.17002014560595305,-0.2783393047538233,-0.1632923921222434,-0.9465003043338939,4,1
694,1.1069724699840737,0.30000000000000004,-0.21599999999999991,0.8050064881890703,0.2792018153193975,0.16876198614861393,0.945286061651989,0.0,0.9844328609858046,-0.17576103723892728,-0.2792018153193975,-0.16876198614861393,-0.945286061651989,4,1
695,1.1079888197111376,0.30000000000000004,-0.2149999999999999,0.8048249206597522,0.2800985068270414,0.17428351535904835,0.9440180521300184,0.0,0.9833796681093392,-0.1815610871006388,-0.2800985068270414,-0.17428351535904835,-0.9440180521300184,4,1
696,1.109006282611269,0.30000000000000004,-0.2139999999999999,0.8046372220898488,0.28103026790235186,0.17985937145750558,0.9426943274580809,-2.842183733286267e-14,0.9822792780094174,-0.18742310421422909,-0.28103026790235186,-0.17985937145750558,-0.9426943274580809,4,1
697,1.1100249110303981,0.30000000000000004,-0.2129999999999999,0.8044433049522419,0.28199803749107655,0.1854920424385752,0.9413128114729701,-2.842184053759119e-14,0.981129843678076,-0.1933500189920708,-0.28199803749107655,-0.1854920424385752,-0.9413128114729701,4,1
698,1.1110447596507322,0.30000000000000004,-0.2119999999999999,0.8042430770610846,0.2830028078142316,0.19118411905672572,0.9398712908636825,0.0,0.9799293924149379,-0.19934489178629713,-0.2830028078142316,-0.19118411905672572,-0.9398712908636825,4,1
699,1.1120658856637273,0.30000000000000004,-0.2109999999999999,0.8040364413080906,0.2840456275627024,0.1969383017768074,0.9383674049943219,0.0,0.9786758161291003,-0.20541092211476833,-0.2840456275627024,-0.1969383017768074,-0.9383674049943219,4,1
700,1.1130883489580148,0.30000000000000004,-0.2099999999999999,0.8038232953764732,0.28512760535338794,0.20275740825129848,0.9367986347474354,-0.4984884920511747,0.8661842836286886,-0.03512847971662884,-0.28512760535338794,-0.20275740825129848,-0.9367986347474354,4,1
701,1.1148283506966832,0.2983333333333334,-0.2099999999999999,0.8043231236197644,0.2776055898662578,0.20075432487503425,0.9394854110197648,-0.9589977557946224,7.105484361825078e-15,0.2834136630102327,-0.2776055898662578,-0.20075432487503425,-0.9394854110197648,5,0
702,1.116564237611806,0.2966666666666667,-0.2099999999999999,0.8048084334221755,0.2703004087436224,0.19884167999530888,0.942018935759613,-0.9612023202066977,0.0,0.2758443394910634,-0.2703004087436224,-0.19884167999530888,-0.942018935759613,5,0
703,1.1182962643673757,0.29500000000000004,-0.2099999999999999,0.8052797495626076,0.26319841959034657,0.19701402168166332,0.9444109630801418,-0.9632812896045234,7.105477590666495e-15,0.2684942403438969,-0.26319841959034657,-0.19701402168166332,-0.9444109630801418,5,0
704,1.120024664237367,0.2933333333333334,-0.2099999999999999,0.8057375577460297,0.2562871049307137,0.19526636566149652,0.9466720479065515,-0.9652442478629705,0.0,0.2613494633004791,-0.2562871049307137,-0.19526636566149652,-0.9466720479065515,5,0
705,1.1217496514774528,0.2916666666666667,-0.2099999999999999,0.8061823084634888,0.24955495339684672,0.19359414566543304,0.9488116946998328,-0.9670998055950115,0.0,0.25439726024092874,-0.24955495339684672,-0.19359414566543304,-0.9488116946998328,5,0
706,1.1234714233777257,0.29000000000000004,-0.2099999999999999,0.8066144203688924,0.2429913558868807,0.1919931700834617,0.9508384844996326,-0.9688557201737575,0.0,0.24762591440838672,-0.2429913558868807,-0.1919931700834617,-0.9508384844996326,5,0
707,1.1251901620466693,0.2883333333333334,-0.2099999999999999,0.8070342832445367,0.23658651450825843,0.19045958400664867,0.9527601838935378,-0.9705189983654333,0.0,0.24102463320531373,-0.23658651450825843,-0.19045958400664867,-0.9527601838935378,5,0
708,1.1269060359676155,0.28666666666666674,-0.2099999999999999,0.8074422606149945,0.23033136248154384,0.1889898358822927,0.9545838388484166,-0.9720959844470718,0.0,0.23458345427987537,-0.23033136248154384,-0.1889898358822927,-0.9545838388484166,5,0
709,1.1286192013617264,0.28500000000000003,-0.2099999999999999,0.8078386920590065,0.22421749347430786,0.1875806481353691,0.9563158558056086,-0.9735924361509477,0.0,0.22829316299368846,-0.22421749347430786,-0.1875806481353691,-0.9563158558056086,5,0
710,1.130329803385737,0.2833333333333334,-0.2099999999999999,0.8082238952609292,0.2182370990761538,0.1862289912116516,0.9579620720149183,-0.975013590355389,0.0,0.22214521967013728,-0.2182370990761538,-0.1862289912116516,-0.9579620720149183,5,0
711,1.1320379771879996,0.28166666666666673,-0.2099999999999999,0.8085981678366795,0.21238291332513176,0.18493206058242798,0.9595278167391849,-0.9763642201026024,0.0,0.2161316952772941,-0.21238291332513176,-0.18493206058242798,-0.9595278167391849,5,0
712,1.1337438488425486,0.28,-0.2099999999999999,0.8089617889637,0.2066481633607535,0.18368725632067018,0.9610179646838095,-0.9776486842509671,0.0,0.2102452144101095,-0.2066481633607535,-0.18368725632067018,-0.9610179646838095,5,0
713,1.135447536177773,0.2783333333333334,-0.2099999999999999,0.8093150208399884,0.2010265254160358,0.18249216491668535,0.9624369827802635,-0.9788709708489802,7.105457557922613e-15,0.2044789046067466,-0.2010265254160358,-0.18249216491668535,-0.9624369827802635,5,0
714,1.1371491495137154,0.2766666666666667,-0.2099999999999999,0.8096581099935325,0.19551208547553295,0.18134454304977002,0.9637889712686476,-0.980034735137322,7.105456329313992e-15,0.19882635118192718,-0.19551208547553295,-0.18134454304977002,-0.9637889712686476,5,0
715,1.1388487923198831,0.275,-0.2099999999999999,0.809991288460394,0.19009930402237135,0.1802423030730636,0.9650776998735013,-0.9811433329396292,0.0,0.19328155687523846,-0.19009930402237135,-0.1802423030730636,-0.9650776998735013,5,0
716,1.140546561803697,0.2733333333333334,-0.2099999999999999,0.8103147748471119,0.18478298437801746,0.17918350000292638,0.9663066397428173,-0.9821998500808924,-7.105454134576735e-15,0.18783890571729997,-0.18478298437801746,-0.17918350000292638,-0.9663066397428173,5,0
717,1.1422425494382287,0.2716666666666667,-0.2099999999999999,0.8106287752909127,0.17955824420672079,0.17816631983302558,0.96747899171742,-0.9832071283735733,0.0,0.18249313059781688,-0.17955824420672079,-0.17816631983302558,-0.96747899171742,5,0
718,1.143936841436649,0.27,-0.2099999999999999,0.8109334843293963,0.17442048981427316,0.17718906901767473,0.9685977114125341,-0.984167788628697,7.105452240054058e-15,0.1772392840927211,-0.17442048981427316,-0.17718906901767473,-0.9685977114125341,5,0
719,1.1456295191797687,0.26833333333333337,-0.2099999999999999,0.8112290856898043,0.16936539291980587,0.17625016498971705,0.969665531522193,-0.9850842510810285,-7.105451389660406e-15,0.1720727121659017,-0.16936539291980587,-0.17625016498971705,-0.969665531522193,5,0
720,1.1473206596021874,0.2666666666666667,-0.2099999999999999,0.8115157530066727,0.16438886962111654,0.17534812759585794,0.9706849816976248,-0.985958753559959,7.105450596767964e-15,0.16698903041365337,-0.16438886962111654,-0.17534812759585794,-0.9706849816976248,5,0
721,1.149010335541821,0.265,-0.2099999999999999,0.8117936504755334,0.15948706130978618,0.17448157134745879,0.9716584063007381,-0.9867933676898796,-7.105449856747425e-15,0.16198410256338783,-0.15948706130978618,-0.17448157134745879,-0.9716584063007381,5,0
722,1.1506986160569557,0.26333333333333336,-0.2099999999999999,0.8120629334493836,0.1546563173229394,0.17364919839768672,0.9725879802917303,-0.9875900133638353,1.421089833087013e-14,0.1570540209737385,-0.1546563173229394,-0.17364919839768672,-0.9725879802917303,5,0
723,1.1523855667144356,0.2616666666666667,-0.2099999999999999,0.8123237489838024,0.1498931791448536,0.1728497921670387,0.9734757234742222,-0.9883504716999628,7.105448519078484e-15,0.15219508891702507,-0.1498931791448536,-0.1728497921670387,-0.9734757234742222,5,0
724,1.154071249852141,0.26,-0.2099999999999999,0.8125762363358945,0.14519436599430086,0.17208221154880143,0.9743235132911382,-0.9890763966618233,7.105447914290652e-15,0.14740380445043957,-0.14519436599430086,-0.17208221154880143,-0.9743235132911382,5,0
725,1.1557557248185157,0.25833333333333336,-0.2099999999999999,0.8128205274216204,0.14055676165311506,0.17134538563427396,0.9751330963388698,-0.989769325499045,7.10544734800889e-15,0.142676845707934,-0.14055676165311506,-0.17134538563427396,-0.9751330963388698,5,0
726,1.1574390481915693,0.2566666666666667,-0.2099999999999999,0.8130567472355456,0.1359774024084527,0.17063830890472528,0.9759060987453584,-0.9904306881443243,7.105446817459481e-15,0.13801105746265538,-0.1359774024084527,-0.17063830890472528,-0.9759060987453584,5,0
727,1.1591212739794876,0.255,-0.2099999999999999,0.8132850142365764,0.13145346599596486,0.16996003684326813,0.9766440355389894,-0.9910618156847907,0.0,0.13340343882961175,-0.13145346599596486,-0.16996003684326813,-0.9766440355389894,5,0
728,1.160802453804733,0.25333333333333335,-0.2099999999999999,0.8135054407028508,0.12698226144391977,0.16930968192522675,0.9773483191191187,-0.9916639480107626,0.0,0.1288511319923405,-0.12698226144391977,-0.16930968192522675,-0.9773483191191187,5,0
729,1.1624826370732997,0.2516666666666667,-0.2099999999999999,0.8137181330585982,0.12256121972950972,0.16868640995029324,0.9780202669252291,-0.992238240732005,0.0,0.12435141184986978,-0.12256121972950972,-0.16868640995029324,-0.9780202669252291,5,0
730,1.164161871130599,0.25000000000000006,-0.2099999999999999,0.8139231921754794,0.11818788516834698,0.16808943668387152,0.9786611083897901,-0.9927857714400609,0.0,0.11990167649438084,-0.11818788516834698,-0.16808943668387152,-0.9786611083897901,5,0
731,1.1658402014052855,0.24833333333333335,-0.2099999999999999,0.8141207136506445,0.11385990746671955,0.16751802477862224,0.979271991249591,-0.9933075453860324,0.0,0.11549943843662287,-0.11385990746671955,-0.16751802477862224,-0.979271991249591,5,0
732,1.1675176715421893,0.2466666666666667,-0.2099999999999999,0.8143107880635104,0.1095750343736917,0.16697148095038766,0.9798539872813901,-0.993804500634397,-7.105444258529551e-15,0.11114231650823576,-0.1095750343736917,-0.16697148095038766,-0.9798539872813901,5,0
733,1.1691943235253968,0.24500000000000005,-0.2099999999999999,0.8144935012130521,0.10533110487672866,0.166449153385448,0.9804080975199638,-0.9942775127465409,-1.4210887838098187e-14,0.10682802837529234,-0.10533110487672866,-0.166449153385448,-0.9804080975199638,5,0
734,1.170870197792408,0.24333333333333337,-0.2099999999999999,0.8146689343372137,0.10112604289035657,0.16595042935853413,0.9809352570098884,-0.9947273990411627,0.0,0.10255438360598448,-0.10112604289035657,-0.16595042935853413,-0.9809352570098884,5,0
735,1.1725453333402076,0.2416666666666667,-0.2099999999999999,0.8148371643158859,0.09695785139248125,0.16547473304316831,0.9814363391364953,-0.9951549224733245,0.0,0.09831927724058802,-0.09695785139248125,-0.16547473304316831,-0.9814363391364953,5,0
736,1.1742197678239925,0.24000000000000005,-0.2099999999999999,0.814998263858747,0.09282460696753533,0.16502152349784086,0.9819121595762902,-0.995560795169227,7.105443021308251e-15,0.09412068381613249,-0.09282460696753533,-0.16502152349784086,-0.9819121595762902,5,0
737,1.1758935376492339,0.23833333333333337,-0.2099999999999999,0.8151523016791381,0.08872445471962442,0.1645902928132166,0.9823634799026096,-0.9959456816492721,7.10544275861074e-15,0.08995665180611585,-0.08872445471962442,-0.1645902928132166,-0.9823634799026096,5,0
738,1.177566678057678,0.2366666666666667,-0.2099999999999999,0.8152993426550266,0.0846556035224079,0.16418056440709447,0.9827910108783173,-0.9963102017688147,0.0,0.08582529843457458,-0.0846556035224079,-0.16418056440709447,-0.9827910108783173,5,0
739,1.1792392232078326,0.23500000000000004,-0.2099999999999999,0.8154394479780102,0.08061632157558973,0.16379189145516668,0.9831954154638639,-0.99665493340221,0.0,0.08172480483327266,-0.08061632157558973,-0.16379189145516668,-0.9831954154638639,5,0
740,1.1809112062504388,0.23333333333333336,-0.2099999999999999,0.8155726752912194,0.07660493224071083,0.16342385544685006,0.9835773115659405,-0.9969804148933916,1.4210884134322643e-14,0.07765341150909398,-0.07660493224071083,-0.16342385544685006,-0.9835773115659405,5,0
741,1.182582659399373,0.2316666666666667,-0.2099999999999999,0.8156990788168971,0.07261981013141458,0.16307606485651027,0.983937274549243,-0.9972871472933991,0.0,0.07360941409489835,-0.07261981013141458,-0.16307606485651027,-0.983937274549243,5,0
742,1.1842536139983915,0.23000000000000004,-0.2099999999999999,0.8158187094743549,0.06865937743558416,0.16274815392138495,0.9842758395314493,-0.9975755964032785,7.105441679101e-15,0.06959115935693963,-0.06865937743558416,-0.16274815392138495,-0.9842758395314493,5,0
743,1.185924100584091,0.22833333333333336,-0.2099999999999999,0.8159316149889432,0.06472210044871879,0.16243978151835334,0.9845935034793678,-0.9978461946385322,7.105441504980673e-15,0.06559704143786185,-0.06472210044871879,-0.16243978151835334,-0.9845935034793678,5,0
744,1.1875941489454211,0.22666666666666668,-0.2099999999999999,0.8160378399926085,0.06080648629968466,0.16215063013249278,0.9848907271223148,-0.998099342729901,7.105441343388474e-15,0.06162549831149138,-0.06080648629968466,-0.16215063013249278,-0.9848907271223148,5,0
745,1.1892637881800647,0.22500000000000003,-0.2099999999999999,0.8161374261165576,0.0569110798515417,0.16188040491105218,0.9851679366970715,-0.9983354112733313,1.421088238765164e-14,0.05767500843267086,-0.0569110798515417,-0.16188040491105218,-0.9851679366970715,5,0
746,1.1909330467479695,0.22333333333333336,-0.2099999999999999,0.8162304120764978,0.053034460761552514,0.16162883279711274,0.9854255255372545,-0.9985547421409103,-7.105441055839165e-15,0.05374408756226187,-0.053034460761552514,-0.16162883279711274,-0.9854255255372545,5,0
747,1.1926019525222962,0.22166666666666668,-0.2099999999999999,0.8163168337508783,0.04917524068572715,0.16139566173777156,0.9856638555185676,-0.9987576497631289,1.4210881858029904e-14,0.049831285751336836,-0.04917524068572715,-0.16139566173777156,-0.9856638555185676,5,0
748,1.1942705328380225,0.22000000000000003,-0.2099999999999999,0.8163967242525133,0.04533206061437304,0.1611806599622155,0.9858832583701781,-0.9989444222916222,-1.4210881625956767e-14,0.045935184471789015,-0.04533206061437304,-0.1611806599622155,-0.9858832583701781,5,0
749,1.1959388145384326,0.21833333333333338,-0.2099999999999999,0.8164701139939345,0.04150358832610952,0.1609836153255158,0.9860840368613535,-0.9991153226508906,0.0,0.04205439387515468,-0.04150358832610952,-0.1609836153255158,-0.9860840368613535,5,0
750,1.1976068240196973,0.2166666666666667,-0.2099999999999999,0.816537030746779,0.03768851594869215,0.16080433471442,0.9862664658714896,-0.9992705894861091,0.0,0.0381875501712788,-0.03768851594869215,-0.16080433471442,-0.9862664658714896,5,0
751,1.1992745872737405,0.21500000000000002,-0.2099999999999999,0.8165974996954929,0.03388555761577111,0.16064264351180402,0.9864307933507589,-0.9994104380137445,0.0,0.03433331311096226,-0.03388555761577111,-0.16064264351180402,-0.9864307933507589,5,0
752,1.2009421299295746,0.21333333333333337,-0.2099999999999999,0.8166515434855963,0.030093447209405565,0.1604983851168297,0.9865772411777723,-0.999535060780635,0.0,0.03049036356379375,-0.030093447209405565,-0.1604983851168297,-0.9865772411777723,5,0
753,1.2026094772932772,0.2116666666666667,-0.2099999999999999,0.8166991822667304,0.026310936178762845,0.16037142051817363,0.986706005919889,-0.9996446283366639,1.421088076784728e-14,0.02665740117965372,-0.026310936178762845,-0.16037142051817363,-0.986706005919889,5,0
754,1.2042766543867667,0.21000000000000002,-0.2099999999999999,0.81674043373068,0.02253679142597244,0.16026162791802648,0.9868172595011125,-0.9997392898254694,0.0,0.02283314212424681,-0.02253679142597244,-0.16026162791802648,-0.9868172595011125,5,0
755,1.2059436859855341,0.20833333333333337,-0.2099999999999999,0.816775313144541,0.01876979325056756,0.16016890240484308,0.9869111497818629,-0.9998191734970923,7.105440278427415e-15,0.019016316877656154,-0.01876979325056756,-0.16016890240484308,-0.9869111497818629,5,0
756,1.2076105966554747,0.2066666666666667,-0.2099999999999999,0.8168038333791794,0.01500873334435427,0.16009315567311225,0.9869878010543103,-0.9998843871457967,1.421088047832101e-14,0.015205668090373024,-0.01500873334435427,-0.16009315567311225,-0.9869878010543103,5,0
757,1.2092774107889586,0.20500000000000002,-0.2099999999999999,0.8168260049331066,0.011252412828890166,0.1600343157886604,0.987047314456396,-0.9999350184759748,-7.105440208729793e-15,0.011399948484622528,-0.011252412828890166,-0.1600343157886604,-0.987047314456396,5,0
758,1.210944152640276,0.20333333333333337,-0.2099999999999999,0.8168418359518749,0.007499640328043916,0.15999232699826954,0.9870897683071327,-0.9999711353984164,0.0,0.0075979187941038655,-0.007499640328043916,-0.15999232699826954,-0.9870897683071327,5,0
759,1.2126108463605871,0.2016666666666667,-0.2099999999999999,0.8168513322430768,0.003749230068342468,0.15996714958261132,0.9871152183652672,-0.9999927862588187,0.0,0.0037983457352500074,-0.003749230068342468,-0.15996714958261132,-0.9871152183652672,5,0
760,1.2142775160325021,0.2,-0.2099999999999999,0.8168544972870135,0.0,0.15995875975174154,0.987123698012911,-1.0,0.0,0.0,-0.0,-0.15995875975174154,-0.987123698012911,5,0
761,1.215944185704417,0.19833333333333336,-0.2099999999999999,0.8168513322430768,-0.0037492300683424056,0.15996714958261132,0.9871152183652672,-0.9999927862588187,0.0,-0.0037983457352500074,0.0037492300683424056,-0.15996714958261132,-0.9871152183652672,5,0
762,1.2176108794247282,0.19666666666666668,-0.2099999999999999,0.8168418359518749,-0.0074996403280438535,0.15999232699826954,0.9870897683071327,-0.9999711353984164,0.0,-0.007597918794103811,0.0074996403280438535,-0.15999232699826954,-0.9870897683071327,5,0
763,1.2192776212760457,0.195,-0.2099999999999999,0.8168260049331066,-0.011252412828890166,0.1600343157886604,0.987047314456396,-0.9999350184759748,0.0,-0.011399948484621718,0.011252412828890166,-0.1600343157886604,-0.987047314456396,5,0
764,1.2209444354095293,0.19333333333333336,-0.2099999999999999,0.8168038333791794,-0.01500873334435421,0.16009315567311225,0.9869878010543103,-0.9998843871457963,0.0,-0.015205668090400897,0.01500873334435421,-0.16009315567311225,-0.9869878010543103,5,0
765,1.2226113460794699,0.1916666666666667,-0.2099999999999999,0.816775313144541,-0.018769793250567435,0.16016890240484308,0.9869111497818629,-0.9998191734970923,-7.105440278427566e-15,-0.01901631687765656,0.018769793250567435,-0.16016890240484308,-0.9869111497818629,5,0
766,1.2242783776782373,0.19000000000000003,-0.2099999999999999,0.81674043373068,-0.022536791425972376,0.16026162791802648,0.9868172595011125,-0.9997392898254694,0.0,-0.02283314212424665,0.022536791425972376,-0.16026162791802648,-0.9868172595011125,5,0
767,1.2259455547717268,0.18833333333333335,-0.2099999999999999,0.8166991822667304,-0.026310936178762782,0.16037142051817363,0.986706005919889,-0.9996446283366639,-1.4210880767847786e-14,-0.026657401179654667,0.026310936178762782,-0.16037142051817363,-0.986706005919889,5,0
768,1.2276129021354294,0.1866666666666667,-0.2099999999999999,0.8166515434855963,-0.030093447209405443,0.1604983851168297,0.9865772411777723,-0.999535060780635,0.0,-0.03049036356379375,0.030093447209405443,-0.1604983851168297,-0.9865772411777723,5,0
769,1.2292804447912635,0.18500000000000003,-0.2099999999999999,0.8165974996954929,-0.03388555761577105,0.16064264351180402,0.9864307933507589,-0.9994104380137445,0.0,-0.03433331311096226,0.03388555761577105,-0.16064264351180402,-0.9864307933507589,5,0
770,1.2309482080453067,0.18333333333333335,-0.2099999999999999,0.816537030746779,-0.03768851594869208,0.16080433471442,0.9862664658714896,-0.9992705894861091,0.0,-0.03818755017127853,0.03768851594869208,-0.16080433471442,-0.9862664658714896,5,0
771,1.2326162175265714,0.1816666666666667,-0.2099999999999999,0.8164701139939345,-0.0415035883261094,0.1609836153255158,0.9860840368613535,-0.9991153226508893,7.105440707391456e-15,-0.04205439387518544,0.0415035883261094,-0.1609836153255158,-0.9860840368613535,5,0
772,1.2342844992269817,0.18000000000000002,-0.2099999999999999,0.8163967242525133,-0.045332060614372977,0.1611806599622155,0.9858832583701781,-0.9989444222916246,-7.105440812978704e-15,-0.045935184471734246,0.045332060614372977,-0.1611806599622155,-0.9858832583701781,5,0
773,1.235953079542708,0.17833333333333334,-0.2099999999999999,0.8163168337508783,-0.04917524068572715,0.16139566173777156,0.9856638555185676,-0.9987576497631275,7.10544092901459e-15,-0.049831285751362704,0.04917524068572715,-0.16139566173777156,-0.9856638555185676,5,0
774,1.2376219853170345,0.1766666666666667,-0.2099999999999999,0.8162304120764978,-0.05303446076155246,0.16162883279711274,0.9854255255372545,-0.9985547421409151,-7.105441055838744e-15,-0.053744087562173415,0.05303446076155246,-0.16162883279711274,-0.9854255255372545,5,0
775,1.2392912438849393,0.17500000000000002,-0.2099999999999999,0.8161374261165576,-0.05691107985154164,0.16188040491105218,0.9851679366970715,-0.9983354112733313,-1.4210882387651944e-14,-0.057675008432672085,0.05691107985154164,-0.16188040491105218,-0.9851679366970715,5,0
776,1.2409608831195829,0.17333333333333334,-0.2099999999999999,0.8160378399926085,-0.06080648629968466,0.16215063013249278,0.9848907271223148,-0.998099342729901,-7.105441343388626e-15,-0.061625498311492694,0.06080648629968466,-0.16215063013249278,-0.9848907271223148,5,0
777,1.242630931480913,0.1716666666666667,-0.2099999999999999,0.8159316149889432,-0.06472210044871873,0.16243978151835334,0.9845935034793678,-0.9978461946385322,-7.105441504980724e-15,-0.06559704143786232,0.06472210044871873,-0.16243978151835334,-0.9845935034793678,5,0
778,1.2443014180666125,0.17,-0.2099999999999999,0.8158187094743549,-0.0686593774355841,0.16274815392138495,0.9842758395314493,-0.9975755964032785,-7.105441679101151e-15,-0.06959115935694112,0.0686593774355841,-0.16274815392138495,-0.9842758395314493,5,0
779,1.245972372665631,0.16833333333333336,-0.2099999999999999,0.8156990788168971,-0.07261981013141451,0.16307606485651027,0.983937274549243,-0.997287147293399,0.0,-0.07360941409489886,0.07261981013141451,-0.16307606485651027,-0.983937274549243,5,0
780,1.2476438258145652,0.16666666666666669,-0.2099999999999999,0.8155726752912194,-0.07660493224071077,0.16342385544685006,0.9835773115659405,-0.9969804148933915,-1.4210884134323043e-14,-0.07765341150909617,0.07660493224071077,-0.16342385544685006,-0.9835773115659405,5,0
781,1.2493158088571714,0.165,-0.2099999999999999,0.8154394479780102,-0.08061632157558966,0.16379189145516668,0.9831954154638639,-0.99665493340221,0.0,-0.08172480483327266,0.08061632157558966,-0.16379189145516668,-0.9831954154638639,5,0
782,1.250988354007326,0.16333333333333336,-0.2099999999999999,0.8152993426550266,-0.08465560352240785,0.16418056440709447,0.9827910108783173,-0.9963102017688147,0.0,-0.08582529843457397,0.08465560352240785,-0.16418056440709447,-0.9827910108783173,5,0
783,1.2526614944157701,0.16166666666666668,-0.2099999999999999,0.8151523016791381,-0.08872445471962435,0.1645902928132166,0.9823634799026096,-0.9959456816492747,-7.105442758610807e-15,-0.0899566518060883,0.08872445471962435,-0.1645902928132166,-0.9823634799026096,5,0
784,1.2543352642410115,0.16000000000000003,-0.2099999999999999,0.8149982638587471,-0.09282460696753503,0.16502152349784055,0.9819121595762904,-0.9955607951692271,-7.1054430213082e-15,-0.09412068381613183,0.09282460696753503,-0.16502152349784055,-0.9819121595762904,5,0
785,1.2560096987247964,0.15833333333333335,-0.2099999999999999,0.8148371643158859,-0.09695785139248118,0.16547473304316831,0.9814363391364953,-0.9951549224733218,0.0,-0.09831927724061337,0.09695785139248118,-0.16547473304316831,-0.9814363391364953,5,0
786,1.257684834272596,0.15666666666666668,-0.2099999999999999,0.8146689343372137,-0.1011260428903565,0.16595042935853413,0.9809352570098884,-0.9947273990411626,0.0,-0.1025543836059852,0.1011260428903565,-0.16595042935853413,-0.9809352570098884,5,0
787,1.2593607085396072,0.15500000000000003,-0.2099999999999999,0.8144935012130521,-0.10533110487672853,0.166449153385448,0.9804080975199638,-0.9942775127465411,1.4210887838097887e-14,-0.10682802837529007,0.10533110487672853,-0.166449153385448,-0.9804080975199638,5,0
788,1.2610373605228147,0.15333333333333335,-0.2099999999999999,0.8143107880635104,-0.10957503437369163,0.16697148095038766,0.9798539872813901,-0.9938045006343971,7.105444258529452e-15,-0.11114231650823421,0.10957503437369163,-0.16697148095038766,-0.9798539872813901,5,0
789,1.2627148306597185,0.15166666666666667,-0.2099999999999999,0.8141207136506445,-0.11385990746671955,0.16751802477862224,0.979271991249591,-0.9933075453860324,0.0,-0.11549943843662287,0.11385990746671955,-0.16751802477862224,-0.979271991249591,5,0
790,1.264393160934405,0.15000000000000002,-0.2099999999999999,0.8139231921754794,-0.11818788516834686,0.16808943668387152,0.9786611083897901,-0.9927857714400605,0.0,-0.11990167649438421,0.11818788516834686,-0.16808943668387152,-0.9786611083897901,5,0
791,1.2660723949917043,0.14833333333333334,-0.2099999999999999,0.8137181330585982,-0.12256121972950963,0.16868640995029324,0.9780202669252291,-0.9922382407320052,0.0,-0.12435141184986714,0.12256121972950963,-0.16868640995029324,-0.9780202669252291,5,0
792,1.267752578260271,0.14666666666666667,-0.2099999999999999,0.8135054407028508,-0.12698226144391977,0.16930968192522675,0.9773483191191187,-0.9916639480107627,0.0,-0.12885113199233958,0.12698226144391977,-0.16930968192522675,-0.9773483191191187,5,0
793,1.2694337580855164,0.14500000000000002,-0.2099999999999999,0.8132850142365764,-0.13145346599596486,0.16996003684326813,0.9766440355389894,-0.9910618156847907,0.0,-0.13340343882961175,0.13145346599596486,-0.16996003684326813,-0.9766440355389894,5,0
794,1.2711159838734347,0.14333333333333334,-0.2099999999999999,0.8130567472355456,-0.13597740240845263,0.17063830890472528,0.9759060987453584,-0.9904306881443239,-7.105446817459581e-15,-0.13801105746265732,0.13597740240845263,-0.17063830890472528,-0.9759060987453584,5,0
795,1.2727993072464883,0.1416666666666667,-0.2099999999999999,0.8128205274216204,-0.14055676165311498,0.17134538563427396,0.9751330963388698,-0.9897693254990447,-7.105447348008991e-15,-0.142676845707936,0.14055676165311498,-0.17134538563427396,-0.9751330963388698,5,0
796,1.274483782212863,0.14,-0.2099999999999999,0.8125762363358945,-0.14519436599430086,0.17208221154880143,0.9743235132911382,-0.9890763966618223,-7.105447914290952e-15,-0.1474038044504458,0.14519436599430086,-0.17208221154880143,-0.9743235132911382,5,0
797,1.2761694653505684,0.13833333333333334,-0.2099999999999999,0.8123237489838024,-0.14989317914485353,0.1728497921670387,0.9734757234742222,-0.9883504716999623,-7.105448519078634e-15,-0.1521950889170283,0.14989317914485353,-0.1728497921670387,-0.9734757234742222,5,0
798,1.2778564160080483,0.1366666666666667,-0.2099999999999999,0.8120629334493836,-0.15465631732293936,0.17364919839768672,0.9725879802917303,-0.9875900133638353,-1.421089833087013e-14,-0.1570540209737385,0.15465631732293936,-0.17364919839768672,-0.9725879802917303,5,0
799,1.279544696523183,0.135,-0.2099999999999999,0.8117936504755334,-0.15948706130978618,0.17448157134745879,0.9716584063007381,-0.9867933676898798,7.105449856747376e-15,-0.16198410256338672,0.15948706130978618,-0.17448157134745879,-0.9716584063007381,5,0
800,1.2812343724628166,0.13333333333333336,-0.2099999999999999,0.8115157530066727,-0.1643888696211164,0.17534812759585794,0.9706849816976248,-0.9859587535599582,-7.105450596768164e-15,-0.16698903041365806,0.1643888696211164,-0.17534812759585794,-0.9706849816976248,5,0
801,1.2829255128852353,0.13166666666666668,-0.2099999999999999,0.8112290856898043,-0.16936539291980582,0.17625016498971707,0.9696655315221931,-0.9850842510810291,7.105451389660256e-15,-0.17207271216589806,0.16936539291980582,-0.17625016498971707,-0.9696655315221931,5,0
802,1.284618190628355,0.13,-0.2099999999999999,0.8109334843293963,-0.17442048981427316,0.17718906901767473,0.9685977114125341,-0.9841677886286966,-7.105452240054158e-15,-0.17723928409272358,0.17442048981427316,-0.17718906901767473,-0.9685977114125341,5,0
803,1.2863124826267753,0.12833333333333335,-0.2099999999999999,0.8106287752909127,-0.17955824420672065,0.17816631983302558,0.96747899171742,-0.9832071283735759,0.0,-0.18249313059780217,0.17955824420672065,-0.17816631983302558,-0.96747899171742,5,0
804,1.2880084702613073,0.12666666666666668,-0.2099999999999999,0.8103147748471119,-0.18478298437801738,0.17918350000292638,0.9663066397428173,-0.982199850080896,7.105454134577069e-15,-0.1878389057172804,0.18478298437801738,-0.17918350000292638,-0.9663066397428173,5,0
805,1.289706239745121,0.125,-0.2099999999999999,0.809991288460394,-0.19009930402237135,0.1802423030730636,0.9650776998735013,-0.9811433329396294,0.0,-0.1932815568752371,0.19009930402237135,-0.1802423030730636,-0.9650776998735013,5,0
806,1.2914058825512889,0.12333333333333335,-0.2099999999999999,0.8096581099935325,-0.1955120854755328,0.18134454304977002,0.9637889712686476,-0.9800347351373212,-7.10545632931414e-15,-0.19882635118193134,0.1955120854755328,-0.18134454304977002,-0.9637889712686476,5,0
807,1.2931074958872313,0.12166666666666667,-0.2099999999999999,0.8093150208399884,-0.20102652541603572,0.18249216491668535,0.9624369827802635,-0.9788709708489775,-7.105457557923058e-15,-0.20447890460675935,0.20102652541603572,-0.18249216491668535,-0.9624369827802635,5,0
808,1.2948111832224558,0.12,-0.2099999999999999,0.8089617889637,-0.2066481633607535,0.18368725632067018,0.9610179646838095,-0.9776486842509726,7.105458885878458e-15,-0.21024521441008379,0.2066481633607535,-0.18368725632067018,-0.9610179646838095,5,0
809,1.2965170548770046,0.11833333333333335,-0.2099999999999999,0.8085981678366795,-0.21238291332513162,0.18493206058242798,0.959527816739185,-0.9763642201025863,7.105460323514128e-15,-0.21613169527736636,0.21238291332513162,-0.18493206058242798,-0.959527816739185,5,0
810,1.2982252286792673,0.11666666666666667,-0.2099999999999999,0.8082238952609292,-0.21823709907615374,0.18622899121165162,0.9579620720149185,-0.9750135903553901,0.0,-0.22214521967013265,0.21823709907615374,-0.18622899121165162,-0.9579620720149185,5,0
811,1.2999358307032778,0.11500000000000002,-0.2099999999999999,0.8078386920590065,-0.2242174934743078,0.1875806481353691,0.9563158558056086,-0.9735924361509473,0.0,-0.22829316299369,0.2242174934743078,-0.1875806481353691,-0.9563158558056086,5,0
812,1.3016489960973887,0.11333333333333334,-0.2099999999999999,0.8074422606149945,-0.23033136248154368,0.1889898358822927,0.9545838388484166,-0.9720959844470726,0.0,-0.2345834542798721,0.23033136248154368,-0.1889898358822927,-0.9545838388484166,5,0
813,1.303364870018335,0.11166666666666666,-0.2099999999999999,0.8070342832445367,-0.23658651450825835,0.19045958400664867,0.9527601838935378,-0.9705189983654329,0.0,-0.2410246332053154,0.23658651450825835,-0.19045958400664867,-0.9527601838935378,5,0
814,1.3050836086872786,0.11000000000000001,-0.2099999999999999,0.8066144203688924,-0.24299135588688064,0.19199317008346173,0.9508384844996327,-0.9688557201737571,0.0,-0.24762591440838844,0.24299135588688064,-0.19199317008346173,-0.9508384844996327,5,0
815,1.3068053805875515,0.10833333333333334,-0.2099999999999999,0.8061823084634888,-0.24955495339684672,0.19359414566543304,0.9488116946998328,-0.9670998055950146,7.105472035876426e-15,-0.2543972602409174,0.24955495339684672,-0.19359414566543304,-0.9488116946998328,5,0
816,1.308530367827637,0.10666666666666669,-0.2099999999999999,0.8057375577460297,-0.25628710493071355,0.19526636566149652,0.9466720479065515,-0.9652442478629462,7.10547467980824e-15,-0.26134946330056885,0.25628710493071355,-0.19526636566149652,-0.9466720479065515,5,0
817,1.3102587676976283,0.10500000000000001,-0.2099999999999999,0.8052797495626076,-0.26319841959034646,0.19701402168166332,0.9444109630801418,-0.9632812896045234,-7.105477590666495e-15,-0.2684942403438969,0.26319841959034646,-0.19701402168166332,-0.9444109630801418,5,0
818,1.311990794453198,0.10333333333333333,-0.2099999999999999,0.8048084334221755,-0.2703004087436224,0.19884167999530888,0.942018935759613,-0.9612023202066964,0.0,-0.2758443394910681,0.2703004087436224,-0.19884167999530888,-0.942018935759613,5,0
819,1.3137266813683208,0.10166666666666668,-0.2099999999999999,0.8043231236197644,-0.2776055898662576,0.20075432487503425,0.9394854110197648,-0.9589977557946213,-7.105484361825176e-15,-0.2834136630102365,0.2776055898662576,-0.20075432487503425,-0.9394854110197648,5,0
820,1.3154666831069892,0.1,-0.2099999999999999,0.8038232953764732,-0.2851276053533879,0.2027574082512985,0.9367986347474355,-0.4731835355409557,0.819966730455458,-0.322105421623337,0.2851276053533879,-0.2027574082512985,-0.9367986347474355,5,0
821,1.3164905464728955,0.1,-0.2089999999999999,0.8036035314302835,-0.28624991347136813,0.20864438137468658,0.9351622902782215,-7.105463879006843e-15,0.976000114126334,-0.21777000993108103,0.28624991347136813,-0.20864438137468658,-0.9351622902782215,5,1
822,1.3175158758254102,0.1,-0.2079999999999999,0.8033770357766203,-0.28741379192532845,0.21460229797091238,0.9334554975555652,7.10546497095247e-15,0.9745729938163961,-0.22407025622279045,0.28741379192532845,-0.21460229797091238,-0.9334554975555652,5,1
823,1.318542740447696,0.1,-0.2069999999999999,0.8031436884978658,-0.2886205528465503,0.22063437817603004,0.9316751835491961,0.0,0.9730827320756149,-0.2304560620514396,0.2886205528465503,-0.22063437817603004,-0.9316751835491961,5,1
824,1.3195712132575166,0.1,-0.2059999999999999,0.8029033630507314,-0.28987158526527895,0.22674399558528532,0.9298180599030189,7.10546737707243e-15,0.9715263604272497,-0.23693149008728603,0.28987158526527895,-0.22674399558528532,-0.9298180599030189,5,1
825,1.3206013710992843,0.1,-0.2049999999999999,0.8026559258284801,-0.29116836030222537,0.2329346882417808,0.9278806049124089,-7.105468703463471e-15,0.9699006920981889,-0.2435008161535692,0.29116836030222537,-0.2329346882417808,-0.9278806049124089,5,1
826,1.3216332950648029,0.1,-0.2039999999999999,0.8024012356822011,-0.2925124368174342,0.2392101705529245,0.9258590435974404,0.0,0.9682023026145498,-0.25016854560852336,0.2925124368174342,-0.2392101705529245,-0.9258590435974404,5,1
827,1.3226670708462223,0.1,-0.2029999999999999,0.802139143396452,-0.29390546756383923,0.24557434623111954,0.9237493256339836,0.0,0.9664275082365339,-0.25693943123569835,0.29390546756383923,-0.24557434623111954,-0.9237493256339836,5,1
828,1.32370278912523,0.1,-0.2019999999999999,0.8018694911139278,-0.2953492058986111,0.2520313223668153,0.9215471008695618,0.0,0.9645723419482461,-0.2638184928098783,0.2953492058986111,-0.2520313223668153,-0.9215471008695618,5,1
829,1.3247405460031045,0.1,-0.2009999999999999,0.8015921117030554,-0.29684551311200824,0.2585854247553499,0.9192476921098925,0.0,0.9626325266728973,-0.27081103853305855,0.29684551311200824,-0.2585854247553499,-0.9192476921098925,5,1
830,1.325780443476958,0.1,-0.1999999999999999,0.8013068280615215,-0.2983963664409771,0.26524121461420247,0.9168460648139386,-7.105476878808165e-15,0.9606034453321936,-0.2779226885591018,0.2983963664409771,-0.26524121461420247,-0.9168460648139386,5,1
831,1.3268225899683213,0.1,-0.1989999999999999,0.8010134523476992,-0.30000386784339506,0.2720035068446787,0.9143367932787129,-7.105478891581861e-15,0.9584801073083763,-0.28515940085174,0.30000386784339506,-0.2720035068446787,-0.9143367932787129,5,1
832,1.327867100911205,0.1,-0.1979999999999999,0.8007117851307131,-0.3016702536187503,0.27887739001200085,0.9117140228282623,7.105481058910123e-15,0.9562571107928712,-0.2925274996612628,0.3016702536187503,-0.27887739001200085,-0.9117140228282623,5,1
833,1.3289140994079307,0.1,-0.1969999999999999,0.8004016144484337,-0.3033979049724726,0.2858682482407303,0.908971427442079,0.0,0.9539286004197879,-0.3000337069416445,0.3033979049724726,-0.2858682482407303,-0.908971427442079,5,1
834,1.329963716962405,0.1,-0.1959999999999999,0.8000827147609759,-0.3051893596342693,0.2929817852488991,0.9061021621640645,-7.105485920532821e-15,0.951488219479284,-0.30768517707576043,0.3051893596342693,-0.2929817852488991,-0.9061021621640645,5,1
835,1.3310160943021707,0.1,-0.1949999999999999,0.7997548457852363,-0.3070473246560274,0.3002240507747829,0.9030988095208389,-7.105488651643438e-15,0.9489290558807104,-0.31548953533412705,0.3070473246560274,-0.3002240507747829,-0.9030988095208389,5,1
836,1.3320713823025447,0.1,-0.1939999999999999,0.7994177511935661,-0.3089746905324555,0.3076014696856452,0.8999533190436071,0.0,0.9462435808870123,-0.3234549205532732,0.3089746905324555,-0.3076014696856452,-0.8999533190436071,5,1
837,1.3331297430285527,0.1,-0.1929999999999999,0.7990711571567506,-0.3109745468081077,0.3151208740988831,0.8966569388259079,7.105494825514957e-15,0.9434235794609007,-0.3315900325962493,0.3109745468081077,-0.3151208740988831,-0.8966569388259079,5,1
838,1.3341913509132712,0.1,-0.1919999999999999,0.7987147707079388,-0.31305019935828093,0.3227895388938726,0.8932001378540095,-7.105498322080006e-15,0.9404600708439357,-0.33990418524669463,0.31305019935828093,-0.3227895388938726,-0.8932001378540095,5,1
839,1.3352563940947173,0.1,-0.1909999999999999,0.7983482778998989,-0.3152051895591234,0.33061522104868113,0.8895725176094013,0.0,0.937343217723619,-0.3484073652888702,0.3152051895591234,-0.33061522104868113,-0.8895725176094013,5,1
840,1.3363250759377487,0.1,-0.1899999999999999,0.797971341722775,-0.31744331559493166,0.33860620330126107,0.8857627111535018,0.515591680674213,0.8457813893439036,-0.13718258001304878,0.31744331559493166,-0.33860620330126107,-0.8857627111535018,5,1
841,1.3380921262589478,0.10166666666666667,-0.1899999999999999,0.7985584439795171,-0.3083436024238683,0.3344744161886035,0.8905341586708307,0.9449358436862177,7.105526420637933e-15,0.327255636035525,0.3083436024238683,-0.3344744161886035,-0.8905341586708307,6,0
842,1.3398527250651506,0.10333333333333333,-0.1899999999999999,0.7991258330687895,-0.29956643829790586,0.33055606984596564,0.8949819181042129,0.9482678673982576,0.0,0.31747133990324294,0.29956643829790586,-0.33055606984596564,-0.8949819181042129,6,0
843,1.341607372504346,0.10500000000000001,-0.1899999999999999,0.7996744767218987,-0.29108820176261924,0.32683587566329236,0.8991362350467328,0.9513666872528433,0.0,0.30806075112800496,0.29108820176261924,-0.32683587566329236,-0.8991362350467328,6,0
844,1.3433565150021622,0.10666666666666667,-0.1899999999999999,0.8002052513443978,-0.2828875658047916,0.32330007520547666,0.903023635618234,0.9542547403814381,0.0,0.2989948000543724,0.2828875658047916,-0.32330007520547666,-0.903023635618234,6,0
845,1.345100552764471,0.10833333333333334,-0.1899999999999999,0.8007189535330062,-0.27494521523909554,0.319936250460039,0.9066674827403366,0.9569516360501502,0.0,0.2902474224880226,0.27494521523909554,-0.319936250460039,-0.9066674827403366,6,0
846,1.3468398460145175,0.11000000000000001,-0.1899999999999999,0.8012163097754312,-0.26724360552353094,0.3167331621019632,0.910088434896123,0.9594745874695549,-7.105493991669374e-15,0.28179516674373184,0.26724360552353094,-0.3167331621019632,-0.910088434896123,6,0
847,1.3485747202127953,0.11166666666666668,-0.1899999999999999,0.8016979846720914,-0.25976675599980625,0.31368061101863454,0.9133048268504406,0.9618387666106817,7.105489519694512e-15,0.2736168617699626,0.25976675599980625,-0.31368061101863454,-0.9133048268504406,6,0
848,1.3503054704528155,0.11333333333333334,-0.1899999999999999,0.8021645879463531,-0.25250007188733303,0.31076931924594886,0.9163329874626914,0.9640575976122526,1.421097102592362e-14,0.26569333541903495,0.25250007188733303,-0.31076931924594886,-0.9163329874626914,6,0
849,1.3520323651843955,0.115,-0.1899999999999999,0.8026166804547863,-0.24543019041163577,0.30799082718322973,0.9191875064455011,0.966143000853656,0.0,0.25800717412795393,0.24543019041163577,-0.30799082718322973,-0.9191875064455011,6,0
850,1.3537556493844887,0.11666666666666667,-0.1899999999999999,0.8030547793665774,-0.2385448472841235,0.30533740452367863,0.9218814594257428,0.968105597123014,7.105478662840806e-15,0.25054251698881846,0.2385448472841235,-0.30533740452367863,-0.9218814594257428,6,0
851,1.3554755472712754,0.11833333333333335,-0.1899999999999999,0.803479362648391,-0.23183276041866777,0.3028019727917299,0.9244265987465403,0.9699548793011177,7.105475725024949e-15,0.2432848785271177,0.23183276041866777,-0.3028019727917299,-0.9244265987465403,6,0
852,1.3571922646384234,0.12000000000000001,-0.1899999999999999,0.8038908729652601,-0.22528352830811152,0.30037803774414923,0.9268335159639096,0.971699357443215,0.0,0.23622099556229775,0.22528352830811152,-0.30037803774414923,-0.9268335159639096,6,0
853,1.358905990871711,0.12166666666666667,-0.1899999999999999,0.8042897210878331,-0.21888754091854085,0.29805963018694975,0.929111780833422,0.9733466819517854,0.0,0.22933869436588714,0.21888754091854085,-0.29805963018694975,-0.929111780833422,6,0
854,1.3606169006986386,0.12333333333333335,-0.1899999999999999,0.8046762888802059,-0.2126359013125787,0.2958412540001101,0.9312700606723215,0.9749037486089861,0.0,0.22262677500279862,0.2126359013125787,-0.2958412540001101,-0.9312700606723215,6,0
855,1.3623251557124794,0.125,-0.1899999999999999,0.8050509319297005,-0.20652035650161701,0.2937178403578558,0.933316223263028,0.9763767885131868,0.0,0.21607491028038334,0.20652035650161701,-0.2937178403578558,-0.933316223263028,6,0
856,1.3640309057048967,0.12666666666666668,-0.1899999999999999,0.80541398186959,-0.20053323626388123,0.2916847072929187,0.9352574258913846,0.9777714453927936,2.1316393694493912e-14,0.20967355716562644,0.20053323626388123,-0.2916847072929187,-0.9352574258913846,6,0
857,1.365734289835383,0.12833333333333335,-0.1899999999999999,0.8057657484373797,-0.19466739886057402,0.2897375238855061,0.9371001926547418,0.9790928423174919,0.0,0.2034138788840496,0.19466739886057402,-0.2897375238855061,-0.9371001926547418,6,0
858,1.3674354376610238,0.13,-0.1899999999999999,0.8061065213044111,-0.18891618274413896,0.2878722784672599,0.9388504818060496,0.9803456394650347,0.0,0.19728767620379145,0.18891618274413896,-0.2878722784672599,-0.9388504818060496,6,0
859,1.3691344700462371,0.13166666666666668,-0.1899999999999999,0.8064365717069643,-0.1832733634871834,0.28608525032145754,0.9405137446016426,0.9815340843113938,-7.105459878808128e-15,0.19128732664500706,0.1832733634871834,-0.28608525032145754,-0.9405137446016426,6,0
860,1.3708314999689855,0.13333333333333336,-0.1899999999999999,0.8067561539044114,-0.17773311527292018,0.28437298443667286,0.9420949768775772,0.982662055377924,0.0,0.18540573054906906,0.17773311527292018,-0.28437298443667286,-0.9420949768775772,6,0
861,1.3725266332373791,0.135,-0.1899999999999999,0.8070655064861639,-0.17228997638205754,0.282732268934659,0.9435987643809893,0.9837331004787292,-1.4210914669396904e-14,0.17963626310549438,0.17228997638205754,-0.282732268934659,-0.9435987643809893,6,0
862,1.3742199691284525,0.1366666666666667,-0.1899999999999999,0.8073648535459786,-0.1669388181902174,0.28116011484668246,0.9450293227200169,0.9847504702569598,7.10545620474831e-15,0.173972731566462,0.1669388181902174,-0.28116011484668246,-0.9450293227200169,6,0
863,1.3759116009591332,0.13833333333333336,-0.1899999999999999,0.8076544057395371,-0.1616748172567315,0.27965373795759024,0.9463905326615171,0.9857171476711875,7.105455158172443e-15,0.16840933699465271,0.1616748172567315,-0.27965373795759024,-0.9463905326615171,6,0
864,1.3776016165979517,0.14,-0.1899999999999999,0.807934361238989,-0.1564934301422171,0.2782105424750531,0.9476859713945647,0.9866358739896942,0.0,0.16294063997846603,0.1564934301422171,-0.2782105424750531,-0.9476859713945647,6,0
865,1.3792900989248145,0.14166666666666666,-0.1899999999999999,0.8082049065962774,-0.15139037064035918,0.27682810631380006,0.9489189402852544,0.9875091717631949,7.105453286610131e-15,0.15756152983380384,0.15139037064035918,-0.27682810631380006,-0.9489189402852544,6,0
866,1.380977126245132,0.14333333333333334,-0.1899999999999999,0.8084662175254785,-0.1463615891502549,0.27550416781224507,0.950092489571144,0.9883393651759159,0.0,0.15226719687334955,0.1463615891502549,-0.27550416781224507,-0.950092489571144,6,0
867,1.3826627726637257,0.14500000000000002,-0.1899999999999999,0.8087184596130456,-0.14140325395064787,0.27423661372246916,0.9512094403790375,0.989128598115018,-7.105451670386516e-15,0.14705310738307908,0.14140325395064787,-0.27423661372246916,-0.9512094403790375,6,0
868,1.384347108423207,0.14666666666666667,-0.1899999999999999,0.8089617889637,-0.1365117341673531,0.27302346833470664,0.9522724043954595,0.9898788502488038,-7.105450945306119e-15,0.14191498099251562,0.1365117341673531,-0.27302346833470664,-0.9522724043954595,6,0
869,1.3860302002108982,0.14833333333333334,-0.1899999999999999,0.8091963527887357,-0.1316835842509283,0.2718628836148202,0.9532838014733406,0.9905919513621403,0.0,0.13684877016819397,0.1316835842509283,-0.2718628836148202,-0.9532838014733406,6,0
870,1.3877121114378368,0.15000000000000002,-0.1899999999999999,0.8094222899426627,-0.12691552980383808,0.2707531302481885,0.9542458754196522,0.9912695941631219,-7.105449640180109e-15,0.1318506415899438,0.12691552980383808,-0.2707531302481885,-0.9542458754196522,6,0
871,1.3893929024929565,0.15166666666666667,-0.1899999999999999,0.8096397314133914,-0.12220445461553277,0.26969258949634867,0.9551607081757887,0.9919133457446097,0.0,0.12691695920456972,0.12220445461553277,-0.26969258949634867,-0.9551607081757887,6,0
872,1.3910726309751453,0.15333333333333335,-0.1899999999999999,0.8098488007705396,-0.11754738878045061,0.26867974578388765,0.9560302325744742,0.9925246578595434,7.105448505110668e-15,0.12204426877488461,0.11754738878045061,-0.26867974578388765,-0.9560302325744742,6,0
873,1.3927513519055572,0.15500000000000003,-0.1899999999999999,0.810049614575904,-0.11294149778836227,0.2677131799427852,0.9568562438330239,0.9931048761477326,-7.10544799385027e-15,0.11722928376304662,0.11294149778836227,-0.2677131799427852,-0.9568562438330239,6,0
874,1.3944291179222628,0.15666666666666668,-0.1899999999999999,0.8102422827596658,-0.10838407248900907,0.26679156304986895,0.9576404099222762,0.9936552484334477,7.105447516673975e-15,0.11246887240771786,0.10838407248900907,-0.26679156304986895,-0.9576404099222762,6,0
875,1.3961059794590802,0.15833333333333335,-0.1899999999999999,0.8104269089654988,-0.10387251984389516,0.2659136508003721,0.9583842809329134,0.9941769321975306,-7.105447071309913e-15,0.10776004587186716,0.10387251984389516,-0.2659136508003721,-0.9583842809329134,6,0
876,1.3977819849102147,0.16000000000000003,-0.1899999999999999,0.8106035908673868,-0.09940435438764572,0.2650782783670559,0.959089297545715,0.9946710013148835,1.4210893311396813e-14,0.10309994734842003,0.09940435438764572,-0.2650782783670559,-0.959089297545715,6,0
877,1.3994571807821468,0.16166666666666668,-0.1899999999999999,0.8107724204606485,-0.09497719032968059,0.26428435569998127,0.9597567986991942,0.9951384521359974,0.0,0.09848584203006669,0.09497719032968059,-0.26428435569998127,-0.9597567986991942,6,0
878,1.4011316118340549,0.16333333333333336,-0.1899999999999999,0.8109334843293963,-0.09058873423427202,0.2635308632269737,0.9603880285367361,0.9955802089822857,0.0,0.09391510785165695,0.09058873423427202,-0.2635308632269737,-0.9603880285367361,6,0
879,1.4028053212079092,0.16500000000000004,-0.1899999999999999,0.8110868638924097,-0.08623677822348584,0.26281684791919563,0.9609841427055139,0.9959971291154417,0.0,0.08938522693263223,0.08623677822348584,-0.26281684791919563,-0.9609841427055139,6,0
880,1.404478350549261,0.16666666666666669,-0.1899999999999999,0.8112326356291983,-0.08191919365314862,0.2621414196900761,0.9615462140709043,0.9963900072345879,0.0,0.08489377764629001,0.08191919365314862,-0.2621414196900761,-0.9615462140709043,6,0
881,1.4061507401196354,0.16833333333333333,-0.1899999999999999,0.811370871287836,-0.077633925216971,0.2615037480992711,0.9620752379026489,0.99675957954785,0.0,0.08043842725708428,0.077633925216971,-0.2615037480992711,-0.9620752379026489,6,0
882,1.4078225289013482,0.17,-0.1899999999999999,0.8115016380759861,-0.07337898543834068,0.26090305933632285,0.9625721365824937,0.9971065274598848,0.0,0.076016925068631,0.07337898543834068,-0.26090305933632285,-0.9625721365824937,6,0
883,1.4094937546954838,0.1716666666666667,-0.1899999999999999,0.8116249988363866,-0.06915244951317974,0.26033863346138314,0.9630377638772981,0.9974314809117816,7.10544444202939e-15,0.07162709603306647,0.06915244951317974,-0.26033863346138314,-0.9630377638772981,6,0
884,1.4111644542136963,0.17333333333333334,-0.1899999999999999,0.8117410122079338,-0.0649524504706872,0.25980980188274927,0.9634729088165891,0.9977350214055063,-7.105444209635148e-15,0.06726683477728,0.0649524504706872,-0.25980980188274927,-0.9634729088165891,6,0
885,1.4128346631644355,0.17500000000000002,-0.1899999999999999,0.8118497327733841,-0.06077717462181689,0.2593159450530859,0.9638782992090932,0.9980176847414604,7.10544399515345e-15,0.0629341000038535,0.06077717462181689,-0.2593159450530859,-0.9638782992090932,6,0
886,1.414504416334143,0.1766666666666667,-0.1899999999999999,0.8119512111945889,-0.05662485726802698,0.25885649036812397,0.9642546048288662,0.9982799634941447,0.0,0.05862690923227429,0.05662485726802698,-0.25885649036812397,-0.9642546048288662,6,0
887,1.4161737476639118,0.17833333333333334,-0.1899999999999999,0.8120454943360826,-0.05249377864520682,0.2584309102533264,0.9646024402981704,0.9985223092483897,-7.105443616847097e-15,0.05434333384384166,0.05249377864520682,-0.2584309102533264,-0.9646024402981704,6,0
888,1.4178426903220642,0.18000000000000002,-0.1899999999999999,0.8121326253777572,-0.048382260079793314,0.2580387204255649,0.9649223676911568,0.9987451346156562,0.0,0.0500814944021719,0.048382260079793314,-0.2580387204255649,-0.9649223676911568,6,0
889,1.4195112767730595,0.1816666666666667,-0.1899999999999999,0.8122126439172783,-0.04428866033594758,0.2576794783182413,0.9652148988796673,0.9989488150478688,-7.105443301669843e-15,0.045839556220132395,0.04428866033594758,-0.2576794783182413,-0.9652148988796673,6,0
890,1.421179538843112,0.18333333333333335,-0.1899999999999999,0.8122855860628326,-0.04021137213430073,0.2573527816595252,0.9654804976399998,0.9991336904640988,-7.105443166342528e-15,0.04161572514795878,0.04021137213430073,-0.2573527816595252,-0.9654804976399998,6,0
891,1.4228475077828717,0.18500000000000003,-0.1899999999999999,0.8123514845167235,-0.036148818824236414,0.25705826719457076,0.9657195815372789,0.9993000667036308,-7.105443045221233e-15,0.03740824355832622,0.036148818824236414,-0.25705826719457076,-0.9657195815372789,6,0
892,1.42451521432749,0.1866666666666667,-0.1899999999999999,0.812410368650281,-0.03209945119294645,0.2567956095435725,0.9659325236020664,0.9994482168172435,-7.105442937897538e-15,0.033215386507346525,0.03209945119294645,-0.2567956095435725,-0.9659325236020664,6,0
893,1.426182688754374,0.18833333333333335,-0.1899999999999999,0.8124622645704955,-0.02806174439561842,0.2565645201885119,0.966119653812049,0.9995783822071208,7.105442844012794e-15,0.029035458050377584,0.02806174439561842,-0.2565645201885119,-0.966119653812049,6,0
894,1.4278499609389121,0.19000000000000003,-0.1899999999999999,0.8125071951787305,-0.024034194992092618,0.2563647465823222,0.9662812603899879,0.9996907736244132,7.105442763255499e-15,0.0248667876940779,0.024034194992092618,-0.2563647465823222,-0.9662812603899879,6,0
895,1.429517060408433,0.1916666666666667,-0.1899999999999999,0.812545180221831,-0.020015318076172784,0.25619607137501305,0.9664175909276067,0.9997855720322646,-7.105442695360356e-15,0.020707726966458246,0.020015318076172784,-0.25619607137501305,-0.9664175909276067,6,0
896,1.431184016394654,0.19333333333333336,-0.1899999999999999,0.8125762363358945,-0.01600364448450389,0.2560583117520632,0.9665288533437049,0.999862929340968,0.0,0.01655664608846153,0.01600364448450389,-0.2560583117520632,-0.9665288533437049,6,0
897,1.432850857884852,0.195,-0.1899999999999999,0.8126003770829339,-0.01199771807255181,0.2559513188811055,0.966615216683492,0.9999229690208714,0.0,0.012411930731577677,0.01199771807255181,-0.2559513188811055,-0.966615216683492,6,0
898,1.4345176136719866,0.19666666666666668,-0.1899999999999999,0.8126176129806212,-0.007996093045737633,0.2558749774636052,0.9666768117649266,0.9999657865977188,0.0,0.008271978844602536,0.007996093045737633,-0.2558749774636052,-0.9666768117649266,6,0
899,1.4361843124039964,0.19833333333333336,-0.1899999999999999,0.8126279515252657,-0.0039973313342011015,0.25582920538887355,0.966713731676706,0.9999914500341164,-7.105442548606944e-15,0.004135197536443951,0.0039973313342011015,-0.25582920538887355,-0.966713731676706,6,0
900,1.4378509826324783,0.2,-0.1899999999999999,0.8126313972081441,0.0,0.2558139534883725,0.9667260321314662,1.0,0.0,0.0,-0.0,-0.2558139534883725,-0.9667260321314662,6,0
901,1.4395176528609603,0.2016666666666667,-0.1899999999999999,0.8126279515252657,0.003997331334201168,0.25582920538887355,0.966713731676706,0.9999914500341164,7.105442548606843e-15,-0.004135197536443892,-0.003997331334201168,-0.25582920538887355,-0.966713731676706,6,0
902,1.44118435159297,0.20333333333333337,-0.1899999999999999,0.8126176129806212,0.007996093045737701,0.2558749774636052,0.9666768117649266,0.9999657865977188,0.0,-0.008271978844602478,-0.007996093045737701,-0.2558749774636052,-0.9666768117649266,6,0
903,1.4428511073801047,0.20500000000000002,-0.1899999999999999,0.8126003770829339,0.01199771807255181,0.2559513188811055,0.966615216683492,0.9999229690208714,0.0,-0.012411930731577588,-0.01199771807255181,-0.2559513188811055,-0.966615216683492,6,0
904,1.4445179488703026,0.2066666666666667,-0.1899999999999999,0.8125762363358945,0.016003644484503955,0.2560583117520632,0.9665288533437049,0.999862929340968,7.105442640107395e-15,-0.016556646088462475,-0.016003644484503955,-0.2560583117520632,-0.9665288533437049,6,0
905,1.4461849048565238,0.20833333333333337,-0.1899999999999999,0.812545180221831,0.02001531807617292,0.25619607137501305,0.9664175909276067,0.9997855720322658,0.0,-0.020707726966402898,-0.02001531807617292,-0.25619607137501305,-0.9664175909276067,6,0
906,1.4478520043260448,0.21000000000000002,-0.1899999999999999,0.8125071951787305,0.024034194992092688,0.2563647465823222,0.9662812603899879,0.9996907736244132,-7.105442763255448e-15,-0.024866787694077727,-0.024034194992092688,-0.2563647465823222,-0.9662812603899879,6,0
907,1.4495192765105829,0.2116666666666667,-0.1899999999999999,0.8124622645704955,0.028061744395618482,0.2565645201885119,0.966119653812049,0.9995783822071208,-7.105442844012693e-15,-0.02903545805037717,-0.028061744395618482,-0.2565645201885119,-0.966119653812049,6,0
908,1.451186750937467,0.21333333333333337,-0.1899999999999999,0.812410368650281,0.032099451192946576,0.2567956095435725,0.9659325236020664,0.9994482168172435,7.105442937897538e-15,-0.033215386507346525,-0.032099451192946576,-0.2567956095435725,-0.9659325236020664,6,0
909,1.4528544574820852,0.21500000000000002,-0.1899999999999999,0.8123514845167235,0.03614881882423648,0.25705826719457076,0.9657195815372789,0.9993000667036307,7.105443045221485e-15,-0.037408243558327545,-0.03614881882423648,-0.25705826719457076,-0.9657195815372789,6,0
910,1.4545224264218448,0.2166666666666667,-0.1899999999999999,0.8122855860628326,0.0402113721343008,0.2573527816595252,0.9654804976399998,0.9991336904640988,7.105443166342427e-15,-0.041615725147958194,-0.0402113721343008,-0.2573527816595252,-0.9654804976399998,6,0
911,1.4561906884918974,0.21833333333333338,-0.1899999999999999,0.8122126439172783,0.04428866033594772,0.2576794783182413,0.9652148988796673,0.9989488150478688,7.105443301669843e-15,-0.045839556220132395,-0.04428866033594772,-0.2576794783182413,-0.9652148988796673,6,0
912,1.4578592749428927,0.22000000000000003,-0.1899999999999999,0.8121326253777572,0.048382260079793384,0.2580387204255649,0.9649223676911568,0.9987451346156562,0.0,-0.050081494402173674,-0.048382260079793384,-0.2580387204255649,-0.9649223676911568,6,0
913,1.4595282176010451,0.22166666666666668,-0.1899999999999999,0.8120454943360826,0.05249377864520682,0.2584309102533264,0.9646024402981704,0.9985223092483897,7.105443616847047e-15,-0.05434333384384127,-0.05249377864520682,-0.2584309102533264,-0.9646024402981704,6,0
914,1.461197548930814,0.22333333333333336,-0.1899999999999999,0.8119512111945889,0.056624857268027046,0.25885649036812397,0.9642546048288662,0.9982799634941447,0.0,-0.05862690923227387,-0.056624857268027046,-0.25885649036812397,-0.9642546048288662,6,0
915,1.4628673021005214,0.22500000000000003,-0.1899999999999999,0.8118497327733841,0.060777174621816955,0.2593159450530859,0.9638782992090932,0.9980176847414604,-7.105443995153299e-15,-0.06293410000385215,-0.060777174621816955,-0.2593159450530859,-0.9638782992090932,6,0
916,1.4645375110512606,0.2266666666666667,-0.1899999999999999,0.8117410122079338,0.06495245047068728,0.25980980188274927,0.9634729088165891,0.9977350214055062,7.10544420963535e-15,-0.0672668347772819,-0.06495245047068728,-0.25980980188274927,-0.9634729088165891,6,0
917,1.4662082105694731,0.22833333333333336,-0.1899999999999999,0.8116249988363866,0.06915244951317981,0.26033863346138314,0.9630377638772981,0.9974314809117816,-7.10544444202939e-15,-0.07162709603306647,-0.06915244951317981,-0.26033863346138314,-0.9630377638772981,6,0
918,1.4678794363636087,0.23000000000000004,-0.1899999999999999,0.8115016380759861,0.07337898543834073,0.26090305933632285,0.9625721365824937,0.9971065274598848,0.0,-0.07601692506863154,-0.07337898543834073,-0.26090305933632285,-0.9625721365824937,6,0
919,1.4695512251453215,0.2316666666666667,-0.1899999999999999,0.811370871287836,0.077633925216971,0.2615037480992711,0.9620752379026489,0.99675957954785,0.0,-0.0804384272570837,-0.077633925216971,-0.2615037480992711,-0.9620752379026489,6,0
920,1.4712236147156958,0.23333333333333336,-0.1899999999999999,0.8112326356291983,0.08191919365314869,0.2621414196900761,0.9615462140709043,0.9963900072345881,0.0,-0.08489377764628882,-0.08191919365314869,-0.2621414196900761,-0.9615462140709043,6,0
921,1.4728966440570477,0.23500000000000004,-0.1899999999999999,0.8110868638924097,0.08623677822348598,0.26281684791919563,0.9609841427055139,0.9959971291154366,0.0,-0.08938522693268927,-0.08623677822348598,-0.26281684791919563,-0.9609841427055139,6,0
922,1.474570353430902,0.2366666666666667,-0.1899999999999999,0.8109334843293962,0.09058873423427227,0.2635308632269743,0.9603880285367358,0.9955802089822856,0.0,-0.0939151078516576,-0.09058873423427227,-0.2635308632269743,-0.9603880285367358,6,0
923,1.4762447844828102,0.23833333333333337,-0.1899999999999999,0.8107724204606485,0.09497719032968066,0.26428435569998127,0.9597567986991942,0.9951384521360002,0.0,-0.09848584203003784,-0.09497719032968066,-0.26428435569998127,-0.9597567986991942,6,0
924,1.4779199803547423,0.24000000000000002,-0.1899999999999999,0.8106035908673868,0.09940435438764579,0.2650782783670559,0.959089297545715,0.9946710013148837,-1.421089331139661e-14,-0.10309994734841857,-0.09940435438764579,-0.2650782783670559,-0.959089297545715,6,0
925,1.4795959858058767,0.2416666666666667,-0.1899999999999999,0.8104269089654988,0.10387251984389521,0.2659136508003721,0.9583842809329133,0.9941769321975301,7.105447071310113e-15,-0.1077600458718702,-0.10387251984389521,-0.2659136508003721,-0.9583842809329133,6,0
926,1.4812728473426942,0.24333333333333337,-0.1899999999999999,0.8102422827596658,0.10838407248900914,0.26679156304986895,0.9576404099222762,0.9936552484334479,-7.105447516673823e-15,-0.11246887240771547,-0.10838407248900914,-0.26679156304986895,-0.9576404099222762,6,0
927,1.4829506133593997,0.24500000000000002,-0.1899999999999999,0.810049614575904,0.11294149778836234,0.2677131799427852,0.9568562438330239,0.9931048761477324,7.10544799385037e-15,-0.11722928376304827,-0.11294149778836234,-0.2677131799427852,-0.9568562438330239,6,0
928,1.4846293342898116,0.2466666666666667,-0.1899999999999999,0.8098488007705396,0.11754738878045068,0.26867974578388765,0.9560302325744742,0.9925246578595432,-7.105448505110719e-15,-0.12204426877488547,-0.11754738878045068,-0.26867974578388765,-0.9560302325744742,6,0
929,1.4863090627720004,0.24833333333333338,-0.1899999999999999,0.8096397314133914,0.12220445461553285,0.26969258949634867,0.9551607081757887,0.9919133457446094,0.0,-0.1269169592045715,-0.12220445461553285,-0.26969258949634867,-0.9551607081757887,6,0
930,1.4879898538271201,0.25,-0.1899999999999999,0.8094222899426627,0.12691552980383808,0.2707531302481885,0.9542458754196522,0.9912695941631243,-7.105449640180586e-15,-0.13185064158992424,-0.12691552980383808,-0.2707531302481885,-0.9542458754196522,6,0
931,1.489671765054059,0.2516666666666667,-0.1899999999999999,0.8091963527887357,0.13168358425092838,0.2718628836148202,0.9532838014733406,0.9905919513621356,0.0,-0.13684877016822763,-0.13168358425092838,-0.2718628836148202,-0.9532838014733406,6,0
932,1.49135485684175,0.2533333333333334,-0.1899999999999999,0.8089617889636999,0.13651173416735354,0.27302346833470725,0.9522724043954592,0.9898788502488038,7.105450945306119e-15,-0.14191498099251562,-0.13651173416735354,-0.27302346833470725,-0.9522724043954592,6,0
933,1.4930391926012314,0.255,-0.1899999999999999,0.8087184596130456,0.14140325395064787,0.27423661372246916,0.9512094403790375,0.9891285981150254,7.105451670386825e-15,-0.14705310738302863,-0.14140325395064787,-0.27423661372246916,-0.9512094403790375,6,0
934,1.4947248390198251,0.2566666666666667,-0.1899999999999999,0.8084662175254785,0.146361589150255,0.27550416781224507,0.950092489571144,0.9883393651759159,0.0,-0.15226719687335064,-0.146361589150255,-0.27550416781224507,-0.950092489571144,6,0
935,1.4964118663401427,0.25833333333333336,-0.1899999999999999,0.8082049065962774,0.15139037064035918,0.27682810631380006,0.9489189402852544,0.9875091717631951,-7.10545328661008e-15,-0.15756152983380273,-0.15139037064035918,-0.27682810631380006,-0.9489189402852544,6,0
936,1.4981003486670055,0.26,-0.1899999999999999,0.807934361238989,0.1564934301422171,0.2782105424750531,0.9476859713945647,0.9866358739896981,-7.105454187636739e-15,-0.16294063997844294,-0.1564934301422171,-0.2782105424750531,-0.9476859713945647,6,0
937,1.4997903643058241,0.2616666666666667,-0.1899999999999999,0.8076544057395371,0.16167481725673163,0.27965373795759024,0.9463905326615171,0.9857171476711907,0.0,-0.16840933699463334,-0.16167481725673163,-0.27965373795759024,-0.9463905326615171,6,0
938,1.501481996136505,0.26333333333333336,-0.1899999999999999,0.8073648535459786,0.16693881819021744,0.28116011484668246,0.9450293227200169,0.98475047025696,-7.10545620474826e-15,-0.1739727315664608,-0.16693881819021744,-0.28116011484668246,-0.9450293227200169,6,0
939,1.5031753320275782,0.265,-0.1899999999999999,0.8070655064861639,0.17228997638205754,0.282732268934659,0.9435987643809893,0.9837331004787292,1.4210914669396904e-14,-0.17963626310549438,-0.17228997638205754,-0.282732268934659,-0.9435987643809893,6,0
940,1.504870465295972,0.2666666666666667,-0.1899999999999999,0.8067561539044114,0.17773311527292032,0.28437298443667286,0.9420949768775772,0.9826620553779215,-7.105458556279194e-15,-0.18540573054908227,-0.17773311527292032,-0.28437298443667286,-0.9420949768775772,6,0
941,1.50656749521872,0.26833333333333337,-0.1899999999999999,0.8064365717069643,0.18327336348718345,0.28608525032145754,0.9405137446016426,0.981534084311406,-7.105459878807907e-15,-0.1912873266449443,-0.18327336348718345,-0.28608525032145754,-0.9405137446016426,6,0
942,1.5082665276039333,0.27,-0.1899999999999999,0.8061065213044111,0.18891618274413896,0.2878722784672599,0.9388504818060496,0.9803456394650293,0.0,-0.1972876762038188,-0.18891618274413896,-0.2878722784672599,-0.9388504818060496,6,0
943,1.509967675429574,0.2716666666666667,-0.1899999999999999,0.8057657484373796,0.19466739886057463,0.2897375238855068,0.9371001926547413,0.9790928423174893,7.105462870296819e-15,-0.20341387888406273,-0.19466739886057463,-0.2897375238855068,-0.9371001926547413,6,0
944,1.5116710595600602,0.2733333333333334,-0.1899999999999999,0.80541398186959,0.2005332362638813,0.2916847072929187,0.9352574258913846,0.9777714453927847,7.105464564830774e-15,-0.20967355716566766,-0.2005332362638813,-0.2916847072929187,-0.9352574258913846,6,0
945,1.5133768095524776,0.275,-0.1899999999999999,0.8050509319297005,0.20652035650161701,0.2937178403578558,0.933316223263028,0.9763767885131718,7.105466411964153e-15,-0.21607491028045098,-0.20652035650161701,-0.2937178403578558,-0.933316223263028,6,0
946,1.5150850645663185,0.2766666666666667,-0.1899999999999999,0.8046762888802059,0.21263590131257884,0.2958412540001101,0.9312700606723215,0.9749037486089899,0.0,-0.2226267750027824,-0.21263590131257884,-0.2958412540001101,-0.9312700606723215,6,0
947,1.5167959743932462,0.2783333333333334,-0.1899999999999999,0.8042897210878331,0.21888754091854093,0.29805963018694975,0.929111780833422,0.973346681951784,0.0,-0.22933869436589346,-0.21888754091854093,-0.29805963018694975,-0.929111780833422,6,0
948,1.5185097006265338,0.28,-0.1899999999999999,0.8038908729652601,0.22528352830811155,0.30037803774414923,0.9268335159639096,0.9716993574432085,0.0,-0.2362209955623246,-0.22528352830811155,-0.30037803774414923,-0.9268335159639096,6,0
949,1.5202264179936817,0.28166666666666673,-0.1899999999999999,0.8034793626483909,0.2318327604186685,0.3028019727917306,0.9244265987465399,0.969954879301118,-7.1054757250249e-15,-0.24328487852711603,-0.2318327604186685,-0.3028019727917306,-0.9244265987465399,6,0
950,1.5219463158804685,0.2833333333333334,-0.1899999999999999,0.8030547793665774,0.2385448472841236,0.30533740452367863,0.9218814594257428,0.9681055971230231,0.0,-0.2505425169887832,-0.2385448472841236,-0.30533740452367863,-0.9218814594257428,6,0
951,1.5236696000805614,0.28500000000000003,-0.1899999999999999,0.8026166804547863,0.2454301904116358,0.30799082718322973,0.9191875064455011,0.9661430008536617,0.0,-0.25800717412793267,-0.2454301904116358,-0.30799082718322973,-0.9191875064455011,6,0
952,1.5253964948121415,0.28666666666666674,-0.1899999999999999,0.8021645879463531,0.2525000718873332,0.31076931924594886,0.9163329874626914,0.9640575976122537,-1.4210971025923423e-14,-0.26569333541903134,-0.2525000718873332,-0.31076931924594886,-0.9163329874626914,6,0
953,1.5271272450521616,0.2883333333333334,-0.1899999999999999,0.8016979846720914,0.25976675599980636,0.31368061101863454,0.9133048268504406,0.9618387666106811,-7.105489519694561e-15,-0.27361686176996447,-0.25976675599980636,-0.31368061101863454,-0.9133048268504406,6,0
954,1.5288621192504395,0.29000000000000004,-0.1899999999999999,0.8012163097754312,0.26724360552353105,0.3167331621019632,0.910088434896123,0.959474587469554,7.105493991669447e-15,-0.2817951667437347,-0.26724360552353105,-0.3167331621019632,-0.910088434896123,6,0
955,1.5306014125004859,0.29166666666666674,-0.1899999999999999,0.8007189535330062,0.2749452152390957,0.319936250460039,0.9066674827403366,0.9569516360501469,7.105499000800634e-15,-0.29024742248803387,-0.2749452152390957,-0.319936250460039,-0.9066674827403366,6,0
956,1.5323454502627945,0.29333333333333333,-0.1899999999999999,0.8002052513443978,0.2828875658047915,0.32330007520547666,0.903023635618234,0.9542547403814525,-7.105504633140513e-15,-0.2989948000543262,-0.2828875658047915,-0.32330007520547666,-0.903023635618234,6,0
957,1.5340945927606107,0.29500000000000004,-0.1899999999999999,0.7996744767218987,0.2910882017626193,0.32683587566329236,0.8991362350467328,0.9513666872528443,0.0,-0.3080607511280018,-0.2910882017626193,-0.32683587566329236,-0.8991362350467328,6,0
958,1.535849240199806,0.29666666666666675,-0.1899999999999999,0.7991258330687895,0.299566438297906,0.33055606984596564,0.8949819181042128,0.9482678673982552,0.0,-0.31747133990325044,-0.299566438297906,-0.33055606984596564,-0.8949819181042128,6,0
959,1.537609839006009,0.29833333333333334,-0.1899999999999999,0.7985584439795171,0.3083436024238683,0.3344744161886035,0.8905341586708307,0.9449358436862184,-7.105526420637886e-15,-0.32725563603552277,-0.3083436024238683,-0.3344744161886035,-0.8905341586708307,6,0
960,1.539376889327208,0.30000000000000004,-0.1899999999999999,0.797971341722775,0.3174433155949317,0.338606203301261,0.8857627111535017,0.9431914001949693,0.0,-0.33224987975656733,-0.3174433155949317,-0.338606203301261,-0.8857627111535017,6,0
