index,time,row_id,phase,x_command,y_command,z_measured,force_vertical,force_x_world,force_y_world,force_z_world,force_tangential,tcp_tracking_error,orientation_error_deg
0,8.94700000000048,0,0,0.1,-0.31,0.7985868074487191,0.9905926234537171,-0.29200920679236225,-0.3216863319716829,0.9905926234537171,0.434455375187027,2.196479771863644e-05,0.009954187102639959
1,9.740000000000041,0,0,0.10166666666666667,-0.31,0.7990736033372052,1.2505896400992569,-1.1004935543077092,-0.4460855244608142,1.2505896400992569,1.1874672030023796,0.0001136470620183411,0.05003598949539511
2,9.960999999999919,0,0,0.10333333333333333,-0.31,0.7996231682106003,1.376512358637422,-1.2827018225061926,-0.5605013895235488,1.376512358637422,1.3998163354949595,0.00010136840900574505,0.04115796397664156
3,10.12099999999983,0,0,0.10500000000000001,-0.31,0.800173264128207,1.4877919690921968,-1.3630821612158934,-0.5963669432454651,1.4877919690921968,1.487832823008328,6.307564376312542e-05,0.02830400054143951
4,10.249999999999758,0,0,0.10666666666666667,-0.31,0.8006977189081316,1.5505071968981943,-1.3938670587168147,-0.6090171271130792,1.5505071968981943,1.5211072409573667,2.955662178270062e-05,0.014797295100474752
5,10.361999999999696,0,0,0.10833333333333334,-0.31,0.8012009739548661,1.6096774875700701,-1.4208277003281287,-0.6201297424950286,1.6096774875700701,1.550261994485664,1.9771354893521435e-05,0.008716711161355766
6,10.461999999999641,0,0,0.11000000000000001,-0.31,0.8016870917072724,1.6757747436847292,-1.4538678339547795,-0.6342204863352089,1.6757747436847292,1.586180098190502,2.0967284750404853e-05,0.0076574570155752445
7,10.551999999999591,0,0,0.11166666666666668,-0.31,0.8021525848421737,1.5642037322082964,-1.3663898558326741,-0.6042702225592361,1.5642037322082964,1.494042750390438,1.9036370066925843e-05,0.0063210114876601844
8,10.634999999999545,0,0,0.11333333333333334,-0.31,0.8026039434563593,1.6515273068799114,-1.397527400769704,-0.6128031555802623,1.6515273068799114,1.525978552729773,2.496952881917701e-05,0.007647349991887784
9,10.712999999999502,0,0,0.115,-0.31,0.8030459864483562,1.7387651096921417,-1.4368501800492028,-0.6271598231273237,1.7387651096921417,1.5677588729305671,2.687014277215735e-05,0.008719311955938586
10,10.785999999999461,0,0,0.11666666666666667,-0.31,0.803472599188696,1.6342521564013999,-1.3578097307760908,-0.6006235515610814,1.6342521564013999,1.4847208207875604,3.662265297786504e-05,0.011753471281078821
11,10.854999999999423,0,0,0.11833333333333335,-0.31,0.8038791771374456,1.8098575866353879,-1.4437076473576795,-0.6287662414877838,1.8098575866353879,1.5746868760085986,3.886803971898141e-05,0.013874053872847585
12,10.920999999999387,0,0,0.12000000000000001,-0.31,0.8042818449320215,1.764000404126241,-1.4066523998741887,-0.6187181608598186,1.764000404126241,1.5367117936196009,2.9998330181437506e-05,0.011963347995793476
13,10.983999999999352,0,0,0.12166666666666667,-0.31,0.8046652613790124,1.7816724130598232,-1.3733774028511383,-0.5972398962882614,1.7816724130598232,1.4976184375135582,7.475021983493124e-05,0.023570614419483063
14,11.043999999999318,0,0,0.12333333333333335,-0.31,0.8050414504132527,1.773098715843964,-1.3672898666674231,-0.6009977000059651,1.773098715843964,1.4935460538275611,4.793316678294145e-05,0.01846504293624312
15,11.102999999999286,0,0,0.125,-0.31,0.8054137241461605,1.7543194893612293,-1.3350200204272316,-0.5880114437144083,1.7543194893612293,1.4587789115834615,5.855013720319145e-05,0.020793798041217136
16,11.158999999999255,0,0,0.12666666666666668,-0.31,0.8057662645122756,1.7293718228422263,-1.3023921363814404,-0.5757478585210025,1.7293718228422263,1.4239771323654506,6.845316054204446e-05,0.023661419678514123
17,11.213999999999224,0,0,0.12833333333333335,-0.31,0.8061117169877701,1.5309658231821361,-1.1789932690775502,-0.5340507534667288,1.5309658231821361,1.2943088255159778,7.736202859060382e-05,0.026586113969329913
18,11.266999999999195,0,0,0.13,-0.31,0.8064383159003559,1.81431013675483,-1.308549613706126,-0.5733798617331708,1.81431013675483,1.4286590066813012,8.586978172218185e-05,0.029891376232156947
19,11.318999999999166,0,0,0.13166666666666668,-0.31,0.8067616319058513,1.5452098909404077,-1.1188063820588299,-0.49353129202461493,1.5452098909404077,1.2228249493460028,9.917495974186016e-05,0.03354894173235666
20,11.368999999999138,0,0,0.13333333333333336,-0.31,0.8070730270879148,1.7321242674873318,-1.260805803960397,-0.5676224750710024,1.7321242674873318,1.382688160615384,5.931297919132965e-05,0.02494936729178621
21,11.417999999999111,0,0,0.135,-0.31,0.8073707542742832,1.914603087451453,-1.3235949866092929,-0.5804534596501731,1.914603087451453,1.4452784878344758,7.239004819027773e-05,0.028834955293857874
22,11.466999999999084,0,0,0.1366666666666667,-0.31,0.8076658852920262,1.9008135536041157,-1.2950142038167836,-0.5682536382354209,1.9008135536041157,1.4142043648126004,7.91874608494308e-05,0.030943032375883053
23,11.513999999999058,0,0,0.13833333333333336,-0.31,0.8079475120454239,1.6772265765132632,-1.1468301535243675,-0.5117353206899687,1.6772265765132632,1.2558234109437478,9.546122326709317e-05,0.03466886188422905
24,11.559999999999032,0,0,0.14,-0.31,0.8082189991426896,1.605161676670476,-1.1076516802462666,-0.5033425985360269,1.605161676670476,1.2166536139153894,8.52619881424692e-05,0.03193329875850077
25,11.605999999999007,0,0,0.14166666666666666,-0.31,0.8084862565184371,1.41656658268616,-0.992852721565907,-0.4602123546937985,1.41656658268616,1.0943271622936346,8.962553537435236e-05,0.03284126667359601
26,11.650999999998982,0,0,0.14333333333333334,-0.31,0.8087442980734597,1.6390786346203707,-1.093727954552558,-0.49632914050012933,1.6390786346203707,1.2010759569150151,9.020834726572441e-05,0.03350031904717247
27,11.694999999998958,0,0,0.14500000000000002,-0.31,0.8089896589877175,1.6831970911596996,-1.0976147153718956,-0.4951241446581781,1.6831970911596996,1.204120418406905,9.519925847254486e-05,0.03489430340856945
28,11.737999999998934,0,0,0.14666666666666667,-0.31,0.8092259448940232,1.7192523412748766,-1.1034938475046772,-0.49749599560214464,1.7192523412748766,1.2104548472044898,9.110466127858002e-05,0.03401567269963169
29,11.78099999999891,0,0,0.14833333333333334,-0.31,0.809457495383492,1.7953851201044198,-1.1310406478246262,-0.5081066858368527,1.7953851201044198,1.2399295751064494,8.317110581252378e-05,0.03226700891627077
30,11.822999999998887,0,0,0.15000000000000002,-0.31,0.8096769911307059,1.5031468987801202,-0.971086360862261,-0.45131100592122375,1.5031468987801202,1.0708362826867308,9.834231225702299e-05,0.03608791544247303
31,11.864999999998863,0,0,0.15166666666666667,-0.31,0.8098913979001098,1.6524224692336056,-1.0273191306529796,-0.46876965879694865,1.6524224692336056,1.1292163606741632,9.680122826034288e-05,0.035991315932861055
32,11.90599999999884,0,0,0.15333333333333335,-0.31,0.8100912658207848,1.6805377209098944,-1.0074311487015521,-0.45084924099942064,1.6805377209098944,1.1037130775178314,0.0001186383229420041,0.04177709206651374
33,11.945999999998818,0,0,0.15500000000000003,-0.31,0.810286958804484,1.4827473466415684,-0.8922614553729938,-0.40559482829436105,1.4827473466415684,0.9801212524394445,0.0001221483765493612,0.04294643128037771
34,11.986999999998796,0,0,0.15666666666666668,-0.31,0.8104810663157734,1.4669643078199162,-0.8984309518926926,-0.42130692161523076,1.4669643078199162,0.9923092751353844,0.00010708342699484074,0.03967580261958926
35,12.026999999998774,0,0,0.15833333333333335,-0.31,0.8106620230222483,1.4906216839928323,-0.9098710501743985,-0.4307053185288005,1.4906216839928323,1.0066639952608112,9.084403920291373e-05,0.0357005079135571
36,12.065999999998752,0,0,0.16000000000000003,-0.31,0.8108311221352625,1.5924727331034019,-0.932159326629582,-0.4317239756096569,1.5924727331034019,1.027281169562999,9.552304390073313e-05,0.03664606664292623
37,12.10499999999873,0,0,0.16166666666666668,-0.31,0.8109954204702494,1.5409116958726394,-0.8865999197110892,-0.4099618503405943,1.5409116958726394,0.9767948281836845,0.00010294563559749224,0.0384824996806238
38,12.143999999998709,0,0,0.16333333333333336,-0.31,0.8111547362111609,1.4686730381878532,-0.8541404615781983,-0.4045786196258903,1.4686730381878532,0.9451136373809281,9.760697673245657e-05,0.03716659109580381
39,12.181999999998688,0,0,0.16500000000000004,-0.31,0.8113022497590477,1.4463574884156278,-0.8290185247334197,-0.39335275334009406,1.4463574884156278,0.9176045460389833,9.916777782216984e-05,0.03742528548318491
40,12.220999999998666,0,0,0.16666666666666669,-0.31,0.8114458220200469,1.4184516511763516,-0.7710704107794301,-0.3531874490045764,1.4184516511763516,0.8481102242715385,0.0001178335094204879,0.04203932338862107
41,12.257999999998646,0,0,0.16833333333333333,-0.31,0.8115811101730713,1.4429400236962155,-0.7725201732017335,-0.35441583883673666,1.4429400236962155,0.8499400007188649,0.0001215393990347982,0.04345492112141851
42,12.295999999998624,0,0,0.17,-0.31,0.8117125375841243,1.2546103893297778,-0.7214990361879218,-0.3584834108805327,1.2546103893297778,0.8056495609734055,0.0001002935842596482,0.038673828302313557
43,12.332999999998604,0,0,0.1716666666666667,-0.31,0.8118304793387591,1.599589088648431,-0.8466424108202523,-0.39529160447853395,1.599589088648431,0.934376168558864,9.155210596942627e-05,0.03660778065666395
44,12.370999999998583,0,0,0.17333333333333334,-0.31,0.8119458181069928,1.315837577012464,-0.6978295079048489,-0.3327547722814558,1.315837577012464,0.7731052713433061,0.00010720042301157186,0.04039103909227702
45,12.407999999998562,0,0,0.17500000000000002,-0.31,0.8120505223831285,1.369553266200033,-0.7068928197704901,-0.3335265700293052,1.369553266200033,0.781624866261679,0.00010784923422687514,0.040472556189450684
46,12.443999999998542,0,0,0.1766666666666667,-0.31,0.8121491626173964,1.538474540242425,-0.7799270090464147,-0.3665709050338771,1.538474540242425,0.8617774468257114,8.999566783499471e-05,0.036056367981258844
47,12.480999999998522,0,0,0.17833333333333334,-0.31,0.8122408622862785,1.2286234468302666,-0.6145163174994865,-0.29105101540858475,1.2286234468302666,0.6799566148244297,0.00010918724640048027,0.040605451560793794
48,12.517999999998501,0,0,0.18000000000000002,-0.31,0.8123253685855744,1.2563134308401052,-0.6120759349071305,-0.2870695370394576,1.2563134308401052,0.6760516764186643,0.0001103672495165842,0.04077220037624803
49,12.553999999998481,0,0,0.1816666666666667,-0.31,0.8124056076325791,1.3048364778091905,-0.6576707838680593,-0.3238897243645488,1.3048364778091905,0.7330998659818259,8.488529090932572e-05,0.03440266844223987
50,12.589999999998462,0,0,0.18333333333333335,-0.31,0.8124757317890562,1.2020753275199503,-0.6027610030004679,-0.3009443801054401,1.2020753275199503,0.6737123619581117,8.958300049725073e-05,0.035289760004989026
51,12.625999999998442,0,0,0.18500000000000003,-0.31,0.8125383611526612,1.1582765241684017,-0.566947514107072,-0.2816241161895094,1.1582765241684017,0.6330415678071314,8.821898483598827e-05,0.03457050634065069
52,12.661999999998422,0,0,0.1866666666666667,-0.31,0.8125940686768053,1.041776849382864,-0.49083911795608526,-0.240231271131742,1.041776849382864,0.5464742476507748,9.81786380154237e-05,0.03656103921438923
53,12.697999999998402,0,0,0.18833333333333335,-0.31,0.8126467263397146,1.0462967790965962,-0.4886701191677219,-0.24189177004149995,1.0462967790965962,0.5452615095357506,9.638829541500661e-05,0.03617566053755666
54,12.733999999998382,0,0,0.19000000000000003,-0.31,0.8126922609244424,1.2144677964010275,-0.5663263373814137,-0.2825953815938984,1.2144677964010275,0.6329183755509457,8.540022929121862e-05,0.033446579794492275
55,12.768999999998362,0,0,0.1916666666666667,-0.31,0.8127262834937395,1.1106527645773194,-0.5181574217682627,-0.26365518092373974,1.1106527645773194,0.5813786787984775,7.828740601782638e-05,0.03126362590066786
56,12.804999999998342,0,0,0.19333333333333336,-0.31,0.8127556628584864,1.244012879998028,-0.5628212547858107,-0.28170237949290244,1.244012879998028,0.6293838220439397,6.71752974738245e-05,0.027836261646927762
57,12.840999999998322,0,0,0.195,-0.31,0.8127800142726371,1.2636506858147991,-0.5602097618786345,-0.2802472519719811,1.2636506858147991,0.626397237814762,6.644766136262701e-05,0.027089475599169705
58,12.875999999998303,0,0,0.19666666666666668,-0.31,0.8127961836933071,1.1394982372389824,-0.5016674757090296,-0.2548983799446645,1.1394982372389824,0.5627107963089782,7.524826530532114e-05,0.028986580156200543
59,12.911999999998283,0,0,0.19833333333333336,-0.31,0.8128053632408674,1.1294032348279963,-0.48160286815103626,-0.24205158750869826,1.1294032348279963,0.5390086211061799,7.72134258877712e-05,0.02928286375486777
60,12.946999999998264,0,0,0.2,-0.31,0.8128087360981231,1.1074056037526498,-0.4602374320906236,-0.23043930685076078,1.1074056037526498,0.5147045444128413,8.249085660385833e-05,0.030556341002928377
61,12.982999999998244,0,0,0.2016666666666667,-0.31,0.8128069990362627,0.7938615461487232,-0.3605154188375996,-0.2035142613258798,0.7938615461487232,0.41399205521684634,8.146674359150221e-05,0.030449058537142446
62,13.018999999998224,0,0,0.20333333333333337,-0.31,0.8127967084207216,1.0987916529602333,-0.4535687980135663,-0.23437671925738182,1.0987916529602333,0.5105458853632305,7.394944095126111e-05,0.028719285371751637
63,13.053999999998204,0,0,0.20500000000000002,-0.31,0.8127794576061576,0.8924090427287626,-0.3776566466259216,-0.2066244877798932,0.8924090427287626,0.43048602961192534,7.345150419308306e-05,0.028527396868903224
64,13.089999999998184,0,0,0.2066666666666667,-0.31,0.8127550078249187,0.7893511313707428,-0.34142122103381894,-0.19589297751308143,0.7893511313707428,0.39362737304608847,6.980578105263479e-05,0.027531346414847523
65,13.125999999998164,0,0,0.20833333333333337,-0.31,0.8127233716542557,0.9868489034142173,-0.3847989293683181,-0.20195831310916948,0.9868489034142173,0.4345772385628419,7.180981661542763e-05,0.027867613533624637
66,13.160999999998145,0,0,0.21000000000000002,-0.31,0.8126867756247316,0.7626220761033708,-0.31398833640185,-0.18019286487291913,0.7626220761033708,0.36201953531199305,6.90095469262433e-05,0.026986294798367234
67,13.196999999998125,0,0,0.2116666666666667,-0.31,0.8126419049408435,1.0204408504428246,-0.38432443051050313,-0.20275402664569503,1.0204408504428246,0.43452786240730956,6.438373015220326e-05,0.025637986057104805
68,13.232999999998105,0,0,0.21333333333333337,-0.31,0.8125903912290505,0.6739422021064211,-0.2753928166446231,-0.16509070310559587,0.6739422021064211,0.32108588214270495,6.394275721760285e-05,0.025232800213619577
69,13.268999999998085,0,0,0.21500000000000002,-0.31,0.8125324539249235,0.8580161818733806,-0.32557023130186763,-0.18335664369079252,0.8580161818733806,0.3736517553759166,5.759461855353871e-05,0.02342259673469028
70,13.304999999998065,0,0,0.2166666666666667,-0.31,0.8124671469999213,0.842530871532457,-0.3054178475337926,-0.16915201305698357,0.842530871532457,0.34913101425310944,5.9694924995279145e-05,0.023630196468817
71,13.340999999998045,0,0,0.21833333333333338,-0.31,0.812395239499446,0.7087444341130452,-0.25765977242846116,-0.1490757973321036,0.7087444341130452,0.29767793280337196,6.0658319360942315e-05,0.023617419808103005
72,13.376999999998025,0,0,0.22000000000000003,-0.31,0.8123175083368159,0.7603632863429479,-0.2670982914676485,-0.15231410052530445,0.7603632863429479,0.3074753364479328,5.6824090977194436e-05,0.022429767521758216
73,13.413999999998005,0,0,0.22166666666666668,-0.31,0.8122304969872507,0.4645248554640032,-0.1873292590649324,-0.12725418648359418,0.4645248554640032,0.22646385866053312,5.5101864489193616e-05,0.021718431168786346
74,13.450999999997984,0,0,0.22333333333333336,-0.31,0.8121368367528805,0.7103811729352882,-0.2468393200062758,-0.14696257007497596,0.7103811729352882,0.2872762553783428,4.923979696087253e-05,0.019989082649322542
75,13.486999999997964,0,0,0.22500000000000003,-0.31,0.8120380808227019,0.6778393319977869,-0.22476642282081702,-0.13216930824928344,0.6778393319977869,0.26074637268955514,5.02013572569768e-05,0.019863485026323822
76,13.523999999997944,0,0,0.2266666666666667,-0.31,0.8119322397934182,0.4854021949988216,-0.18277277711754447,-0.12556901130096895,0.4854021949988216,0.22175090677235676,4.038900525531031e-05,0.017022501094987614
77,13.561999999997923,0,0,0.22833333333333336,-0.31,0.8118143291159008,0.7136668756181357,-0.2274869987313225,-0.13450387705062342,0.7136668756181357,0.2642756657988661,4.2237053781352224e-05,0.01702578902219774
78,13.598999999997902,0,0,0.23000000000000004,-0.31,0.8116945635883754,0.4137400750342876,-0.14883577711445176,-0.10598311368403013,0.4137400750342876,0.18271428224258993,4.379498089939056e-05,0.017050411982436568
79,13.636999999997881,0,0,0.2316666666666667,-0.31,0.8115656961279283,0.3638453255585817,-0.13674570813618206,-0.10306408361632477,0.3638453255585817,0.1712354928901677,3.708663098798552e-05,0.015053844687554083
80,13.67399999999786,0,0,0.23333333333333336,-0.31,0.8114339239984583,0.5487289849854573,-0.18336110053863136,-0.1248689825233224,0.5487289849854573,0.22184128557855923,2.867920849973716e-05,0.012655541408529931
81,13.71299999999784,0,0,0.23500000000000004,-0.31,0.8112868712265545,0.600330881402056,-0.18680720719699834,-0.1222337961471246,0.600330881402056,0.22324433605643632,3.1057702139343206e-05,0.012901903805512217
82,13.750999999997818,0,0,0.2366666666666667,-0.31,0.811137817199599,0.5002750892926983,-0.152414379924803,-0.10389424679619917,0.5002750892926983,0.18445638434386524,3.4985135518587466e-05,0.013659863954694
83,13.789999999997796,0,0,0.23833333333333337,-0.31,0.8109785993716856,0.3899015821454277,-0.11870011368630337,-0.08508912948500649,0.3899015821454277,0.1460475160543908,3.560387807781619e-05,0.013534708326525301
84,13.828999999997775,0,0,0.24000000000000002,-0.31,0.8108138288466182,0.360410263307291,-0.11792022293405569,-0.09188560977006295,0.360410263307291,0.1494929572241906,2.80067051558104e-05,0.01141434133283832
85,13.867999999997753,0,0,0.2416666666666667,-0.31,0.8106431434042061,0.5603065086526595,-0.163166800845152,-0.11313502001964616,0.5603065086526595,0.19855210311877142,2.3527237091996545e-05,0.010050400452094283
86,13.907999999997731,0,0,0.24333333333333337,-0.31,0.8104611499802448,0.2612309670640816,-0.08889652038350938,-0.0769694249496328,0.2612309670640816,0.11758777025427795,2.557468486862215e-05,0.010159038738453025
87,13.948999999997708,0,0,0.24500000000000002,-0.31,0.8102695243518527,0.5180881253469299,-0.14992434408951177,-0.11020730552758533,0.5180881253469299,0.1860724566998589,1.712809113780708e-05,0.007751464255049678
88,13.988999999997686,0,0,0.2466666666666667,-0.31,0.8100751684549997,0.3476122304866157,-0.10065636181785292,-0.0812522185837525,0.3476122304866157,0.12935851807742857,2.2846539382811237e-05,0.008916182563688368
89,14.029999999997663,0,0,0.24833333333333338,-0.31,0.8098713369927628,0.2627731202442169,-0.08001505738391117,-0.07090326187632687,0.2627731202442169,0.10690969064052887,2.3186082432628795e-05,0.00883600812752013
90,14.07199999999764,0,0,0.25,-0.31,0.8096575037030634,0.3961713164709563,-0.10824344983306594,-0.0868326383757223,0.3961713164709563,0.1387679772824135,1.8130433537908946e-05,0.007421482499786289
91,14.113999999997617,0,0,0.2516666666666667,-0.31,0.8094372702556031,0.4850808574057693,-0.12378286835500142,-0.0937675081184182,0.4850808574057693,0.15528858321502337,1.7698488821135925e-05,0.007119798819370288
92,14.156999999997593,0,0,0.2533333333333334,-0.31,0.8092060352859752,0.20371896453040875,-0.061418495870365034,-0.06032108217745205,0.20371896453040875,0.08608637865560945,1.8477478151745235e-05,0.006966423364319714
93,14.19999999999757,0,0,0.255,-0.31,0.8089713580696742,0.47133060961724127,-0.1203807758687418,-0.09690455290109455,0.47133060961724127,0.1545380974767105,1.2384019078899248e-05,0.00500534703923979
94,14.243999999997545,0,0,0.2566666666666667,-0.31,0.808724476101142,0.24052177457198362,-0.06551246691069491,-0.06332655949400466,0.24052177457198362,0.09111606037396815,1.5094391304303755e-05,0.005553835324729212
95,14.28899999999752,0,0,0.25833333333333336,-0.31,0.8084678745183667,0.2212478255952539,-0.05921681966236494,-0.05965863833370795,0.2212478255952539,0.08405822302878653,1.5012579740596786e-05,0.005457895814996584
96,14.334999999997494,0,0,0.26,-0.31,0.8082019739927752,0.25155814844716845,-0.06669021834716923,-0.06680537918996052,0.25155814844716845,0.0943956774005437,1.2680727396413877e-05,0.004527555724381734
97,14.380999999997469,0,0,0.2616666666666667,-0.31,0.8079301985874158,0.36169737328848167,-0.0842443978668685,-0.07576322686581134,0.36169737328848167,0.11330130236264559,1.3365041462396804e-05,0.0046355909371769
98,14.427999999997443,0,0,0.26333333333333336,-0.31,0.8076499661670856,0.30716499990581303,-0.0738495896974485,-0.07217748457056034,0.30716499990581303,0.10326350360807524,1.2969183896896155e-05,0.004381237121640024
99,14.476999999997416,0,0,0.265,-0.31,0.8073531284362958,0.3437654980827474,-0.07760802820594878,-0.07411977684947617,0.3437654980827474,0.10731610951870872,1.3552108789735768e-05,0.004523824611467504
100,14.525999999997389,0,0,0.2666666666666667,-0.31,0.8070551273660199,0.22141412402909524,-0.05597251432346976,-0.06370937218660135,0.22141412402909524,0.08480451912546831,1.5470231213109642e-05,0.004844488963551199
101,14.57599999999736,0,0,0.26833333333333337,-0.31,0.8067450302071777,0.16898432484876705,-0.04208008038377951,-0.051335099446317416,0.16898432484876705,0.06637789993867418,1.4830789137428721e-05,0.004913201530985332
102,14.627999999997332,0,0,0.27,-0.31,0.8064223068736684,0.2988708805628524,-0.06332718408051141,-0.06699954168964807,0.2988708805628524,0.09219149000959832,1.5646330243310636e-05,0.005202015891193526
103,14.680999999997303,0,0,0.2716666666666667,-0.31,0.8060915096360696,0.20575360075664373,-0.04361280223450726,-0.05188455218321648,0.20575360075664373,0.0677796671133693,1.6310397849931376e-05,0.005495489071452934
104,14.735999999997272,0,0,0.2733333333333334,-0.31,0.8057489182424631,0.1558178994747099,-0.03750133016463224,-0.05149802149862222,0.1558178994747099,0.06370554122201076,1.8351022444966544e-05,0.006152889512645879
105,14.791999999997241,0,0,0.275,-0.31,0.8053994283855875,0.3245444833877732,-0.06758409441338936,-0.08051329096329664,0.3245444833877732,0.10511897944433436,2.1741033773283877e-05,0.007106304286498185
106,14.850999999997208,0,0,0.2766666666666667,-0.31,0.8050316625134429,0.2157572828814455,-0.0471610608606736,-0.06464784819533374,0.2157572828814455,0.0800219341042884,2.2621096413070055e-05,0.007535237188418484
107,14.910999999997175,0,0,0.2783333333333334,-0.31,0.8046591252416493,0.28639253935772263,-0.0578381736937188,-0.07515756613398271,0.28639253935772263,0.09483624878393689,2.383407063408439e-05,0.008059516811042002
108,14.97399999999714,0,0,0.28,-0.31,0.8042725178051489,0.33570632878492307,-0.06497174223549533,-0.08458539642364801,0.33570632878492307,0.10665841071974275,2.6065291284584146e-05,0.008901365739845745
109,15.039999999997104,0,0,0.28166666666666673,-0.31,0.803873778413227,0.32986789096208574,-0.06291941290558842,-0.08871954100974606,0.32986789096208574,0.10876584701717694,2.9720875025420686e-05,0.010074008825873938
110,15.108999999997065,0,0,0.2833333333333334,-0.31,0.8034626923041862,0.32242742597211616,-0.05847522660590652,-0.08529208522553314,0.32242742597211616,0.10341224264433939,2.7492724699452775e-05,0.009748304037841347
111,15.181999999997025,0,0,0.28500000000000003,-0.31,0.8030389130353678,0.2973527033298603,-0.05542949908890718,-0.08724753221884571,0.2973527033298603,0.10336615136264715,3.2009937513148085e-05,0.01117453891722685
112,15.259999999996982,0,0,0.28666666666666674,-0.31,0.802599975660142,0.22816763952851937,-0.04294389837499283,-0.07797916455849807,0.22816763952851937,0.08902206756126839,3.204085511605636e-05,0.011564137931330702
113,15.342999999996936,0,0,0.2883333333333334,-0.31,0.8021506112310507,0.3702580677330802,-0.061415425645204254,-0.10459131510066196,0.3702580677330802,0.12128972628243322,3.371793233597986e-05,0.012174877980176637
114,15.432999999996886,0,0,0.29000000000000004,-0.31,0.8016880128438701,0.37005849272399405,-0.06169226020212008,-0.11354654354177222,0.37005849272399405,0.12922365309466244,3.799911579258014e-05,0.013451650172468613
115,15.53299999999683,0,0,0.29166666666666674,-0.31,0.801206244902878,0.4257002837222544,-0.0663672294314299,-0.1294846457063764,0.4257002837222544,0.1455021739222816,3.991827328770489e-05,0.014291181535767354
116,15.644999999996768,0,0,0.29333333333333333,-0.31,0.8007105911685604,0.48652661166767036,-0.06991908527537621,-0.1425933163401294,0.48652661166767036,0.15881288471223468,3.87154798454252e-05,0.014178707016873992
117,15.773999999996697,0,0,0.29500000000000004,-0.31,0.8002050669462598,0.6392662029055378,-0.0867771673380928,-0.18297557113903273,0.6392662029055378,0.20251008963722916,4.325812096865264e-05,0.015550189992882803
118,15.933999999996608,0,0,0.29666666666666675,-0.31,0.7996780031281532,0.6541844633607534,-0.08490435921530522,-0.20035529179431621,0.6541844633607534,0.2176028335379555,4.424650696161586e-05,0.016010305533998258
119,16.15499999999676,0,0,0.29833333333333334,-0.31,0.7991363356028602,0.7222703803554659,-0.08958152681072137,-0.2282015416543348,0.7222703803554659,0.24515463193493833,4.217316187144107e-05,0.015586680260685382
120,16.94099999999772,0,0,0.30000000000000004,-0.31,0.7985348972655912,1.002174415247538,0.3457183169308347,-0.3757865416194075,1.002174415247538,0.5106238140977796,0.00011896071653654974,0.04264936828871732
121,17.157999999997987,0,1,0.30000000000000004,-0.309,0.7987543395420635,1.4632727164026418,0.5111504323049446,-1.4417599748873067,1.4632727164026418,1.5296883962534915,0.0005269798437737114,0.1636743852896451
122,17.221999999998065,0,1,0.30000000000000004,-0.308,0.799093018429333,1.9038981296295916,0.6411742103228464,-1.846804934172813,1.9038981296295916,1.9549406213151779,0.0005980158981123429,0.20261369105266328
123,17.269999999998124,0,1,0.30000000000000004,-0.307,0.799434952325816,2.008667766156399,0.6720949144431044,-1.9205280250487935,2.008667766156399,2.0347332672903597,0.0005268974138883735,0.19241094213973678
124,17.309999999998173,0,1,0.30000000000000004,-0.306,0.7997763177484769,2.19589318770691,0.7273847914880769,-2.056441983841401,2.19589318770691,2.18129371424247,0.00046452913089348023,0.177562771455682
125,17.346999999998218,0,1,0.30000000000000004,-0.305,0.8001273473550217,2.3334095799502808,0.7655436595115328,-2.145160165804201,2.3334095799502808,2.2776674980276246,0.00039902504908659954,0.15865323283366287
126,17.38099999999826,0,1,0.30000000000000004,-0.304,0.8004691159356858,2.423851287174097,0.7877923475346729,-2.1884318599347368,2.423851287174097,2.325908594165214,0.00032595457904372306,0.13586620837517774
127,17.4129999999983,0,1,0.30000000000000004,-0.303,0.8007990471805074,2.2193999241036324,0.7211109449037821,-2.0115902690462284,2.2193999241036324,2.136936219305926,0.00023884485502130904,0.1083803796937623
128,17.442999999998335,0,1,0.30000000000000004,-0.302,0.8011135256722617,2.2400001090021506,0.7196349952149425,-1.988588385801097,2.2400001090021506,2.1147950951524885,0.00016040917534357319,0.08197811898891319
129,17.472999999998372,0,1,0.30000000000000004,-0.301,0.8014268836188997,2.254821845670487,0.7168467453327263,-1.9612146285923668,2.254821845670487,2.0881168730937496,8.934137697003202e-05,0.05554163770968116
130,17.50299999999841,0,1,0.30000000000000004,-0.3,0.8017259138247096,2.0598495833607924,0.6491559363769017,-1.769858045396096,2.0598495833607924,1.8851527605439993,6.204954763084475e-05,0.02474629554924937
131,17.532999999998445,0,1,0.30000000000000004,-0.299,0.8020240760011259,2.085074839524699,0.654076650086122,-1.7700863913338836,2.085074839524699,1.8870670621292964,9.190764466854976e-05,0.015407827121771812
132,17.562999999998482,0,1,0.30000000000000004,-0.298,0.8023098798042186,2.1087020811728125,0.6510770913377225,-1.7349218819757832,2.1087020811728125,1.8530664627646745,0.00014724818857192752,0.028771581598908396
133,17.59399999999852,0,1,0.30000000000000004,-0.297,0.8025793337469435,2.1514763354451913,0.6576086077564445,-1.7244429654754763,2.1514763354451913,1.8455765013060887,0.00020916765978435634,0.051312080061022634
134,17.624999999998558,0,1,0.30000000000000004,-0.296,0.8028472954920381,2.1177726254996814,0.644240758464277,-1.6793303916200826,2.1177726254996814,1.7986652604321591,0.0002178547543824118,0.06109371462529376
135,17.6589999999986,0,1,0.30000000000000004,-0.295,0.8030953957380518,1.7667390681305422,0.5350288443691232,-1.3946184365203735,1.7667390681305422,1.4937256936229928,0.00028253616286453664,0.0841255192554115
136,17.695999999998644,0,1,0.30000000000000004,-0.294,0.8033436905550783,1.8011975077854618,0.5392347014104122,-1.3819564584461286,1.8011975077854618,1.483434432742527,0.0002989588993902949,0.09520308211875267
137,17.735999999998693,0,1,0.30000000000000004,-0.293,0.8035792546797442,1.6102094502308244,0.4832599187088292,-1.2369200688006141,1.6102094502308244,1.3279726675019257,0.000292575878534013,0.09946851708090071
138,17.784999999998753,0,1,0.30000000000000004,-0.292,0.8038039442595863,1.4685833362413607,0.4345345900324504,-1.0962224812675119,1.4685833362413607,1.1792048330849776,0.0003045446409711425,0.10671747992257045
139,17.84799999999883,0,1,0.30000000000000004,-0.291,0.8040139917218115,1.2468627987074286,0.3678754237919731,-0.9228305426286801,1.2468627987074286,0.993452836242601,0.0002797226475222086,0.10299810425589538
140,18.056999999999086,0,1,0.30000000000000004,-0.29,0.8042178563286299,0.9880014974387867,0.1643082412530275,-0.33036981984914365,0.9880014974387867,0.3689734624750386,0.00028722217183323537,0.10469091797102364
141,18.851000000000056,1,0,0.2983333333333334,-0.29,0.8045912042597503,1.2937851161800848,1.1119847046435478,-0.3103863353222019,1.2937851161800848,1.1544910829088049,0.00012601307767558896,0.04947925776604368
142,19.072000000000326,1,0,0.2966666666666667,-0.29,0.8050967037310663,1.2357276027105548,1.074908854595237,-0.29123621865354193,1.2357276027105548,1.1136640340528456,3.2391947531384004e-05,0.01521481800399169
143,19.23200000000052,1,0,0.29500000000000004,-0.29,0.8055589387038924,1.32095940634265,1.1203974703170911,-0.30513504371809463,1.32095940634265,1.161205359270177,2.1186419646160686e-05,0.008388481177834493
144,19.36200000000068,1,0,0.2933333333333334,-0.29,0.8060043196273045,1.4174012371223093,1.169691924027315,-0.32090913598642873,1.4174012371223093,1.2129146180561425,1.7700474033898716e-05,0.006951038371064283
145,19.473000000000816,1,0,0.2916666666666667,-0.29,0.8064355209064357,1.4978203115132283,1.212138361003596,-0.3339835226919321,1.4978203115132283,1.2573083948046304,1.5283397250978605e-05,0.006074820636739372
146,19.57300000000094,1,0,0.29000000000000004,-0.29,0.8068631528861385,1.576793972446904,1.2555199093490714,-0.34687009869099944,1.576793972446904,1.302554838821692,1.5767494178696587e-05,0.005894109339545071
147,19.66300000000105,1,0,0.2883333333333334,-0.29,0.8072705753667238,1.361778802748251,1.1299244157115718,-0.3028502133945352,1.361778802748251,1.1698065810099771,1.9826608876982927e-05,0.0062065887126627065
148,19.74600000000115,1,0,0.28666666666666674,-0.29,0.807665192149109,1.7054031755311554,1.3175215212955125,-0.36616167430083213,1.7054031755311554,1.3674565187981775,1.4889587624773533e-05,0.005030625237636046
149,19.824000000001245,1,0,0.28500000000000003,-0.29,0.8080546867142941,1.6804650575623745,1.279268438369688,-0.3554006647717972,1.6804650575623745,1.3277188595214935,1.8399926293256218e-05,0.005722229196961915
150,19.897000000001334,1,0,0.2833333333333334,-0.29,0.8084345393598634,1.6239943814095112,1.2285084285573313,-0.3394513481773698,1.6239943814095112,1.2745431247375814,2.421583141400578e-05,0.007313981581593691
151,19.96600000000142,1,0,0.28166666666666673,-0.29,0.8088024418379706,1.5668001814517099,1.1842879993798403,-0.3253029781266986,1.5668001814517099,1.2281531228039948,2.722186951384587e-05,0.008547284093430295
152,20.0320000000015,1,0,0.28,-0.29,0.8091647587485856,1.675521793030687,1.248807967563997,-0.34517036019353897,1.675521793030687,1.2956326321173985,1.8620238063975767e-05,0.007065571399395509
153,20.095000000001576,1,0,0.2783333333333334,-0.29,0.8095091379383696,1.823239200249736,1.3191626630056763,-0.36959509526886697,1.823239200249736,1.3699600964681529,2.5351481354902354e-05,0.009382728870737687
154,20.15500000000165,1,0,0.2766666666666667,-0.29,0.8098281036888133,1.6696729172625617,1.1866349911167535,-0.33263251917018777,1.6696729172625617,1.2323745351767712,7.04073327236641e-05,0.020758371125961572
155,20.21400000000172,1,0,0.275,-0.29,0.8101698574689669,1.2688308505706913,1.0063934703850153,-0.26549940766384356,1.2688308505706913,1.040825515013658,1.7178027347484958e-05,0.008712458174378884
156,20.27000000000179,1,0,0.2733333333333334,-0.29,0.8104882681803529,1.6785091618052697,1.208016203092659,-0.33502639674143436,1.6785091618052697,1.2536131115491547,1.6778889497491116e-05,0.008099659985943222
157,20.325000000001857,1,0,0.2716666666666667,-0.29,0.8108009757192277,1.8705000689509972,1.2894300774263339,-0.36425395396049576,1.8705000689509972,1.339892110413199,2.6706157305642695e-05,0.010828640424057718
158,20.378000000001922,1,0,0.27,-0.29,0.811090510502027,1.7441424717627743,1.1847997371704515,-0.33471621886308617,1.7441424717627743,1.2311723536406964,5.7229614533669697e-05,0.018797674989543055
159,20.430000000001986,1,0,0.26833333333333337,-0.29,0.8113914533290345,1.7224257577276803,1.1718526302023586,-0.32958905022741436,1.7224257577276803,1.217319813747396,4.1193365058681055e-05,0.015331960779300954
160,20.480000000002047,1,0,0.2666666666666667,-0.29,0.8116675398405149,1.5356860288182013,1.050722652601774,-0.2934015943685149,1.5356860288182013,1.0909182317059767,6.63400553750531e-05,0.0216134543777414
161,20.530000000002108,1,0,0.265,-0.29,0.8119410628324084,1.6179933540124483,1.0782112528565648,-0.3037507356182926,1.6179933540124483,1.1201803493969964,6.83724527620656e-05,0.023000137574580495
162,20.578000000002167,1,0,0.26333333333333336,-0.29,0.8122082569062448,1.637514300796002,1.0829373037119552,-0.3062483999563664,1.637514300796002,1.125407164650534,6.103182556441594e-05,0.02152399000157831
163,20.625000000002224,1,0,0.2616666666666667,-0.29,0.8124628476935642,1.6955538759230009,1.0960983695623798,-0.3127424194796067,1.6955538759230009,1.139841856004273,6.58551962898963e-05,0.022948108739833443
164,20.67100000000228,1,0,0.26,-0.29,0.8127124026331285,1.7372051345508641,1.1098264121121315,-0.31814255427507515,1.7372051345508641,1.1545255951525526,5.9249956324198306e-05,0.0216379776216247
165,20.717000000002336,1,0,0.25833333333333336,-0.29,0.8129546278149985,1.4250699244172345,0.9550008358978556,-0.26797951144876264,1.4250699244172345,0.991886896335424,6.293285156974187e-05,0.02281082397187659
166,20.76200000000239,1,0,0.2566666666666667,-0.29,0.8131786692499832,1.4467094596119254,0.9252474307603019,-0.2626016724677971,1.4467094596119254,0.9617912697209431,8.817062984958775e-05,0.029217977145736148
167,20.806000000002445,1,0,0.255,-0.29,0.8134029592072421,1.6004615714582826,0.9888999641204275,-0.2855928611900418,1.6004615714582826,1.029313568063735,8.236974457543668e-05,0.028051741054680106
168,20.849000000002498,1,0,0.25333333333333335,-0.29,0.8136230042580842,1.5227936245436202,0.9597136504995201,-0.2748006099694329,1.5227936245436202,0.9982813562291382,6.255069481235507e-05,0.0235105143641827
169,20.89200000000255,1,0,0.2516666666666667,-0.29,0.8138343929105372,1.7063124700697867,1.0277878638149522,-0.30068610044626354,1.7063124700697867,1.070868817366013,6.805365005555053e-05,0.024659595108019912
170,20.9340000000026,1,0,0.25000000000000006,-0.29,0.8140374916484712,1.4701242602671345,0.9213176663072375,-0.26526456527922804,1.4701242602671345,0.9587447688736519,6.11871030999679e-05,0.023235261044913486
171,20.976000000002653,1,0,0.24833333333333335,-0.29,0.8142327192339028,1.7182509016590888,1.0129687498673206,-0.2988573663675501,1.7182509016590888,1.0561351303881101,6.631342058916224e-05,0.02458007637325524
172,21.017000000002703,1,0,0.2466666666666667,-0.29,0.8144177531854204,1.365483941437013,0.8412827785049529,-0.24328094264552808,1.365483941437013,0.8757524367442607,7.514464021680913e-05,0.026801408523568743
173,21.058000000002753,1,0,0.24500000000000005,-0.29,0.8146016522783531,1.4079383965454988,0.8535458624892825,-0.24902684218650853,1.4079383965454988,0.8891315467926877,7.097172893751099e-05,0.02588250666309351
174,21.098000000002802,1,0,0.24333333333333337,-0.29,0.8147733863171825,1.6761755914949639,0.9590630608016528,-0.2863974088452687,1.6761755914949639,1.000912299048982,6.791265125668875e-05,0.02539910683156274
175,21.13800000000285,1,0,0.2416666666666667,-0.29,0.8149385704869384,1.5920326510396456,0.9064858300190911,-0.27100934885269196,1.5920326510396456,0.9461303436582935,7.346906082324652e-05,0.026828243530238955
176,21.1770000000029,1,0,0.24000000000000005,-0.29,0.8150938513830528,1.7137048735116838,0.9565808269110866,-0.2892379346680113,1.7137048735116838,0.9993525210179414,6.668511658236006e-05,0.02557781817429436
177,21.216000000002946,1,0,0.23833333333333337,-0.29,0.8152452159274484,1.6884324784338718,0.9333431564157406,-0.283323998656907,1.6884324784338718,0.9753983472628179,6.411407528964865e-05,0.025025536643088955
178,21.255000000002994,1,0,0.2366666666666667,-0.29,0.8153930332951415,1.6843089599828864,0.9221725360919613,-0.281234488174632,1.6843089599828864,0.9641032225136097,5.914946049422699e-05,0.023758153921679133
179,21.29300000000304,1,0,0.23500000000000004,-0.29,0.8155177725043375,1.5894414138450819,0.8550311407080279,-0.26243770412075024,1.5894414138450819,0.8944002460446004,8.626761809516167e-05,0.03038111043482725
180,21.332000000003088,1,0,0.23333333333333336,-0.29,0.8156531494754493,1.3266559053820028,0.7244548948413997,-0.219975389230111,1.3266559053820028,0.7571156229576842,9.166539782763762e-05,0.03144148361048034
181,21.370000000003134,1,0,0.2316666666666667,-0.29,0.8157791086601985,1.4018860276517777,0.7497515568100858,-0.2303284432903874,1.4018860276517777,0.7843332128169255,8.70988361542479e-05,0.030318955849630062
182,21.40700000000318,1,0,0.23000000000000004,-0.29,0.8158954863855737,1.4703750618894647,0.772314790131884,-0.23968881432617115,1.4703750618894647,0.8086537347774644,8.327272306510724e-05,0.029419341824491532
183,21.445000000003226,1,0,0.22833333333333336,-0.29,0.8160119564764876,1.4200776077277277,0.7481732102985124,-0.23223021445563702,1.4200776077277277,0.7833862553775712,7.350879274107679e-05,0.0270932012487451
184,21.48200000000327,1,0,0.22666666666666668,-0.29,0.8161193872955388,1.5435922235475013,0.795229920013396,-0.24998755686671018,1.5435922235475013,0.8335972674335604,6.330682349907424e-05,0.024639045519788984
185,21.519000000003317,1,0,0.22500000000000003,-0.29,0.816217095003714,1.1569311008082932,0.6359964549302793,-0.19676229431935818,1.1569311008082932,0.6657378546768244,7.133220727234756e-05,0.026401397200539488
186,21.556000000003362,1,0,0.22333333333333336,-0.29,0.8163090968241922,1.3784971290778074,0.7049708333534004,-0.22299674512914233,1.3784971290778074,0.7393993672009596,7.267572428712801e-05,0.026729741657731045
187,21.592000000003406,1,0,0.22166666666666668,-0.29,0.816392820987758,1.200733161673567,0.6329268236927414,-0.19932840710578892,1.200733161673567,0.6635722854588743,7.264655677124949e-05,0.026759139276461747
188,21.62900000000345,1,0,0.22000000000000003,-0.29,0.8164718249046803,1.5030266243230614,0.7399059964723271,-0.23885170699458144,1.5030266243230614,0.7775030685148019,6.629370956418235e-05,0.025436713546241038
189,21.665000000003495,1,0,0.21833333333333338,-0.29,0.8165425268654684,1.0792457004093376,0.5691060276513975,-0.18044245546569984,1.0792457004093376,0.5970269260625054,7.265570216952518e-05,0.026820559329718614
190,21.70100000000354,1,0,0.2166666666666667,-0.29,0.8165989445870954,1.1584261692762852,0.5665328303368191,-0.18298659964909944,1.1584261692762852,0.5953516133349996,9.550578927016209e-05,0.03222774384298605
191,21.737000000003583,1,0,0.21500000000000002,-0.29,0.8166704695839306,1.384921469321041,0.6859492115595658,-0.22453571469697423,1.384921469321041,0.7217635402357693,4.820341740486185e-05,0.021153652587458976
192,21.773000000003627,1,0,0.21333333333333337,-0.29,0.8167107468859331,1.1087093127479217,0.5317445098382838,-0.17373895036570677,1.1087093127479217,0.5594081216941118,9.129226936573578e-05,0.031160999322161875
193,21.80900000000367,1,0,0.2116666666666667,-0.29,0.8167697324614276,1.0551486217945436,0.5463541044801968,-0.17850305259513316,1.0551486217945436,0.5747748665939898,5.224225928926465e-05,0.021810180984493263
194,21.845000000003715,1,0,0.21000000000000002,-0.29,0.8168085735071051,1.4209890942330243,0.6552248463690296,-0.22036100251010735,1.4209890942330243,0.6912876179468123,5.493750275541154e-05,0.022296385653968364
195,21.88100000000376,1,0,0.20833333333333337,-0.29,0.8168380507918087,0.9728311480998026,0.4697684604139552,-0.15580349701581733,0.9728311480998026,0.49493144584079074,7.872137619720724e-05,0.02756951118196404
196,21.9160000000038,1,0,0.2066666666666667,-0.29,0.816873633601727,1.1680307606096387,0.5688578626102154,-0.1918287410141023,1.1680307606096387,0.6003311867065697,4.268020646571598e-05,0.019162159883983163
197,21.952000000003846,1,0,0.20500000000000002,-0.29,0.8168919128929011,0.8229359121242683,0.4227100869411693,-0.14092835218646504,0.8229359121242683,0.4455834580096115,6.25731340361598e-05,0.023568822256050385
198,21.98700000000389,1,0,0.20333333333333337,-0.29,0.816905579643063,1.2415149886021901,0.5488160104449775,-0.18963249308181418,1.2415149886021901,0.580654368581832,6.397629988612144e-05,0.023832399977053612
199,22.023000000003933,1,0,0.2016666666666667,-0.29,0.8169167926089863,0.8699724688049583,0.4256619670761609,-0.14517587253613154,0.8699724688049583,0.449737861628053,5.989142430522184e-05,0.022742953659149273
200,22.059000000003977,1,0,0.2,-0.29,0.8169187742188914,1.2508236559061963,0.5397564979823998,-0.18984718310897417,1.2508236559061963,0.572170455413976,5.7615756364875025e-05,0.022173049466175574
201,22.09400000000402,1,0,0.19833333333333336,-0.29,0.8169167192045124,1.2578495055987042,0.5363985296724986,-0.19031376467751993,1.2578495055987042,0.5691596539289734,5.334913749399592e-05,0.021050403106689958
202,22.130000000004063,1,0,0.19666666666666668,-0.29,0.8169074040636615,0.8676629316926856,0.4083755385894893,-0.1435677856320344,0.8676629316926856,0.43287676027888267,5.3217120604217655e-05,0.020864873460225686
203,22.165000000004106,1,0,0.195,-0.29,0.8168899531939466,1.1680098079239687,0.4872745191653471,-0.17559522363400876,1.1680098079239687,0.5179480085789477,5.609421877777111e-05,0.021434151749228875
204,22.20100000000415,1,0,0.19333333333333336,-0.29,0.8168720658793959,0.9754581772861896,0.43453055062846946,-0.1566629723170829,0.9754581772861896,0.4619091754064904,4.278086651367415e-05,0.018143911616280387
205,22.237000000004194,1,0,0.1916666666666667,-0.29,0.8168399688415845,0.6533536279139252,0.31638083750401186,-0.11308486817221186,0.6533536279139252,0.33598366292018794,5.61493928714937e-05,0.021069227566357943
206,22.272000000004237,1,0,0.19000000000000003,-0.29,0.8168084097981629,0.9756861608501025,0.4236339731346351,-0.15600055185538367,0.9756861608501025,0.4514442550005714,3.9501940022781335e-05,0.017156165051210703
207,22.30800000000428,1,0,0.18833333333333335,-0.29,0.8167617436880723,1.0962582922091502,0.43265937199477833,-0.16191718248462236,1.0962582922091502,0.46196461569981145,5.451080525341903e-05,0.020509996119825385
208,22.344000000004325,1,0,0.1866666666666667,-0.29,0.8167124910559649,0.8966163357407534,0.35533343272882567,-0.13317839538003234,0.8966163357407534,0.37947112328983756,6.299396109594876e-05,0.022244469642817264
209,22.38000000000437,1,0,0.18500000000000003,-0.29,0.8166617545992594,0.9596208502474233,0.3736320503163369,-0.14191197129479807,0.9596208502474233,0.39967476355202275,5.442257994372332e-05,0.020022076817137344
210,22.416000000004413,1,0,0.18333333333333335,-0.29,0.8166013807507685,0.8093458768714579,0.32127862871985946,-0.12253211291342038,0.8093458768714579,0.3438518226898623,5.699667432073318e-05,0.020426353842376992
211,22.452000000004457,1,0,0.1816666666666667,-0.29,0.8165355764608775,0.5808303613916107,0.2458538128451471,-0.09332947694774506,0.5808303613916107,0.2629724102597767,5.9461696372457276e-05,0.020779456877813497
212,22.489000000004502,1,0,0.18000000000000002,-0.29,0.8164620185073468,0.7017315283296491,0.2791306126310224,-0.10827652498110064,0.7017315283296491,0.29939556571491305,5.3731806668858126e-05,0.019310406946206622
213,22.525000000004546,1,0,0.17833333333333334,-0.29,0.8163878924524159,0.8892257338087832,0.34089660063922506,-0.13520083728445034,0.8892257338087832,0.3667284536680999,3.790727053153854e-05,0.015461786166409433
214,22.56200000000459,1,0,0.1766666666666667,-0.29,0.8162979976057188,0.753390107585266,0.28303581626558444,-0.11283056908360219,0.753390107585266,0.3046965877866951,4.9745828641998584e-05,0.018001911679430098
215,22.598000000004635,1,0,0.17500000000000002,-0.29,0.8162130712017883,0.86604121841592,0.3237496777566682,-0.1313330211413978,0.86604121841592,0.34937403493916563,3.3032112505005486e-05,0.013908189095217684
216,22.63500000000468,1,0,0.17333333333333334,-0.29,0.8161079273633325,0.8618497083780401,0.30094183154410314,-0.12362700446933078,0.8618497083780401,0.3253453890977699,4.836913627659347e-05,0.017365008726695937
217,22.673000000004727,1,0,0.1716666666666667,-0.29,0.8160129915659591,0.44144619466684276,0.2037601360269133,-0.08286323350943393,0.44144619466684276,0.21996478923078847,2.2803127932949982e-05,0.010985693166093977
218,22.710000000004772,1,0,0.17,-0.29,0.8158905011614388,0.40931707100284914,0.15469178155845456,-0.06279550554435281,0.40931707100284914,0.16695155823860844,5.763902415253461e-05,0.018918778879319163
219,22.74800000000482,1,0,0.16833333333333336,-0.29,0.8157720501646534,0.9494515363123364,0.31536955938754657,-0.1349627893317256,0.9494515363123364,0.34303485754729796,3.667390627933263e-05,0.01409159665404281
220,22.786000000004865,1,0,0.16666666666666669,-0.29,0.8156521459473164,0.28683969774847734,0.13401880310528125,-0.05625184811027129,0.28683969774847734,0.1453454849714747,3.8067170094503756e-05,0.013903854663585824
221,22.82400000000491,1,0,0.165,-0.29,0.8155259135830488,0.589808835338815,0.22750711837096127,-0.09920841728904867,0.589808835338815,0.24819709702262152,1.5863135048867275e-05,0.008605490959121675
222,22.862000000004958,1,0,0.16333333333333336,-0.29,0.8153799370089883,0.2840352610751276,0.10841878977800386,-0.04546995343870224,0.2840352610751276,0.11756764283868561,5.0018118335019424e-05,0.016230777645898448
223,22.901000000005006,1,0,0.16166666666666668,-0.29,0.8152326641838537,0.8067529287356335,0.24745224155019446,-0.11117957864921024,0.8067529287356335,0.2712812388589224,3.9291827726313475e-05,0.013731759446065068
224,22.940000000005053,1,0,0.16000000000000003,-0.29,0.8150913804482546,0.2993243879023164,0.13124708385871545,-0.058735698717545394,0.2993243879023164,0.1437904006714459,2.1453522630225822e-05,0.00916786823548469
225,22.980000000005102,1,0,0.15833333333333335,-0.29,0.8149283286549276,0.5021455458715178,0.1810358016921802,-0.0837336528033107,0.5021455458715178,0.1994624929808002,1.7925037256964832e-05,0.008217298201825412
226,23.01900000000515,1,0,0.15666666666666668,-0.29,0.8147653186272843,0.3450346213285277,0.13506387328739872,-0.06307410385439237,0.3450346213285277,0.1490657319588549,2.091021632600075e-05,0.008626882405643958
227,23.0600000000052,1,0,0.15500000000000003,-0.29,0.8145854432746651,0.3053005124698588,0.10926124112343653,-0.0514831077367067,0.3053005124698588,0.12078298387630225,3.145363380463349e-05,0.01080822038521637
228,23.10000000000525,1,0,0.15333333333333335,-0.29,0.8144112150122799,0.225019123717828,0.0935938906535789,-0.04487330972472964,0.225019123717828,0.10379513617374178,2.4509648845306357e-05,0.00890933224165267
229,23.1410000000053,1,0,0.15166666666666667,-0.29,0.8142273007052931,0.246667874818601,0.09956593063709851,-0.04869222658245367,0.246667874818601,0.11083459510995887,1.7806655300221684e-05,0.007077376835235161
230,23.18300000000535,1,0,0.15000000000000002,-0.29,0.814032453842967,0.27061130775255426,0.10556350243986087,-0.05267487597063232,0.27061130775255426,0.11797582636240363,1.2521231361306404e-05,0.005605333592426744
231,23.2250000000054,1,0,0.14833333333333334,-0.29,0.8138326022999247,0.3258451120745677,0.11803190142998365,-0.06018659898174196,0.3258451120745677,0.13249134481982738,8.854290442578767e-06,0.0044460134721451845
232,23.268000000005454,1,0,0.14666666666666667,-0.29,0.8136199012669612,0.6487674035553421,0.1831892968423496,-0.09486572027892252,0.6487674035553421,0.2062954758632221,8.00370833475591e-06,0.0040894159626965396
233,23.311000000005507,1,0,0.14500000000000002,-0.29,0.8134013691691554,0.6058953979662112,0.15892800151239123,-0.08339960996800111,0.6058953979662112,0.17948148820292675,1.5934450917282913e-05,0.0059392724194268845
234,23.35600000000556,1,0,0.14333333333333334,-0.29,0.8131710684265689,0.28854969625098664,0.07676320060184687,-0.039461060743015815,0.28854969625098664,0.08631201701735029,2.4736440264088524e-05,0.0076680904913779095
235,23.400000000005615,1,0,0.1416666666666667,-0.29,0.8129514204606206,0.22849891084566232,0.08368143250670654,-0.04591101426269487,0.22849891084566232,0.09544843307778213,8.23960290541246e-06,0.003233343811212358
236,23.44600000000567,1,0,0.14,-0.29,0.8126997774449644,0.626805734291083,0.15030480010033725,-0.08319406443549918,0.626805734291083,0.17179285576094347,1.4497966398611297e-05,0.005090101473981282
237,23.492000000005728,1,0,0.13833333333333334,-0.29,0.8124689082097813,0.2759239447869844,0.09757050407863153,-0.055793328515558585,0.2759239447869844,0.11239616885376162,1.856082851260138e-05,0.00414761639020024
238,23.539000000005785,1,0,0.1366666666666667,-0.29,0.8121981209423907,0.2502919084095491,0.05386875415014265,-0.028559771428197125,0.2502919084095491,0.06097133111323203,2.3721813851577773e-05,0.0067314314348498995
239,23.588000000005845,1,0,0.135,-0.29,0.811942554880086,0.3555942836291564,0.10866835659569081,-0.06516613562637008,0.3555942836291564,0.12671005073664315,2.0016803631361648e-05,0.004877015656506902
240,23.637000000005905,1,0,0.13333333333333336,-0.29,0.8116602204703731,0.24727530842986895,0.0500154187378758,-0.027531915488976908,0.24727530842986895,0.05709245556128431,1.8054012319982837e-05,0.005247883284669974
241,23.688000000005967,1,0,0.13166666666666668,-0.29,0.811385639175427,0.1750225360568222,0.059706488779123844,-0.03763228511774989,0.1750225360568222,0.07057658029059825,1.5736465608038635e-05,0.004739602406615892
242,23.73900000000603,1,0,0.13,-0.29,0.8110987262233786,0.4599692659542998,0.11566939138828197,-0.07414191868325354,0.4599692659542998,0.1373915288879549,2.19902346947096e-05,0.006093877931742585
243,23.792000000006094,1,0,0.12833333333333335,-0.29,0.8107917245276052,0.4987275396383944,0.09719506042422021,-0.06186032073243303,0.4987275396383944,0.1152110196638642,1.2709195971660037e-05,0.0044469316041182445
244,23.84700000000616,1,0,0.12666666666666668,-0.29,0.8104844409758912,0.5090487019721668,0.09990729274485695,-0.06566201621880172,0.5090487019721668,0.11955319952859783,1.4259059833833252e-05,0.0050618045489381125
245,23.90400000000623,1,0,0.125,-0.29,0.8101687981310648,0.540202448449745,0.11387907369119456,-0.07829885359289278,0.540202448449745,0.13819968848997374,2.3113815577912138e-05,0.0071686693150884145
246,23.962000000006302,1,0,0.12333333333333335,-0.29,0.8098473210983744,0.2731018222630276,0.07165271191979658,-0.05167450409094045,0.2731018222630276,0.08834231997466435,2.6384229326621037e-05,0.008193262741119194
247,24.023000000006377,1,0,0.12166666666666667,-0.29,0.8095039014741109,0.5404047562002513,0.09963284571878235,-0.07178978797692119,0.5404047562002513,0.12280259607921155,2.1240819277353468e-05,0.007312718115202742
248,24.086000000006454,1,0,0.12,-0.29,0.8091562133086607,0.4357900671674014,0.07408595670053585,-0.05404276613290182,0.4357900671674014,0.09170250569929478,1.901047814546497e-05,0.007045105591769519
249,24.151000000006533,1,0,0.11833333333333335,-0.29,0.808811091823106,0.18360697574846999,0.049306175818813046,-0.03953732491019215,0.18360697574846999,0.06320046704676956,2.680609929742042e-05,0.00910315997860618
250,24.22100000000662,1,0,0.11666666666666667,-0.29,0.8084357779928878,0.45421300950746113,0.0736122057004471,-0.0578632395607279,0.45421300950746113,0.09363178584512379,2.319649154452213e-05,0.008460309785036018
251,24.293000000006707,1,0,0.11500000000000002,-0.29,0.8080649778892144,0.25691659550036366,0.04189542887931817,-0.033528814441198956,0.25691659550036366,0.053660118885577944,2.384281543178722e-05,0.008883666738040277
252,24.371000000006802,1,0,0.11333333333333334,-0.29,0.8076774425382777,0.5888394731561888,0.09447788475312151,-0.08172796703177157,0.5888394731561888,0.12492210093722587,3.0398836013041956e-05,0.010482383827879
253,24.454000000006904,1,0,0.11166666666666666,-0.29,0.8072812144385129,0.6322689499048536,0.09968914135379886,-0.09027118701141762,0.6322689499048536,0.13448721912623526,3.402069167141158e-05,0.011490599488167717
254,24.545000000007015,1,0,0.11000000000000001,-0.29,0.8068677473174228,0.2445980419619334,0.05278292773205793,-0.05153250821297256,0.2445980419619334,0.07376745124164,3.144718015859385e-05,0.011180942160396912
255,24.644000000007136,1,0,0.10833333333333334,-0.29,0.8064473598408655,0.5308729853640831,0.0724309528485209,-0.07157613572872916,0.5308729853640831,0.10183018283594564,3.3288800086069476e-05,0.011815839719901232
256,24.756000000007273,1,0,0.10666666666666669,-0.29,0.8060126565812064,0.5854093332796114,0.07268690834075471,-0.0762941548861724,0.5854093332796114,0.1053763954305353,3.18616936469371e-05,0.011608339241036192
257,24.88600000000743,1,0,0.10500000000000001,-0.29,0.8055696502872554,0.6977574280605335,0.10315393902350856,-0.11328546574505062,0.6977574280605335,0.15321335413448384,4.174689988189621e-05,0.014271387221651098
258,25.045000000007626,1,0,0.10333333333333333,-0.29,0.8051123369740757,0.6769762445032507,0.09663553145233238,-0.11247457250496089,0.6769762445032507,0.14828673372641404,3.987481933297923e-05,0.014067800754536836
259,25.266000000007896,1,0,0.10166666666666668,-0.29,0.8046391018090152,0.7915262780927631,0.09621816057043413,-0.12078130935896512,0.7915262780927631,0.15442169249824936,3.3343023529948466e-05,0.011795818998542889
260,26.052000000008857,1,0,0.1,-0.29,0.8040978254644924,0.9962585973915515,-0.2747179793789595,-0.1904239391311027,0.9962585973915515,0.3342622395489271,0.00013793218657447986,0.04960186679005708
261,26.26900000000912,1,1,0.1,-0.289,0.8042391259451407,1.3976839524901594,-0.4095908227009666,-1.040107190329971,1.3976839524901594,1.1178495468608294,0.0003921899157173868,0.1331960420813847
262,26.3330000000092,1,1,0.1,-0.288,0.804455933723282,1.5888187692734894,-0.463510623739215,-1.1646386365417594,1.5888187692734894,1.2534852420531182,0.00034668516119734465,0.128909332190162
263,26.38100000000926,1,1,0.1,-0.287,0.8046688647906244,1.6289881580369812,-0.47610159101047905,-1.1838748675499982,1.6289881580369812,1.2760221106937117,0.000269364333763299,0.10932093308540215
264,26.421000000009307,1,1,0.1,-0.286,0.8048723794050165,1.762880486422182,-0.5059648893433645,-1.251269471907684,1.762880486422182,1.3496946916159882,0.0002065401059432022,0.09026010139695673
265,26.458000000009353,1,1,0.1,-0.285,0.805073561293035,1.6828092448726573,-0.4895716949711548,-1.195428035838351,1.6828092448726573,1.2917927981627966,0.00014034488670658122,0.06902299201000926
266,26.492000000009394,1,1,0.1,-0.284,0.8052658324152597,1.7701472360160018,-0.5055752556511091,-1.22679190461603,1.7701472360160018,1.3268853440889725,8.817435967511993e-05,0.05053143061006593
267,26.524000000009433,1,1,0.1,-0.283,0.8054488659133555,1.6263301460326451,-0.4776753553674992,-1.1434135122905065,1.6263301460326451,1.2391804570820097,4.162869543442295e-05,0.03310479150471713
268,26.55400000000947,1,1,0.1,-0.282,0.805611725738991,1.7348610820195518,-0.48559446661666716,-1.159327191262512,1.7348610820195518,1.2569174684160256,3.0326935234448198e-05,0.011743798129263874
269,26.584000000009507,1,1,0.1,-0.28099999999999997,0.8057840919506934,1.5665666782125747,-0.45627251121089424,-1.071559426699148,1.5665666782125747,1.1646562623514725,4.502609595957395e-05,0.004442747275621529
270,26.614000000009543,1,1,0.1,-0.27999999999999997,0.8059454428711724,1.4513972423148598,-0.428283116326621,-0.9942836106321742,1.4513972423148598,1.082601647006966,8.045938223715727e-05,0.013109798403113809
271,26.64400000000958,1,1,0.1,-0.27899999999999997,0.8061005179237507,1.7290396894245312,-0.4784915271538673,-1.1104117098983552,1.7290396894245312,1.2091188142765081,9.543938905312077e-05,0.021755106241962873
272,26.674000000009617,1,1,0.1,-0.27799999999999997,0.806244340813293,1.6380426952853067,-0.45223704091210204,-1.0383090390571477,1.6380426952853067,1.13252108225883,0.0001244797811102842,0.03325473199724609
273,26.705000000009655,1,1,0.1,-0.27699999999999997,0.8063835163900864,1.5600269771893545,-0.42977026864163415,-0.9761242010185792,1.5600269771893545,1.0665462669863235,0.00014491054150767756,0.04230348482470927
274,26.737000000009694,1,1,0.1,-0.27599999999999997,0.8065176191949308,1.4757656372900931,-0.4082669229741048,-0.9163850112982288,1.4757656372900931,1.0032165116896743,0.00015200310577383444,0.04755736412102266
275,26.770000000009734,1,1,0.1,-0.27499999999999997,0.8066420647009739,1.3853596874465237,-0.38610711057415026,-0.8568386437525459,1.3853596874465237,0.9398144296953636,0.0001543046476304386,0.0510234753874768
276,26.80700000000978,1,1,0.1,-0.27399999999999997,0.80676352384416,1.33835638153178,-0.3703491575100403,-0.8131345894975527,1.33835638153178,0.8935022994406618,0.0001532006333836595,0.053167350100993944
277,26.84800000000983,1,1,0.1,-0.27299999999999996,0.8068767311983456,1.2934187449162309,-0.35525878801798405,-0.7717108207516451,1.2934187449162309,0.8495565886562145,0.00014369097101767778,0.05251132204120816
278,26.896000000009888,1,1,0.1,-0.27199999999999996,0.806981835705151,1.2386038803425166,-0.33802288345466974,-0.7265581123657144,1.2386038803425166,0.8013402276083732,0.00012526482120783235,0.0486165342246667
279,26.959000000009965,1,1,0.1,-0.27099999999999996,0.8070775538644772,1.1442268828173865,-0.3122504951496698,-0.6638257388368841,1.1442268828173865,0.7335972895693856,9.630898326508722e-05,0.04048913326058137
280,27.16800000001022,1,1,0.1,-0.26999999999999996,0.8071758026318909,1.0172961344806726,-0.2829989350845728,-0.28008519378129887,1.0172961344806726,0.3981659365572474,0.00014027540301738203,0.048793957167654216
281,27.96200000001119,2,0,0.10166666666666667,-0.26999999999999996,0.8075631330266706,1.239612152529706,-1.0122913718954174,-0.13062600226644977,1.239612152529706,1.0206845614988114,0.00016929340331182696,0.06532960604551324
282,28.18300000001146,2,0,0.10333333333333333,-0.26999999999999996,0.808039814026212,1.2640807842494761,-1.0236432605880785,-0.1334439195333884,1.2640807842494761,1.0323046084406609,3.9510032950642804e-05,0.021373482986798316
283,28.343000000011656,2,0,0.10500000000000001,-0.26999999999999996,0.8084770325075554,1.3731159512384354,-1.049784185675398,-0.10885792863630657,1.3731159512384354,1.0554131348060558,1.9863636423814862e-05,0.0031550112728820304
284,28.473000000011815,2,0,0.10666666666666667,-0.26999999999999996,0.8088939423594836,1.1883429524266318,-0.9947023979423143,-0.15372428837009414,1.1883429524266318,1.0065108133085714,2.513078979199768e-05,0.007646608687048451
285,28.58400000001195,2,0,0.10833333333333334,-0.26999999999999996,0.8092958857408376,1.4982837840656746,-1.1419214602050536,-0.13752915182473294,1.4982837840656746,1.1501734168717657,1.3593887477118307e-05,0.005069495857512108
286,28.684000000012073,2,0,0.11000000000000001,-0.26999999999999996,0.8096972143882649,1.428166117453374,-1.0860339369164602,-0.1320770111351077,1.428166117453374,1.094035670809983,1.3840479920768814e-05,0.004933589412594334
287,28.774000000012183,2,0,0.11166666666666668,-0.26999999999999996,0.8100828117971308,1.6225711887166514,-1.2099266930745693,-0.14861952515114824,1.6225711887166514,1.2190202483431176,1.391079046139235e-05,0.004712042441787007
288,28.857000000012285,2,0,0.11333333333333334,-0.26999999999999996,0.8104589746249264,1.5451637177768678,-1.1385085119687812,-0.13763249313119252,1.5451637177768678,1.146797425437848,2.077104730229107e-05,0.006016307275730258
289,28.93500000001238,2,0,0.115,-0.26999999999999996,0.8108280839897497,1.3573091869897091,-1.0579166335731434,-0.16008433269133887,1.3573091869897091,1.0699600913884422,1.693931598943319e-05,0.005689416512017409
290,29.00800000001247,2,0,0.11666666666666667,-0.26999999999999996,0.8111843633555386,1.262222829040397,-1.0030539413956876,-0.16362676995272488,1.262222829040397,1.016312417121126,2.0258344060437335e-05,0.007472308353794583
291,29.077000000012553,2,0,0.11833333333333335,-0.26999999999999996,0.8115302052354927,1.5355350452173018,-1.0800614994885582,-0.12062105784757182,1.5355350452173018,1.086776095740857,4.620607239190769e-05,0.01479717755310582
292,29.143000000012634,2,0,0.12000000000000001,-0.26999999999999996,0.8118668540638843,1.7473302233960712,-1.2241553410664558,-0.14822386880963223,1.7473302233960712,1.233096352417939,2.2935182155027972e-05,0.00913264027930984
293,29.20600000001271,2,0,0.12166666666666667,-0.26999999999999996,0.812193779739629,1.692824503386304,-1.1754105450890822,-0.1445652006732638,1.692824503386304,1.1842673037588745,3.092186143325248e-05,0.011122091081202825
294,29.266000000012784,2,0,0.12333333333333335,-0.26999999999999996,0.8125078311070193,1.8149302021254023,-1.233969612119796,-0.14230209125367477,1.8149302021254023,1.2421476920279042,3.3907233571541265e-05,0.012284245336501808
295,29.325000000012857,2,0,0.125,-0.26999999999999996,0.8128257683709216,1.8367169032775783,-1.2305770222799026,-0.13835873174903124,1.8367169032775783,1.2383307096306997,4.65161658007524e-05,0.01715560254981017
296,29.381000000012925,2,0,0.12666666666666668,-0.26999999999999996,0.8131251718255015,1.6429312205533653,-1.1258147223630108,-0.14306878234450449,1.6429312205533653,1.134868919995099,4.786745627457763e-05,0.01923143822415402
297,29.436000000012992,2,0,0.12833333333333335,-0.26999999999999996,0.8134160564893067,1.751044023034409,-1.1493469305989603,-0.1315034714016397,1.751044023034409,1.1568455082109854,4.562371070383641e-05,0.018525496796206454
298,29.489000000013057,2,0,0.13,-0.26999999999999996,0.8136941119508146,1.6910940214557277,-1.0728064123352665,-0.10342581866822716,1.6910940214557277,1.0777803571762008,6.003643749231527e-05,0.02132205242980299
299,29.54100000001312,2,0,0.13166666666666668,-0.26999999999999996,0.813973652849518,1.5915097321081595,-1.0012267185740562,-0.0937701595879827,1.5915097321081595,1.0056081666413255,6.597560642056008e-05,0.022649088021617005
300,29.59100000001318,2,0,0.13333333333333336,-0.26999999999999996,0.814239421059624,1.7091380235908609,-1.0418270179938487,-0.0854350199241985,1.7091380235908609,1.045324197582455,8.080204456150998e-05,0.027174773425633174
301,29.641000000013243,2,0,0.135,-0.26999999999999996,0.8144993759209732,1.7652159527917433,-1.0402901906398814,-0.06692345621799121,1.7652159527917433,1.0424406120895915,0.00010866598364817117,0.03542368386006802
302,29.6890000000133,2,0,0.1366666666666667,-0.26999999999999996,0.8147565934805416,1.085029622198795,-0.7344824652382484,-0.107916306027948,1.085029622198795,0.7423681168053842,9.767050980410126e-05,0.034232743875460755
303,29.73600000001336,2,0,0.13833333333333336,-0.26999999999999996,0.815000157423231,1.4521231840489441,-0.9295531410212906,-0.11668643128942509,1.4521231840489441,0.9368483149526444,7.271545271911825e-05,0.02946028133764964
304,29.783000000013416,2,0,0.14,-0.26999999999999996,0.8152365629938674,1.3288148435790752,-0.8758404143207409,-0.1281335138456932,1.3288148435790752,0.8851636169251261,5.208045976890787e-05,0.024282293365567493
305,29.82800000001347,2,0,0.14166666666666666,-0.26999999999999996,0.8154584400619634,1.3028674146229702,-0.7714478311720907,-0.06702752187853954,1.3028674146229702,0.7743542115268055,8.164999152416382e-05,0.030580262007472513
306,29.873000000013526,2,0,0.14333333333333334,-0.26999999999999996,0.8156820036245946,1.3976082787704396,-0.8202673486284806,-0.07295077630452795,1.3976082787704396,0.823504911332914,6.752587440385268e-05,0.02650898356255159
307,29.91700000001358,2,0,0.14500000000000002,-0.26999999999999996,0.8158940703049766,1.7374794809696448,-0.9772047516226612,-0.0728716776346983,1.7374794809696448,0.979918061878238,6.345575828791607e-05,0.025025565596718615
308,29.960000000013633,2,0,0.14666666666666667,-0.26999999999999996,0.8161001725967315,1.2723483291645084,-0.759081236235708,-0.08453750497443535,1.2723483291645084,0.7637741243014412,6.432789007557063e-05,0.024666020539291587
309,30.003000000013685,2,0,0.14833333333333334,-0.26999999999999996,0.8163002204213984,1.732999924672382,-0.951249626541884,-0.06757996497774275,1.732999924672382,0.9536471588918339,6.602451441473156e-05,0.024998933686310072
310,30.045000000013736,2,0,0.15000000000000002,-0.26999999999999996,0.8164922428192941,1.4727664260018647,-0.7938547396167671,-0.04615612122945342,1.4727664260018647,0.7951954068900003,7.826889659872807e-05,0.028057535607680123
311,30.087000000013788,2,0,0.15166666666666667,-0.26999999999999996,0.816675981383781,1.4018873836327304,-0.7016652905562945,-0.005799349540718164,1.4018873836327304,0.7016892563140358,0.00011193330665381297,0.03674554451994426
312,30.128000000013838,2,0,0.15333333333333335,-0.26999999999999996,0.816860852880521,1.8202264534624175,-0.9754656643517379,-0.07208178120197278,1.8202264534624175,0.9781252708679121,7.228257706822323e-05,0.02844672006284694
313,30.169000000013888,2,0,0.15500000000000003,-0.26999999999999996,0.8170272763472375,1.6642407972664723,-0.7953053963001723,0.010152613193999077,1.6642407972664723,0.7953701961595249,0.00012538796206822576,0.042435760746005705
314,30.209000000013937,2,0,0.15666666666666668,-0.26999999999999996,0.8171965842887988,0.8052850082719655,-0.508983645491938,-0.09103264664403779,0.8052850082719655,0.5170602422670699,9.267039402070432e-05,0.03478681808372971
315,30.249000000013986,2,0,0.15833333333333335,-0.26999999999999996,0.817353788874534,1.772830600816154,-0.9062133765789168,-0.0533709214207752,1.772830600816154,0.9077836411523752,7.071571454050993e-05,0.029727215532831065
316,30.288000000014033,2,0,0.16000000000000003,-0.26999999999999996,0.8175015305423945,1.7476234209419539,-0.8765820622739117,-0.0448644944800521,1.7476234209419539,0.8777294200181138,6.801996425910433e-05,0.028671902348952307
317,30.32700000001408,2,0,0.16166666666666668,-0.26999999999999996,0.8176428524762427,1.6148047352497905,-0.7416274239965388,0.01097335532660626,1.6148047352497905,0.7417086021820604,9.16006721018803e-05,0.03381316583162344
318,30.36600000001413,2,0,0.16333333333333336,-0.26999999999999996,0.8177834202900252,1.280161500163849,-0.5951398047038339,9.827483887607317e-05,1.280161500163849,0.5951398128178466,8.9162003351209e-05,0.0326259988286143
319,30.405000000014176,2,0,0.16500000000000004,-0.26999999999999996,0.8179170850943182,1.4159326805367156,-0.6393808992927507,0.010004225733159702,1.4159326805367156,0.6394591612549833,8.492547004246702e-05,0.03126681449448076
320,30.443000000014223,2,0,0.16666666666666669,-0.26999999999999996,0.8180408683687679,1.5387087346373574,-0.6822839106787523,0.015195511364761863,1.5387087346373574,0.6824531033973896,8.35666910888779e-05,0.03071068534133581
321,30.48100000001427,2,0,0.16833333333333333,-0.26999999999999996,0.8181602048590858,1.3783129709276412,-0.6008476449819045,0.0179886396154168,1.3783129709276412,0.601116863542784,8.594826637871391e-05,0.03109135233675157
322,30.518000000014315,2,0,0.17,-0.26999999999999996,0.8182759884300997,0.9656189916372255,-0.5202213700016102,-0.06824922459162126,0.9656189916372255,0.5246791690773608,5.702785802205115e-05,0.02402026983509647
323,30.55600000001436,2,0,0.1716666666666667,-0.26999999999999996,0.8183817291659897,1.6696869664889131,-0.7576754904753555,-0.017625291641741606,1.6696869664889131,0.7578804653588368,6.469685028045052e-05,0.026011787888903893
324,30.593000000014406,2,0,0.17333333333333334,-0.26999999999999996,0.8184768394683366,1.613560272631231,-0.6841889214557686,0.01966989061012065,1.613560272631231,0.6844716099586761,8.480635347031544e-05,0.030962617191153903
325,30.63000000001445,2,0,0.17500000000000002,-0.26999999999999996,0.8185721632727396,1.482578008909979,-0.607947015508969,0.030737364979884472,1.482578008909979,0.6087235491355408,8.139071646168401e-05,0.0298943160094307
326,30.667000000014497,2,0,0.1766666666666667,-0.26999999999999996,0.818660238433615,1.5178011324832248,-0.6201685040798335,0.027994316990273316,1.5178011324832248,0.6208000122715611,7.66810659956604e-05,0.028565651193096044
327,30.70300000001454,2,0,0.17833333333333334,-0.26999999999999996,0.8187395042848316,1.0098276903507957,-0.42092113778444534,0.00851339796699333,1.0098276903507957,0.42100722342816926,8.202377412860745e-05,0.029544188915181357
328,30.740000000014586,2,0,0.18000000000000002,-0.26999999999999996,0.8188202284726845,1.4570262409570502,-0.6474945712069495,-0.026423781891517707,1.4570262409570502,0.6480335145591792,4.6683108149512715e-05,0.02088588468337939
329,30.77600000001463,2,0,0.1816666666666667,-0.26999999999999996,0.8188832619998121,1.1218176448993087,-0.4291183757193309,0.03380165905456011,1.1218176448993087,0.4304475955733027,8.481743009608422e-05,0.029871833717486394
330,30.812000000014674,2,0,0.18333333333333335,-0.26999999999999996,0.818948944575627,1.6159332249416374,-0.6754372676742568,-0.006142655478563236,1.6159332249416374,0.6754651987923538,5.3603792070053204e-05,0.02238971783206015
331,30.848000000014718,2,0,0.18500000000000003,-0.26999999999999996,0.819009879016172,0.6518232407794049,-0.3341030393905343,-0.05560859226678108,0.6518232407794049,0.33869921237565054,4.999291149755541e-05,0.021132150503693825
332,30.884000000014762,2,0,0.1866666666666667,-0.26999999999999996,0.8190551199354125,1.5229628395686923,-0.59088950697175,0.023730255017288714,1.5229628395686923,0.5913658211737497,6.276967531904996e-05,0.024262381176493743
333,30.920000000014806,2,0,0.18833333333333335,-0.26999999999999996,0.8191021124158484,0.45474206700290565,-0.23805583641698244,-0.04895636447048319,0.45474206700290565,0.24303766554663062,6.0815144398013044e-05,0.0231922573399748
334,30.95600000001485,2,0,0.19000000000000003,-0.26999999999999996,0.8191357243469833,1.5209983660082484,-0.5736016836420966,0.028249072017510292,1.5209983660082484,0.57429687579413,6.262498114686054e-05,0.023595782714609714
335,30.992000000014894,2,0,0.1916666666666667,-0.26999999999999996,0.8191774521843488,1.1166270427515752,-0.48691400204900337,-0.037797396752515186,1.1166270427515752,0.48837883716705405,2.661746970924137e-05,0.01442575245806861
336,31.027000000014937,2,0,0.19333333333333336,-0.26999999999999996,0.8192030427995934,0.44880989289768913,-0.22807993171559252,-0.04828912622834192,0.44880989289768913,0.23313578653498498,4.824080785930221e-05,0.01919844108902704
337,31.06300000001498,2,0,0.195,-0.26999999999999996,0.819216196717506,1.439022071100025,-0.5112341212662664,0.03956310162490672,1.439022071100025,0.5127626797623578,6.049649386146199e-05,0.02229860345669908
338,31.099000000015025,2,0,0.19666666666666668,-0.26999999999999996,0.8192407387413564,0.7602228742672564,-0.3407255066487315,-0.04301659622465031,0.7602228742672564,0.3434301944089794,2.453748617351209e-05,0.013046903498364739
339,31.134000000015067,2,0,0.19833333333333336,-0.26999999999999996,0.8192401883494679,1.350531489340328,-0.45900910982071025,0.04609899778042427,1.350531489340328,0.4613181987465489,5.6317240732235744e-05,0.02055813072476063
340,31.17000000001511,2,0,0.2,-0.26999999999999996,0.8192459557406289,0.7014039561360227,-0.2618157458870915,-0.0013864984085773812,0.7014039561360227,0.261819417103184,5.060969410582824e-05,0.018731703859529505
341,31.205000000015154,2,0,0.2016666666666667,-0.26999999999999996,0.81924821666196,0.6396273465717589,-0.2748177496671933,-0.03424900661905811,0.6396273465717589,0.2769436585057192,2.967158239604903e-05,0.013457688689463393
342,31.241000000015198,2,0,0.20333333333333337,-0.26999999999999996,0.8192283940684614,1.1725791891675619,-0.3627913390916918,0.05914988692293301,1.1725791891675619,0.3675816437785471,6.0999184976570834e-05,0.020774560369409455
343,31.27600000001524,2,0,0.20500000000000002,-0.26999999999999996,0.819217547377508,1.460216688676803,-0.516688933990956,0.011624809298080201,1.460216688676803,0.5168196887696203,3.0249147524654698e-05,0.013137588808288372
344,31.312000000015285,2,0,0.2066666666666667,-0.26999999999999996,0.8192051457012716,0.6637827226485439,-0.2855041111759987,-0.043665085725362575,0.6637827226485439,0.28882388614828985,8.66065739143265e-06,0.007058009005606424
345,31.34800000001533,2,0,0.20833333333333337,-0.26999999999999996,0.8191675475046596,0.7762278633826306,-0.2421789550962564,0.026728974449446132,0.7762278633826306,0.24364951132032608,4.9426821378058245e-05,0.016778041704988436
346,31.38300000001537,2,0,0.21000000000000002,-0.26999999999999996,0.8191415382025737,0.9603678151957615,-0.35546176695248777,-0.016436542863224372,0.9603678151957615,0.35584157669710176,1.7866975730154403e-05,0.00918520529434637
347,31.419000000015416,2,0,0.2116666666666667,-0.26999999999999996,0.8190975063325677,0.26086898766237226,-0.11743043492481031,-0.03112547846432929,0.26086898766237226,0.12148540017740213,4.5159150965342074e-05,0.015440769268298085
348,31.45500000001546,2,0,0.21333333333333337,-0.26999999999999996,0.81905184537433,1.3053270505971948,-0.42093363398747313,0.024497556482517148,1.3053270505971948,0.4216458875591153,3.159465370544554e-05,0.012195298967317726
349,31.491000000015504,2,0,0.21500000000000002,-0.26999999999999996,0.8190113438117368,0.6284357600972107,-0.2553693805055858,-0.04118690763445852,0.6284357600972107,0.2586694451617664,4.354751607883402e-06,0.004392075422584213
350,31.527000000015548,2,0,0.2166666666666667,-0.26999999999999996,0.8189530429330918,0.3338893805592075,-0.14807229362057042,-0.039601607839329755,0.3338893805592075,0.1532765196679403,1.3055725030028927e-05,0.00676463773060499
351,31.56300000001559,2,0,0.21833333333333338,-0.26999999999999996,0.8188822260533907,0.19625483817695996,-0.08704994963126662,-0.028357195702308314,0.19625483817695996,0.09155230351501303,3.752779236388916e-05,0.012307088172945622
352,31.600000000015637,2,0,0.22000000000000003,-0.26999999999999996,0.8188069083552219,1.2254105547352052,-0.3648714966297096,0.03402546399844103,1.2254105547352052,0.36645455550874706,3.653678793516483e-05,0.012323584459806611
353,31.63600000001568,2,0,0.22166666666666668,-0.26999999999999996,0.8187402591233469,1.0947252295844052,-0.37233888381068087,-0.01737442415837909,1.0947252295844052,0.37274403417388047,3.753998492108446e-06,0.004281986953966715
354,31.673000000015726,2,0,0.22333333333333336,-0.26999999999999996,0.8186640273555805,0.4900124245319418,-0.19398995556516221,-0.039827125177202445,0.4900124245319418,0.1980361147873139,3.145756631140089e-06,0.002892302277848281
355,31.71000000001577,2,0,0.22500000000000003,-0.26999999999999996,0.8185759216124792,0.29393002852440236,-0.1243123157988314,-0.0373156970093295,0.29393002852440236,0.1297921919938194,5.827266052633703e-06,0.004060378073936311
356,31.747000000015817,2,0,0.2266666666666667,-0.26999999999999996,0.8184705121116638,0.16750414743150366,-0.06790611364278212,-0.023449551717443645,0.16750414743150366,0.07184094755649806,3.62441584666006e-05,0.011229358703531993
357,31.784000000015862,2,0,0.22833333333333336,-0.26999999999999996,0.8183650916132924,0.9740569016339358,-0.25228463569763493,0.04430258529961716,0.9740569016339358,0.2561449911150289,4.320158288286152e-05,0.013011548006275004
358,31.821000000015907,2,0,0.23000000000000004,-0.26999999999999996,0.8182595386908031,1.092923057524424,-0.29130792746999745,0.039381307618658004,1.092923057524424,0.29395781329405185,3.92615029077048e-05,0.011875248835216538
359,31.859000000015953,2,0,0.2316666666666667,-0.26999999999999996,0.8181475745105682,1.2641025006837772,-0.35799925106716235,0.021244360693799688,1.2641025006837772,0.35862903762235626,2.391052282137558e-05,0.008187748350664877
360,31.897000000016,2,0,0.23333333333333336,-0.26999999999999996,0.8180304136408476,1.35206541561453,-0.39393011653644455,0.006740865721946009,1.35206541561453,0.39398778659382083,1.1723267098045642e-05,0.005217921885039027
361,31.935000000016046,2,0,0.23500000000000004,-0.26999999999999996,0.8179036624309124,1.2938203634793786,-0.3620284891557012,0.016489868525069788,1.2938203634793786,0.3624038392792407,2.0476450945123844e-05,0.006990903984973055
362,31.973000000016093,2,0,0.2366666666666667,-0.26999999999999996,0.8177726014733746,1.2224596716322467,-0.3332700919045057,0.01959479712996345,1.2224596716322467,0.33384563833095393,2.5191407464398204e-05,0.007912744457130564
363,32.012000000016094,2,0,0.23833333333333337,-0.26999999999999996,0.8176375235715501,1.2915714067960475,-0.36998996661827993,-0.002462354434094651,1.2915714067960475,0.3699981602488788,9.47550592761412e-06,0.004258546414626426
364,32.051000000016,2,0,0.24000000000000002,-0.26999999999999996,0.8174955656992182,1.1271800092669717,-0.3288033540945992,-0.013890775679664178,1.1271800092669717,0.3290966412968099,4.444378357213997e-06,0.0028808690450543746
365,32.09100000001591,2,0,0.2416666666666667,-0.26999999999999996,0.8173500203508463,0.5290363909421737,-0.1760340547985974,-0.035878485024967995,0.5290363909421737,0.17965314953131895,8.254636306770005e-06,0.0012263644587180193
366,32.13000000001582,2,0,0.24333333333333337,-0.26999999999999996,0.8171970651662095,0.30051539218670886,-0.10717927508078932,-0.03380769115450407,0.30051539218670886,0.11238486102692764,5.372837307723584e-06,0.0018035994796665867
367,32.171000000015724,2,0,0.24500000000000002,-0.26999999999999996,0.8170305077582185,0.18263091448303792,-0.06802150067749423,-0.028666182098629707,0.18263091448303792,0.07381513767873189,5.87420936885e-06,0.0021590651068686523
368,32.21100000001563,2,0,0.2466666666666667,-0.26999999999999996,0.8168594269843367,0.1462367734987639,-0.05333600674043553,-0.024215890526048386,0.1462367734987639,0.05857592482398672,8.585609290775878e-06,0.0030020468642765878
369,32.25300000001553,2,0,0.24833333333333338,-0.26999999999999996,0.816665270363603,0.08458173731276736,-0.027002587814728342,-0.013281193591392331,0.08458173731276736,0.030092023061006654,2.846569103013784e-05,0.007960723929059043
370,32.29400000001544,2,0,0.25,-0.26999999999999996,0.8164787723429969,0.9209200804885747,-0.22126710575264993,0.014962440205649465,0.9209200804885747,0.2217724209748859,2.3954844638029106e-05,0.007255984282474856
371,32.33600000001534,2,0,0.2516666666666667,-0.26999999999999996,0.8162911352956481,1.110389028322616,-0.2897168950287458,-0.009951737717165851,1.110389028322616,0.2898877650896784,6.9916486272491865e-06,0.0028704336628752832
372,32.37900000001524,2,0,0.2533333333333334,-0.26999999999999996,0.8160931145882441,1.0204455733939441,-0.2737137538375919,-0.02366084443479795,1.0204455733939441,0.2747345165777929,1.2237594550029982e-05,0.0026276698153544
373,32.423000000015136,2,0,0.255,-0.26999999999999996,0.8158909779587272,0.5318766495027287,-0.1573632028756457,-0.03660124201313361,0.5318766495027287,0.16156369807659643,2.1416092315807508e-05,0.004839050839739259
374,32.467000000015034,2,0,0.2566666666666667,-0.26999999999999996,0.8156824779125612,0.26790597026828095,-0.08675772529227226,-0.033952475844710645,0.26790597026828095,0.09316476540986424,2.032208326372848e-05,0.0049086692605680785
375,32.51100000001493,2,0,0.25833333333333336,-0.26999999999999996,0.8154634996598695,0.1551020856076817,-0.05079399616821355,-0.025242445515448055,0.1551020856076817,0.056720464581461745,1.2700140797122988e-05,0.003459454918903897
376,32.557000000014824,2,0,0.26,-0.26999999999999996,0.8152257883600773,0.07603751822958073,-0.022216035055930266,-0.013462193748394921,0.07603751822958073,0.025976583188049306,1.3708132787076751e-05,0.0036391641880413506
377,32.60300000001472,2,0,0.2616666666666667,-0.26999999999999996,0.8149816867076387,0.41831672895855526,-0.07592706085817018,0.01748326609124668,0.41831672895855526,0.07791394717107851,2.5790612764135455e-05,0.006295676067371051
378,32.651000000014605,2,0,0.26333333333333336,-0.26999999999999996,0.8147401106462454,0.8304835132369032,-0.20153428528087874,-0.02060848660310725,0.8304835132369032,0.202585236045831,1.2477004017227642e-05,0.003741506507869074
379,32.69900000001449,2,0,0.265,-0.26999999999999996,0.8145015439698302,0.21054222289930513,-0.061962748910991745,-0.028448446862171295,0.21054222289930513,0.06818134922012319,1.9907185700228856e-05,0.005570674543025717
380,32.74800000001438,2,0,0.2666666666666667,-0.26999999999999996,0.8142328121413257,0.061372323931370536,-0.015181518461717287,-0.010277435134271394,0.061372323931370536,0.01833314418594418,1.5709057180842294e-05,0.0041885785539249164
381,32.79900000001426,2,0,0.26833333333333337,-0.26999999999999996,0.8139599457798748,0.8392824054523937,-0.18525650137643643,-0.010972317963969243,0.8392824054523937,0.18558114953771582,1.1722997748891534e-05,0.003904846278986853
382,32.85000000001414,2,0,0.27,-0.26999999999999996,0.8137007310907336,0.24643169973508838,-0.06657629685588826,-0.029478440121392366,0.24643169973508838,0.0728105880695512,2.324564785179605e-05,0.006858489345970348
383,32.904000000014015,2,0,0.2716666666666667,-0.26999999999999996,0.8134023297079928,0.7801605501304136,-0.16486439310387138,-0.011373087600113942,0.7801605501304136,0.1652562108819747,1.323072193272448e-05,0.004554428899357544
384,32.95800000001389,2,0,0.2733333333333334,-0.26999999999999996,0.8131173542320224,0.08944715248414596,-0.021708170358852977,-0.014485379474594178,0.08944715248414596,0.026097334707819827,1.4154504421564836e-05,0.004750824114739164
385,33.01500000001376,2,0,0.275,-0.26999999999999996,0.8128213425385079,0.380741165836409,-0.09304407404980151,-0.03563824617646343,0.380741165836409,0.099635758171046,3.2216388521462626e-05,0.009311257502755663
386,33.07300000001362,2,0,0.2766666666666667,-0.26999999999999996,0.8125019346242037,0.47130728422842794,-0.07856844805547414,0.007109890721018664,0.47130728422842794,0.07888948964159018,1.5351608047653785e-05,0.004998714222254964
387,33.13400000001348,2,0,0.2783333333333334,-0.26999999999999996,0.8121860124158429,0.07404274359927178,-0.015831290773246336,-0.012504478102617733,0.07404274359927178,0.020174036288405972,1.6145183904470224e-05,0.005751131102310645
388,33.19700000001333,2,0,0.28,-0.26999999999999996,0.8118588695589577,0.08088051957973878,-0.017086375361743983,-0.013578447333801954,0.08088051957973878,0.02182472118949622,1.695743769070264e-05,0.006154978217621832
389,33.26200000001318,2,0,0.28166666666666673,-0.26999999999999996,0.8115285366971484,0.09075819824884543,-0.019304071913624706,-0.015555128407331703,0.09075819824884543,0.024791313241032068,1.8762775560555628e-05,0.006902337308445282
390,33.33200000001302,2,0,0.2833333333333334,-0.26999999999999996,0.8111830679380099,0.43828701070435305,-0.09011408706906249,-0.034700377556489664,0.43828701070435305,0.09656430443416195,3.166691559120836e-05,0.010137946540897934
391,33.40500000001285,2,0,0.28500000000000003,-0.26999999999999996,0.8108204902885379,0.5570446593796297,-0.09033757035785188,-0.00766088418378481,0.5570446593796297,0.09066182087647039,1.918245064772348e-05,0.007294768354281333
392,33.48200000001267,2,0,0.28666666666666674,-0.26999999999999996,0.8104609662402413,0.7438383914699692,-0.1321342760342007,-0.026671398158102395,0.7438383914699692,0.13479922248585252,2.5136054916028967e-05,0.00890346633157072
393,33.565000000012475,2,0,0.2883333333333334,-0.26999999999999996,0.810091100596344,0.5657066966779035,-0.10568828502239078,-0.04061591097321449,0.5657066966779035,0.11322396307830863,3.414204902887562e-05,0.011196360362332328
394,33.65600000001226,2,0,0.29000000000000004,-0.26999999999999996,0.8096972916887942,0.7232152949168349,-0.11872434237983245,-0.026710414104740413,0.7232152949168349,0.1216918883704678,2.3949092178319452e-05,0.008932349252088466
395,33.75500000001203,2,0,0.29166666666666674,-0.26999999999999996,0.8093079806517098,0.49201386994310414,-0.08565044195390925,-0.04051170864468609,0.49201386994310414,0.09474806987064122,3.137619991052336e-05,0.010727703782544805
396,33.86700000001177,2,0,0.29333333333333333,-0.26999999999999996,0.8088998983720862,0.3985666007094209,-0.06792306460331846,-0.040293284410383046,0.3985666007094209,0.07897525861738339,2.9489393839463014e-05,0.010387908763369619
397,33.99700000001147,2,0,0.29500000000000004,-0.26999999999999996,0.8084809351433461,0.7345697530833326,-0.11153987880498914,-0.039628021429619485,0.7345697530833326,0.1183702861627784,2.8367629876334136e-05,0.0102993630524557
398,34.1560000000111,2,0,0.29666666666666675,-0.26999999999999996,0.8080544643486889,0.8404505251296919,-0.1297137155713754,-0.054062606691478256,0.8404505251296919,0.14052904841921168,3.121041266682525e-05,0.010844308087084517
399,34.37700000001058,2,0,0.29833333333333334,-0.26999999999999996,0.8076135513510536,0.8245817824559737,-0.119815164248327,-0.055415820566633675,0.8245817824559737,0.13200979794290618,2.6996543914854803e-05,0.009881958062046284
400,35.16300000000875,2,0,0.30000000000000004,-0.26999999999999996,0.8071233621382838,1.0027877872595583,0.2792250652184385,-0.12788659501718286,1.0027877872595583,0.30711824796213294,0.00011646178614890491,0.04157386326448437
401,35.380000000008245,2,1,0.30000000000000004,-0.26899999999999996,0.807236767021105,1.2183009444390178,0.3294132038797768,-0.724598695494962,1.2183009444390178,0.79596251695877,0.00027241878095804,0.09080867790809696
402,35.444000000008096,2,1,0.30000000000000004,-0.26799999999999996,0.807332875523753,1.10097708085789,0.30941130090443697,-0.6664920192001872,1.10097708085789,0.7348108360557285,0.00012926012371401494,0.058718848072554855
403,35.492000000007984,2,1,0.30000000000000004,-0.26699999999999996,0.8074195875087333,1.0068252121100951,0.29070892614355837,-0.624261516921546,1.0068252121100951,0.6886320652196865,4.636485902913171e-05,0.033452487183774096
404,35.53300000000789,2,1,0.30000000000000004,-0.26599999999999996,0.8075007802421309,1.0307530901249624,0.29697252088594045,-0.6302525527125519,1.0307530901249624,0.6967144022926742,2.274551917942306e-05,0.01754491844021101
405,35.569000000007804,2,1,0.30000000000000004,-0.26499999999999996,0.807576455991856,1.1526517703016936,0.32478378972766686,-0.6754930384441892,1.1526517703016936,0.7495167476824172,4.2766145042055017e-05,0.010973526465091754
406,35.603000000007725,2,1,0.30000000000000004,-0.26399999999999996,0.8076380899092839,1.3746641370837587,0.3670236390203859,-0.7416886374017856,1.3746641370837587,0.8275315017875053,7.65958870531777e-05,0.015828767380525296
407,35.63500000000765,2,1,0.30000000000000004,-0.26299999999999996,0.8077109847392762,1.1345156079310965,0.3152694154080492,-0.6401389926940732,1.1345156079310965,0.7135634059136691,7.996061815499761e-05,0.019736840728363677
408,35.66600000000758,2,1,0.30000000000000004,-0.26199999999999996,0.8077746002491439,1.2402222305239534,0.3377323030838306,-0.6721629524327045,1.2402222305239534,0.7522407481447404,8.813734619414394e-05,0.024184662649266372
409,35.69600000000751,2,1,0.30000000000000004,-0.26099999999999995,0.8078308677076939,1.1795305446564754,0.3232485186601406,-0.6367578559802957,1.1795305446564754,0.7141079554021215,9.589370788391757e-05,0.028181464041298145
410,35.72500000000744,2,1,0.30000000000000004,-0.25999999999999995,0.8078796724459949,1.2860838543113557,0.34309038644617884,-0.6629665801389261,1.2860838543113557,0.7464822165684133,0.00010118972821431689,0.0312592845427677
411,35.75500000000737,2,1,0.30000000000000004,-0.25899999999999995,0.8079227215327974,1.1386547434314458,0.305280479799701,-0.5846110492227004,1.1386547434314458,0.6595197117751692,0.00011130246347358991,0.03505829435045743
412,35.7850000000073,2,1,0.30000000000000004,-0.25799999999999995,0.8079682579307027,1.2396622748140895,0.3299372164442192,-0.6214606488768265,1.2396622748140895,0.7036134627033268,9.492809136243858e-05,0.032372832622700576
413,35.81600000000723,2,1,0.30000000000000004,-0.25699999999999995,0.8080060330108754,1.2325029813637356,0.3273167997398379,-0.6078299297978181,1.2325029813637356,0.690357524004736,8.640406676308175e-05,0.030957720911607003
414,35.848000000007154,2,1,0.30000000000000004,-0.25599999999999995,0.8080324576911632,1.139462002964629,0.301610258058592,-0.5525074499908447,1.139462002964629,0.6294705950729996,8.924555655810771e-05,0.03175551702265146
415,35.88100000000708,2,1,0.30000000000000004,-0.25499999999999995,0.8080608612067047,0.8591255043815763,0.2436425646756235,-0.44689128087018976,0.8591255043815763,0.5089926485122493,6.925773969800199e-05,0.026772413543334896
416,35.91800000000699,2,1,0.30000000000000004,-0.25399999999999995,0.8080839153583438,1.1959080710395056,0.31637622272171045,-0.5630375917105446,1.1959080710395056,0.6458368555470237,4.581195079462181e-05,0.020318403106524007
417,35.959000000006895,2,1,0.30000000000000004,-0.25299999999999995,0.8081009852585832,0.8680403707582549,0.24321052612841934,-0.4313811524317376,0.8680403707582549,0.49521819301495434,3.683726536827864e-05,0.015984812048892672
418,36.007000000006784,2,1,0.30000000000000004,-0.25199999999999995,0.8081141103787236,1.0405262408456324,0.278155284479219,-0.48273276594979475,1.0405262408456324,0.5571366848496467,3.53696449334438e-05,0.011438221657981914
419,36.071000000006634,2,1,0.30000000000000004,-0.25099999999999995,0.8081206795722576,1.0356386901383585,0.27655191895812975,-0.47335210346150475,1.0356386901383585,0.5482181844219097,5.928098735063589e-05,0.01603490881118564
420,36.27900000000615,2,1,0.30000000000000004,-0.24999999999999994,0.8081188929368405,1.0008453885295467,0.19322221425070135,-0.24612303580424785,1.0008453885295467,0.3129079302821247,4.592419307544588e-05,0.014797493538511706
421,37.0730000000043,3,0,0.2983333333333334,-0.24999999999999994,0.8085333838229469,1.183090543513579,0.9563411544521984,-0.00010438720082680563,1.183090543513579,0.9563411601492697,7.337015477903641e-05,0.03194748065357796
422,37.294000000003784,3,0,0.2966666666666667,-0.24999999999999994,0.8089808343731733,1.3258196415294488,1.0545109060823639,-0.0010122704999213118,1.3258196415294488,1.054511391943308,2.2409183911786077e-05,0.011049328776460848
423,37.45400000000341,3,0,0.29500000000000004,-0.24999999999999994,0.8094048241113249,1.3403115534080927,1.056773691910654,0.0002226233558870688,1.3403115534080927,1.056773715359931,1.3167149153385753e-05,0.006145105737650135
424,37.58400000000311,3,0,0.2933333333333334,-0.24999999999999994,0.8098178008427545,1.3270212727777564,1.0603462264719388,0.0028094170456060647,1.3270212727777564,1.0603499482800083,2.0164864454088233e-05,0.007233287390329055
425,37.69600000000285,3,0,0.2916666666666667,-0.24999999999999994,0.810217220267286,1.5087259358040477,1.1521303378640921,-0.0014000434917989049,1.5087259358040477,1.1521311885148349,1.2978142233238991e-05,0.005047005610129224
426,37.79500000000262,3,0,0.29000000000000004,-0.24999999999999994,0.8106006194083317,1.5689410504767352,1.1816896292370644,-0.0017039664154888264,1.5689410504767352,1.1816908577745602,1.3039674249389665e-05,0.00433530480845287
427,37.88500000000241,3,0,0.2883333333333334,-0.24999999999999994,0.8109823974818042,1.569134506018259,1.1689808854032013,-0.0012812967498141783,1.569134506018259,1.1689815876049603,8.623337098353357e-06,0.0030796575683183468
428,37.96800000000221,3,0,0.28666666666666674,-0.24999999999999994,0.8113488975593457,1.6121202249515754,1.1843040172243902,-0.001705368086154351,1.6121202249515754,1.184305245067393,8.843252168184378e-06,0.002791802840262924
429,38.04600000000203,3,0,0.28500000000000003,-0.24999999999999994,0.8117063533354749,1.6709396511691772,1.210697534404735,-0.002507345485811198,1.6709396511691772,1.2107001307487704,1.2457783870254238e-05,0.003916237767484297
430,38.11900000000186,3,0,0.2833333333333334,-0.24999999999999994,0.8120605796522155,1.6892407723384282,1.2112745068726896,-0.002065962126088212,1.6892407723384282,1.211276268734422,1.0685018111405611e-05,0.0036836469230048055
431,38.1880000000017,3,0,0.28166666666666673,-0.24999999999999994,0.8124003450424795,1.7195758852180463,1.218339814183712,-0.0022794155803333707,1.7195758852180463,1.2183419464832481,1.3115221873165794e-05,0.004782382865531951
432,38.25400000000155,3,0,0.28,-0.24999999999999994,0.8127310504991119,1.763826782693646,1.2350199912268711,-0.0027582636188170995,1.763826782693646,1.2350230713424797,1.5153754149056866e-05,0.005935691715230607
433,38.3170000000014,3,0,0.2783333333333334,-0.24999999999999994,0.8130547743939338,1.5913615120356208,1.13901089729336,0.001174901515343306,1.5913615120356208,1.139011503254728,1.740945956714429e-05,0.006891227558927372
434,38.37700000000126,3,0,0.2766666666666667,-0.24999999999999994,0.8133633678300953,1.455010941525357,1.0484124073198209,0.0036032941885982372,1.455010941525357,1.0484185993920327,2.9439487231631337e-05,0.0102787857004249
435,38.43600000000112,3,0,0.275,-0.24999999999999994,0.8136683572984885,1.5481117943135891,1.0728642361260254,0.00136536183025941,1.5481117943135891,1.0728651049275522,4.170864607302577e-05,0.013723771028209606
436,38.49200000000099,3,0,0.2733333333333334,-0.24999999999999994,0.8139581122703468,1.4445832161906609,0.9979972256880023,0.002607440081017127,1.4445832161906609,0.9980006318759149,5.992654327656927e-05,0.018503795379637894
437,38.547000000000864,3,0,0.2716666666666667,-0.24999999999999994,0.8142508862700146,1.9081570472528175,1.2683246460568987,-0.003138812347037236,1.9081570472528175,1.2683285299709641,1.0671709331110684e-05,0.007425841760415128
438,38.60000000000074,3,0,0.27,-0.24999999999999994,0.814530891939948,1.4230833392165687,0.994944286965432,0.003626266507805501,1.4230833392165687,0.994950895257619,3.5857094390161166e-05,0.013333089486171687
439,38.65200000000062,3,0,0.26833333333333337,-0.24999999999999994,0.8148020130661701,1.349202361194392,0.9411098132907001,0.00458694327136078,1.349202361194392,0.9411209915418055,5.0430637930396906e-05,0.01710892152724537
440,38.7020000000005,3,0,0.2666666666666667,-0.24999999999999994,0.8150578555501772,1.5116097261939367,0.992047001583911,0.0014474333004292673,1.5116097261939367,0.9920480575127333,6.346545177568363e-05,0.0208335186304073
441,38.752000000000386,3,0,0.265,-0.24999999999999994,0.8153175445822289,1.6681658322881219,1.0595750316652681,-0.0011974619197749796,1.6681658322881219,1.059575708311352,5.9178207209800745e-05,0.02020827623943265
442,38.800000000000274,3,0,0.26333333333333336,-0.24999999999999994,0.8155677992990693,1.7829984338586649,1.1166749218374843,-0.002572456427995546,1.7829984338586649,1.116677884885711,4.6546080767774784e-05,0.017505742607027912
443,38.847000000000165,3,0,0.2616666666666667,-0.24999999999999994,0.8158064764859541,1.3485370949400441,0.9028293139696055,0.0037899433884088967,1.3485370949400441,0.9028372687443269,5.601463357841725e-05,0.01995281945466642
444,38.894000000000055,3,0,0.26,-0.24999999999999994,0.8160392936450874,1.587780566862017,0.9870031337535199,-5.824931939269329e-05,1.587780566862017,0.987003135472351,6.620318633460302e-05,0.02274032028983135
445,38.93899999999995,3,0,0.25833333333333336,-0.24999999999999994,0.816264105456172,1.7463105824765508,1.060555356018048,-0.002249709173810634,1.7463105824765508,1.0605577421196526,5.5967777770402236e-05,0.020634123262827767
446,38.983999999999845,3,0,0.2566666666666667,-0.24999999999999994,0.8164855031373396,1.7510352279667143,1.0531051726008,-0.0022834211476161687,1.7510352279667143,1.0531076481398747,5.39514415964187e-05,0.020312851062438495
447,39.02799999999974,3,0,0.255,-0.24999999999999994,0.8166926802166042,1.4175369776534177,0.8821266788739696,0.0018299728219003577,1.4175369776534177,0.8821285770123016,7.060152346210553e-05,0.024510555212130285
448,39.07099999999964,3,0,0.25333333333333335,-0.24999999999999994,0.8168942670577678,1.2529947057266317,0.8181441984416279,0.00407651167655907,1.2529947057266317,0.8181543542578887,6.055293428165566e-05,0.02260208706778586
449,39.11399999999954,3,0,0.2516666666666667,-0.24999999999999994,0.817094915516327,1.313662924676295,0.8487874625864799,0.002906254134002572,1.313662924676295,0.8487924380890103,4.7282133742445394e-05,0.019564665495958592
450,39.155999999999445,3,0,0.25000000000000006,-0.24999999999999994,0.8172839046987544,1.6198976894059438,0.9700546268000364,-0.0008182333647688681,1.6198976894059438,0.9700549718866437,4.309365706633672e-05,0.01869290871227072
451,39.19799999999935,3,0,0.24833333333333335,-0.24999999999999994,0.8174680249308124,1.7902412267022263,1.0227704296905067,-0.0027024403665040614,1.7902412267022263,1.0227739999790952,4.5744462593347005e-05,0.01936980483764905
452,39.23899999999925,3,0,0.2466666666666667,-0.24999999999999994,0.8176376626580045,1.4044286731152122,0.8198251334285667,0.000905643302222398,1.4044286731152122,0.8198256336508136,7.835990279745456e-05,0.027054634855673686
453,39.279999999999156,3,0,0.24500000000000005,-0.24999999999999994,0.8178124212920008,1.5307421154988994,0.8722656520549239,-0.0003701974821905492,1.5307421154988994,0.8722657306125109,6.797314818074808e-05,0.024645105756105092
454,39.31999999999906,3,0,0.24333333333333337,-0.24999999999999994,0.8179699342090897,1.345438845128082,0.7771016049710414,0.0012345024470093134,1.345438845128082,0.777102585534793,8.285530871095395e-05,0.028434647291353428
455,39.35999999999897,3,0,0.2416666666666667,-0.24999999999999994,0.8181252316899005,1.3791994772498346,0.7782251390273625,0.0006926748718040922,1.3791994772498346,0.7782254472918729,8.509370942214064e-05,0.029183217451398187
456,39.39899999999888,3,0,0.24000000000000005,-0.24999999999999994,0.8182802281597463,1.286601118588863,0.779260349774417,0.0013451793101392617,1.286601118588863,0.7792615108151584,4.637656354737751e-05,0.02032857838469992
457,39.43799999999879,3,0,0.23833333333333337,-0.24999999999999994,0.818414516665007,1.6671620279279002,0.8916876188362268,-0.0023844233750703945,1.6671620279279002,0.8916908068723439,6.987927844559572e-05,0.026088234597504364
458,39.4769999999987,3,0,0.2366666666666667,-0.24999999999999994,0.818553778717583,1.2191033175869987,0.6980430033417812,0.002080453454029417,1.2191033175869987,0.6980461036357042,7.186204070139954e-05,0.026504216863124173
459,39.515999999998606,3,0,0.23500000000000004,-0.24999999999999994,0.8186933283682007,1.2592258046732534,0.741236827519805,0.0007836251491360678,1.2592258046732534,0.7412372417384325,4.1844582554989865e-05,0.019315321288067958
460,39.55399999999852,3,0,0.23333333333333336,-0.24999999999999994,0.8188077335352302,1.5439725300736737,0.8049425594608456,-0.0010922165535764206,1.5439725300736737,0.8049433004680372,7.110483898620136e-05,0.026342151574992676
461,39.59199999999843,3,0,0.2316666666666667,-0.24999999999999994,0.8189239778184577,1.3764044417554022,0.7208267005780753,0.00015498888117867506,1.3764044417554022,0.7208267172405776,8.05353362453144e-05,0.028459543488406222
462,39.62899999999834,3,0,0.23000000000000004,-0.24999999999999994,0.8190351672367067,1.1587041668866687,0.6337466541249002,0.0013834422567921018,1.1587041668866687,0.633748164121194,7.852377138185477e-05,0.027857830701085298
463,39.666999999998254,3,0,0.22833333333333336,-0.24999999999999994,0.8191437017312189,1.0129782318579272,0.5813169921690172,0.0015996868113279936,1.0129782318579272,0.5813191931996806,7.280084027374014e-05,0.026461432011108618
464,39.70399999999817,3,0,0.22666666666666668,-0.24999999999999994,0.8192443998183218,1.0273644495449266,0.5926389151718917,0.0008584245787302389,1.0273644495449266,0.5926395368762314,6.207163733519186e-05,0.023936249989362827
465,39.74099999999808,3,0,0.22500000000000003,-0.24999999999999994,0.8193371163193863,1.1209030104387858,0.6205045266008571,0.00018689081191865578,1.1209030104387858,0.620504554745837,5.911299368763339e-05,0.02326869024979807
466,39.777999999997995,3,0,0.22333333333333336,-0.24999999999999994,0.8194187805133281,1.16807922566409,0.6001198564755323,0.0008100732224732889,1.16807922566409,0.600120403214921,8.134135863950834e-05,0.028484146860480786
467,39.81399999999791,3,0,0.22166666666666668,-0.24999999999999994,0.8194975954977513,1.1072370355865484,0.5750496871416568,0.0008889088007429622,1.1072370355865484,0.5750503741765355,7.800081450800564e-05,0.027757944595011474
468,39.850999999997825,3,0,0.22000000000000003,-0.24999999999999994,0.8195742860678048,1.3082009510372596,0.6406900342003328,6.680451122947915e-06,1.3082009510372596,0.6406900342351611,7.205764193371562e-05,0.026310656595988993
469,39.88699999999774,3,0,0.21833333333333338,-0.24999999999999994,0.8196435712958997,0.93010619342185,0.5117908306063781,0.0002040633077880576,0.93010619342185,0.5117908712888497,6.921721197881801e-05,0.025549651263158106
470,39.92299999999766,3,0,0.2166666666666667,-0.24999999999999994,0.8197045452539211,1.1937793208387337,0.5855784476720504,0.000269884952916655,1.1937793208387337,0.5855785098651555,7.085312076470879e-05,0.02594080571809768
471,39.95899999999757,3,0,0.21500000000000002,-0.24999999999999994,0.8197637601450302,1.2383403172002867,0.6047907357480303,-0.00045783034603490684,1.2383403172002867,0.6047909090382143,6.0143801671467284e-05,0.02333871452315361
472,39.99499999999749,3,0,0.21333333333333337,-0.24999999999999994,0.8198063194951439,1.1304418702696253,0.5342676024548951,0.0005377436568183379,1.1304418702696253,0.5342678730759901,8.507810438209741e-05,0.029268779531534464
473,40.030999999997405,3,0,0.2116666666666667,-0.24999999999999994,0.8198570713534029,1.229731183726325,0.5762710894248853,0.0001302934644414384,1.229731183726325,0.5762711041543996,6.348219433435591e-05,0.024040090811783932
474,40.06699999999732,3,0,0.21000000000000002,-0.24999999999999994,0.819888354018143,1.1827054224580955,0.5370981307793743,0.0004442041886443522,1.1827054224580955,0.5370983144677137,8.232044452444365e-05,0.028537810723308518
475,40.10299999999724,3,0,0.20833333333333337,-0.24999999999999994,0.8199278937821801,0.6797885091244609,0.3857796780658411,-0.00012438599902282762,0.6797885091244609,0.3857796981185775,6.318083389070145e-05,0.023813717409079227
476,40.137999999997156,3,0,0.2066666666666667,-0.24999999999999994,0.8199465754850881,1.2079479915625246,0.5305089241739162,0.0006135885963107706,1.2079479915625246,0.5305092790132246,7.71553802664971e-05,0.0272287947049479
477,40.17399999999707,3,0,0.20500000000000002,-0.24999999999999994,0.8199762673214257,0.749894840209594,0.40734825780715833,-0.0009072183237167617,0.749894840209594,0.4073492680533672,5.002269949465568e-05,0.020609208621752275
478,40.20999999999699,3,0,0.20333333333333337,-0.24999999999999994,0.8199824199146255,1.2692377184769896,0.5426884276451058,0.0003140226564135422,1.2692377184769896,0.5426885184985454,6.833380715036472e-05,0.02496457466125054
479,40.24499999999691,3,0,0.2016666666666667,-0.24999999999999994,0.819997618654754,0.5852990344232258,0.328165060448115,-0.0006398655262851921,0.5852990344232258,0.328165684261482,5.982397212190151e-05,0.0225309278961647
480,40.28099999999682,3,0,0.2,-0.24999999999999994,0.8199883602908578,1.0556397146032312,0.43881708903235217,0.0012305843587158399,1.0556397146032312,0.4388188145062734,8.82427898839232e-05,0.029360879650211818
481,40.31599999999674,3,0,0.19833333333333336,-0.24999999999999994,0.8199887483811305,1.2890838821102635,0.528820765185389,0.00016290178918607897,1.2890838821102635,0.5288207902761136,6.76807424986833e-05,0.024568577358029513
482,40.35199999999666,3,0,0.19666666666666668,-0.24999999999999994,0.8199931249353963,0.7072662050446104,0.366262604912957,-0.0017063956971405836,0.7072662050446104,0.3662665798894298,3.905537494658035e-05,0.017373760813811086
483,40.38799999999657,3,0,0.195,-0.24999999999999994,0.8199645883447845,0.7565034901798454,0.32131499359756177,0.0016200744365934508,0.7565034901798454,0.32131907778994584,8.547154667355786e-05,0.0281696379426762
484,40.42299999999649,3,0,0.19333333333333336,-0.24999999999999994,0.8199412794195855,1.1423226186151645,0.4500165847120243,0.001122614194498122,1.1423226186151645,0.45001798495005096,7.32127551117247e-05,0.025451343359668116
485,40.45899999999641,3,0,0.1916666666666667,-0.24999999999999994,0.8199315672122719,1.0882556671282353,0.47653327848833066,-0.001561297377543065,1.0882556671282353,0.4765358361722002,1.8403706533509307e-05,0.012148608967925197
486,40.494999999996324,3,0,0.19000000000000003,-0.24999999999999994,0.8198950230744181,0.49559491758515245,0.26768124780723335,-0.0018137321172364772,0.49559491758515245,0.26768739240358436,4.4592691803947545e-05,0.017951460211160904
487,40.52999999999624,3,0,0.18833333333333335,-0.24999999999999994,0.8198467119066023,0.9987975522860477,0.38429787636147283,0.0017699813477432475,0.9987975522860477,0.38430195238888554,6.531552173019021e-05,0.022842053780744453
488,40.56599999999616,3,0,0.1866666666666667,-0.24999999999999994,0.819814503462621,0.63922232568488,0.31080732862413624,-0.002354129832590912,0.63922232568488,0.31081624387045875,3.0314163109901628e-05,0.014156137320134321
489,40.601999999996075,3,0,0.18500000000000003,-0.24999999999999994,0.8197517058873447,0.5016582339539862,0.21582655497451486,0.0008608107059795664,0.5016582339539862,0.2158282716124994,7.519705513620415e-05,0.024480417232569454
490,40.63799999999599,3,0,0.18333333333333335,-0.24999999999999994,0.8196899977158913,0.6865884330658304,0.2504832101257463,0.0024370113513308184,0.6865884330658304,0.25049506497978213,8.906979407514614e-05,0.02766215763174931
491,40.67399999999591,3,0,0.1816666666666667,-0.24999999999999994,0.819625003672141,0.7310050759322836,0.2567453011997448,0.0027026278402193134,0.7310050759322836,0.2567595254034218,9.247445660114978e-05,0.028464334353226775
492,40.71099999999582,3,0,0.18000000000000002,-0.24999999999999994,0.8195571176840614,0.7111096238868276,0.2445406119915746,0.002882516586888822,0.7111096238868276,0.24455760019898692,8.999482689163137e-05,0.027641455431171462
493,40.74699999999574,3,0,0.17833333333333334,-0.24999999999999994,0.81948290596158,0.7831378412637857,0.26754374432828726,0.0029224118634443813,0.7831378412637857,0.2675597047768956,8.165806677354628e-05,0.02566111942723855
494,40.78399999999565,3,0,0.1766666666666667,-0.24999999999999994,0.819401132916749,0.9377560292721865,0.3181157997781783,0.002802767742940824,0.9377560292721865,0.3181281464685746,6.811245354370937e-05,0.022407944749075447
495,40.820999999995564,3,0,0.17500000000000002,-0.24999999999999994,0.8193203447826872,1.063345654793566,0.36456917328949917,0.0024311471574285605,1.063345654793566,0.36457727931055983,4.4572109488736246e-05,0.01654589332300707
496,40.85799999999548,3,0,0.17333333333333334,-0.24999999999999994,0.8192359384731396,1.1990333652410883,0.41949071141439265,0.001871242491294234,1.1990333652410883,0.4194948849645422,1.4099416193607701e-05,0.009090794791020691
497,40.89499999999539,3,0,0.1716666666666667,-0.24999999999999994,0.8191296003717186,1.1680749136664814,0.39923098343854385,0.002046298957153433,1.1680749136664814,0.39923622766067823,2.675368201103173e-05,0.012045640324529776
498,40.931999999995305,3,0,0.17,-0.24999999999999994,0.8190203784002633,1.0427746477159037,0.3416974621380889,0.0027623729127293204,1.0427746477159037,0.3417086278333043,4.5548841160805585e-05,0.016113505435022865
499,40.96999999999522,3,0,0.16833333333333336,-0.24999999999999994,0.8189037139940478,0.8980103105277728,0.27960885345376896,0.00348987097457258,0.8980103105277728,0.27963063160024226,6.536839269761846e-05,0.02039796830382998
500,41.00799999999513,3,0,0.16666666666666669,-0.24999999999999994,0.8187868888298265,0.7422297944526477,0.22178271936543067,0.003999174132204548,0.7422297944526477,0.22181877288197469,7.256977620201404e-05,0.02167292673457747
501,41.04599999999504,3,0,0.165,-0.24999999999999994,0.8186636714323673,0.6190789568453222,0.18044379793120843,0.003990037800673778,0.6190789568453222,0.18048790711150037,7.578299306662851e-05,0.02220325492418222
502,41.08399999999495,3,0,0.16333333333333336,-0.24999999999999994,0.8185387304682227,0.39264742087506865,0.11559139509902697,0.002817259715117609,0.39264742087506865,0.11562572193608903,7.52013360573747e-05,0.02170642554068543
503,41.12299999999486,3,0,0.16166666666666668,-0.24999999999999994,0.8184071551013405,0.2146175245846341,0.07573156575997571,0.0006194008134166302,0.2146175245846341,0.0757340987259054,6.36537259739565e-05,0.01867307139489212
504,41.16199999999477,3,0,0.16000000000000003,-0.24999999999999994,0.8182656537678318,0.10909684540429511,0.05348835116553483,-0.0011465683417365544,0.10909684540429511,0.05350063858843036,5.906142417070817e-05,0.01743703247865019
505,41.201999999994676,3,0,0.15833333333333335,-0.24999999999999994,0.8181256777657967,0.12298055280202087,0.061885340687495835,-0.0014867139068428625,0.12298055280202087,0.06190319628458798,3.9590900838698727e-05,0.012346514318646204
506,41.24199999999458,3,0,0.15666666666666668,-0.24999999999999994,0.8179817910632886,0.20360498849662229,0.10509790698934096,-0.003029100373995745,0.20360498849662229,0.10514154983932805,3.7990502617720465e-06,0.003192376989469971
507,41.28199999999449,3,0,0.15500000000000003,-0.24999999999999994,0.8178255039282083,0.48103252690084836,0.2114131317967409,-0.005450083105598915,0.48103252690084836,0.21148336980000124,4.311655659393581e-05,0.007203059758019029
508,41.322999999994394,3,0,0.15333333333333335,-0.24999999999999994,0.8176317046859967,1.12914666773902,0.34065618469234576,0.003305368382090729,1.12914666773902,0.340672220219505,1.2979102888255182e-05,0.0008360518329607137
509,41.3639999999943,3,0,0.15166666666666667,-0.24999999999999994,0.8174383144831866,0.7840379171453516,0.20617177914977877,0.005449333416236574,0.7840379171453516,0.20624378233650212,5.094103401840608e-05,0.014914223826246237
510,41.4049999999942,3,0,0.15000000000000002,-0.24999999999999994,0.8172616360841324,0.32390646171497267,0.07157483051819222,0.004793433991834218,0.32390646171497267,0.07173516134464335,7.003367069298925e-05,0.018737459196027227
511,41.4479999999941,3,0,0.14833333333333334,-0.24999999999999994,0.8170870094390749,0.072316727471823,0.030370340445490564,-0.0009675299734596062,0.072316727471823,0.030385748189316365,3.953729489168896e-05,0.01094455247816556
512,41.489999999994005,3,0,0.14666666666666667,-0.24999999999999994,0.8169116318417704,0.15472480383880866,0.07612671645743692,-0.003103170993695865,0.15472480383880866,0.07618993784488284,9.169627052812308e-06,0.0015691085607368728
513,41.5339999999939,3,0,0.14500000000000002,-0.24999999999999994,0.816709221839112,0.314241499888007,0.13938274381679835,-0.005491870331912271,0.314241499888007,0.1394908954507131,3.95059930980214e-05,0.007880311050733755
514,41.5779999999938,3,0,0.14333333333333334,-0.24999999999999994,0.8164867058890907,0.7471079183248988,0.2430848598221903,-0.002697600692216559,0.7471079183248988,0.24309982748712214,4.245760246156693e-05,0.008169114133628834
515,41.622999999993695,3,0,0.1416666666666667,-0.24999999999999994,0.8162428290030898,0.8828304755588697,0.2252622513056532,0.005966836655532425,0.8828304755588697,0.22534126342719626,1.3040999818577419e-05,0.004968431314143625
516,41.66799999999359,3,0,0.14,-0.24999999999999994,0.8160139597688478,0.5439639590988183,0.1135200263277711,0.008252383612560546,0.5439639590988183,0.11381958624396199,5.025976208110652e-05,0.0130661926560409
517,41.71399999999348,3,0,0.13833333333333334,-0.24999999999999994,0.8157970619833865,0.03529569485388663,0.006472198797130237,-0.00022347033638502647,0.03529569485388663,0.006476055609768814,4.65572321331162e-05,0.011357983202121178
518,41.76199999999337,3,0,0.1366666666666667,-0.24999999999999994,0.8155690142180254,0.05998766293840801,0.02222753921069005,-0.0011764012398002852,0.05998766293840801,0.02225864818985572,1.794433019804403e-05,0.004330657843871718
519,41.80999999999326,3,0,0.135,-0.24999999999999994,0.8153412443597314,0.1315309907808712,0.05981644234831961,-0.003604397852819888,0.1315309907808712,0.059924940209325664,2.872432868657601e-05,0.0074067045182109855
520,41.858999999993145,3,0,0.13333333333333336,-0.24999999999999994,0.8150872291848243,0.3261756041956154,0.1287655295966072,-0.00653019922692936,0.3261756041956154,0.12893100912595898,5.803103491581097e-05,0.0139241988655625
521,41.909999999993026,3,0,0.13166666666666668,-0.24999999999999994,0.814808204366011,0.6962503865415649,0.20435253223394886,-0.0025917789534817795,0.6962503865415649,0.20436896718575162,5.649435793302404e-05,0.013279280953561493
522,41.96099999999291,3,0,0.13,-0.24999999999999994,0.8145246433840381,0.8870405998541783,0.2080728653169566,0.006534582252905044,0.8870405998541783,0.20817545015305802,2.2948891324562244e-05,0.005718066946218073
523,42.01499999999278,3,0,0.12833333333333335,-0.24999999999999994,0.8142299514916602,0.765648012701953,0.16346715483471713,0.009173421257404165,0.765648012701953,0.16372434873079564,9.07321678796973e-06,0.0027262556051660764
524,42.068999999992656,3,0,0.12666666666666668,-0.24999999999999994,0.8139413936824917,0.543000960167004,0.09323353116217867,0.01355961333972721,0.543000960167004,0.09421440679053204,3.407870927533066e-05,0.007450380929151266
525,42.12599999999252,3,0,0.125,-0.24999999999999994,0.8136436155275331,0.4541075264041244,0.06701285516624016,0.016670197645230443,0.4541075264041244,0.0690551826227585,3.542668640403581e-05,0.007448667494682137
526,42.18399999999239,3,0,0.12333333333333335,-0.24999999999999994,0.8133457938943583,0.28761885754974265,0.026533500757060957,0.019794621788772247,0.28761885754974265,0.03310368127845439,3.8609943522515776e-05,0.0076470653485218
527,42.244999999992245,3,0,0.12166666666666667,-0.24999999999999994,0.8130332163214322,0.220230729046978,0.013217086164872443,0.01947602443940512,0.220230729046978,0.023537351054312976,3.6436186669552044e-05,0.00683518327780931
528,42.3079999999921,3,0,0.12,-0.24999999999999994,0.812711856302275,0.22369223124468943,0.01109138748545656,0.021509267169171408,0.22369223124468943,0.024200567152596598,3.522956642384538e-05,0.006338662456157767
529,42.373999999991945,3,0,0.11833333333333335,-0.24999999999999994,0.8123767595742039,0.40589522484972246,0.03987368651614358,0.027142652651104094,0.40589522484972246,0.048235199484672794,3.199981888843962e-05,0.005681225765228822
530,42.442999999991784,3,0,0.11666666666666667,-0.24999999999999994,0.8120353618836391,0.6243226620768487,0.09435059681139858,0.020822026862662952,0.6243226620768487,0.09662086690429016,1.8250464573399312e-05,0.003754818549191398
531,42.515999999991614,3,0,0.11500000000000002,-0.24999999999999994,0.8117091097788613,0.8919991293766146,0.17830598317820276,0.007645690035456666,0.8919991293766146,0.17846982998048666,4.9892397260093334e-05,0.01439211159488293
532,42.592999999991434,3,0,0.11333333333333334,-0.24999999999999994,0.8113875369554305,0.31536742245026755,0.09924942429730824,-0.008833613107741013,0.31536742245026755,0.09964176305086322,7.741479928822992e-05,0.021802291899339823
533,42.67699999999124,3,0,0.11166666666666666,-0.24999999999999994,0.8109860558082848,0.05034697141540091,0.008908440647857169,-0.001333969967193919,0.05034697141540091,0.009007762799373062,8.577618508778468e-06,0.00517484566925195
534,42.76699999999103,3,0,0.11000000000000001,-0.24999999999999994,0.8105918469798459,0.8655978959595967,0.15159145883047567,0.012802242748201765,0.8655978959595967,0.15213108758480526,3.4087742381719244e-05,0.011284710557402943
535,42.8659999999908,3,0,0.10833333333333334,-0.24999999999999994,0.8102342049794775,0.09737679603882199,0.026871834030824722,-0.004099449987481632,0.09737679603882199,0.027182732651079303,2.4823902066305878e-05,0.010594119467766911
536,42.97799999999054,3,0,0.10666666666666669,-0.24999999999999994,0.8098389799640405,0.8662186908586175,0.1703897971951616,-0.0006809676915100968,0.8662186908586175,0.17039115794314322,8.183040746455712e-05,0.022846481851872224
537,43.107999999990234,3,0,0.10500000000000001,-0.24999999999999994,0.8094305885167916,0.8637797295019224,0.1642260908936933,-0.0006537701663037266,0.8637797295019224,0.1642273921903833,7.94604927934455e-05,0.022346815157420718
538,43.266999999989864,3,0,0.10333333333333333,-0.24999999999999994,0.8089762511934475,0.7239276109379155,0.024215986881465767,0.08140247132371016,0.7239276109379155,0.08492806578658657,9.089710461617546e-06,0.005283201712943388
539,43.48799999998935,3,0,0.10166666666666668,-0.24999999999999994,0.8085652558172234,0.9162193272500693,0.13377049809803035,0.020790177889791168,0.9162193272500693,0.1353764294775287,4.374421019329247e-05,0.013873323716856326
540,44.27399999998752,3,0,0.1,-0.24999999999999994,0.8080784850472411,0.9985797485775059,-0.24683887212889208,0.004918835818945873,0.9985797485775059,0.2468878768584583,0.00012991243770591566,0.04623434815033387
541,44.49099999998701,3,1,0.1,-0.24899999999999994,0.8080960487533317,0.9247266055551964,-0.2583362817244514,-0.45710376368401334,0.9247266055551964,0.5250537927006198,0.00017728028379689707,0.07087941015492927
542,44.55499999998686,3,1,0.1,-0.24799999999999994,0.8080988512099176,0.9894151261543412,-0.26543390180044696,-0.4592997463091517,0.9894151261543412,0.530482245871302,3.935211355083631e-05,0.031808031076905906
543,44.60299999998675,3,1,0.1,-0.24699999999999994,0.808093463275704,0.9519177365772304,-0.25644052227143577,-0.43760957377880194,0.9519177365772304,0.5072118694645379,4.019698191561331e-05,0.0054953286630793075
544,44.643999999986654,3,1,0.1,-0.24599999999999994,0.8080805159831481,0.9034346339854984,-0.24514575104897604,-0.4130042130913994,0.9034346339854984,0.48028004256747187,8.745953578442647e-05,0.014301548750743938
545,44.67999999998657,3,1,0.1,-0.24499999999999994,0.8080611044983708,0.8369485343113723,-0.2298965771643869,-0.3828354882186368,0.8369485343113723,0.4465595673944327,0.00011745544197126699,0.027262649032092308
546,44.71399999998649,3,1,0.1,-0.24399999999999994,0.808036805275185,0.777097981463541,-0.21860211591707898,-0.3607032079828987,0.777097981463541,0.4217744531530784,0.00013090271051636174,0.03527432130402229
547,44.74599999998642,3,1,0.1,-0.24299999999999994,0.8080047311020606,1.0255306523582557,-0.26387186354838965,-0.4186341562111074,1.0255306523582557,0.4948564611269472,0.00013970590166219847,0.0412175187876471
548,44.776999999986344,3,1,0.1,-0.24199999999999994,0.8079647690714309,0.8376759568485918,-0.21481412562893684,-0.33733613015268904,0.8376759568485918,0.3999259597426961,0.0001598329145851582,0.048916167307256925
549,44.806999999986274,3,1,0.1,-0.24099999999999994,0.8079269846725773,1.0439774572940481,-0.26419592372683653,-0.4054762401918818,1.0439774572940481,0.48395295998063803,0.0001369453021444761,0.04573590493420297
550,44.83599999998621,3,1,0.1,-0.23999999999999994,0.8078863924094289,0.8601760669223135,-0.2342869582138865,-0.36163838979429225,0.8601760669223135,0.4308975559946051,0.000116576711042194,0.04227846986146734
551,44.86599999998614,3,1,0.1,-0.23899999999999993,0.807832355934357,0.5511499258805858,-0.15839112310129405,-0.24438776091407693,0.5511499258805858,0.2912269313815007,0.00012717903608904283,0.045481374479580915
552,44.89599999998607,3,1,0.1,-0.23799999999999993,0.807777931624853,0.9594000759648783,-0.24421205152760805,-0.35336269425612044,0.9594000759648783,0.42954012595247437,0.00010221593746483773,0.03969895014182606
553,44.926999999985995,3,1,0.1,-0.23699999999999993,0.8077114314005267,0.709891628102167,-0.17765932525761144,-0.25439265754566204,0.709891628102167,0.31028770530611466,0.0001077368264256609,0.040509624353753854
554,44.95899999998592,3,1,0.1,-0.23599999999999993,0.8076471329341107,0.905892921818919,-0.22516255684017877,-0.31397313232320617,0.905892921818919,0.386364212659056,7.474113708301888e-05,0.031738895520817226
555,44.99299999998584,3,1,0.1,-0.23499999999999993,0.8075825746264347,0.624963755127562,-0.18152206651605918,-0.25938848658403174,0.624963755127562,0.3165954004792474,3.0687909720268984e-05,0.019527820639734697
556,45.02899999998576,3,1,0.1,-0.23399999999999993,0.8075023219390082,0.731339293058785,-0.17627306598229794,-0.23824399044104255,0.731339293058785,0.29636530291528923,2.9595950412689535e-05,0.01694889389820745
557,45.06999999998566,3,1,0.1,-0.23299999999999993,0.8074242096185871,0.638893856265548,-0.16907061782586597,-0.22801177812719337,0.638893856265548,0.28385602825507245,1.7226675221001833e-05,0.0036651794111491783
558,45.11799999998555,3,1,0.1,-0.23199999999999993,0.8073391824777519,0.7950724078319382,-0.19901590084231854,-0.25921102644050775,0.7950724078319382,0.32679915088081424,5.636080375351427e-05,0.01113296757746604
559,45.1819999999854,3,1,0.1,-0.23099999999999993,0.8072511144402226,0.8036131942936473,-0.21791597105507543,-0.28150607549857765,0.8036131942936473,0.3559958440536734,0.00011227322771752976,0.03064820965810851
560,45.389999999984916,3,1,0.1,-0.22999999999999993,0.8071473702668255,1.0120374795113452,-0.2968831323864812,-0.14845439572273442,1.0120374795113452,0.3319311704329847,3.786544272829619e-05,0.01886619637098318
561,46.183999999983065,4,0,0.10166666666666667,-0.22999999999999993,0.8075876235427684,1.2207907308248822,-0.9867569270994985,0.14402033386563493,1.2207907308248822,0.997211657445707,0.00011393226781290298,0.043860808061849124
562,46.40499999998255,4,0,0.10333333333333333,-0.22999999999999993,0.8080404510015256,1.337195122823106,-1.0375174610376339,0.17448737593741317,1.337195122823106,1.0520876039187526,6.715836698445166e-06,0.00749275035182392
563,46.56499999998218,4,0,0.10500000000000001,-0.22999999999999993,0.8084758927793182,1.42245645704492,-1.1197243716315972,0.16235834135752725,1.42245645704492,1.1314340013602837,1.35203469755101e-05,0.005687545284374933
564,46.694999999981874,4,0,0.10666666666666667,-0.22999999999999993,0.8088906423543608,1.5168610831770895,-1.1534261522666056,0.1914217580663994,1.5168610831770895,1.1692023683664765,1.5222369563724342e-05,0.003013044497913846
565,46.80699999998161,4,0,0.10833333333333334,-0.22999999999999993,0.8093047303019576,1.3644407139935928,-0.978524544809085,0.18451181714739778,1.3644407139935928,0.9957684949127793,4.615339834567093e-05,0.013303137950255102
566,46.90599999998138,4,0,0.11000000000000001,-0.22999999999999993,0.8096915795258437,1.6098740045406772,-1.168290383885474,0.2157226755872049,1.6098740045406772,1.1880398536420276,2.4406599142122786e-05,0.008475552514237277
567,46.99599999998117,4,0,0.11166666666666668,-0.22999999999999993,0.8100827771334098,1.3604674360874243,-1.0859162684794814,0.12794110435558634,1.3604674360874243,1.0934272121783546,3.6664379624253684e-05,0.008371641050588399
568,47.07899999998098,4,0,0.11333333333333334,-0.22999999999999993,0.810459379073921,0.8937855235039468,-0.785326140472667,0.053513527035383084,0.8937855235039468,0.787147282587866,1.0516446601202968e-05,0.003532936032649843
569,47.1569999999808,4,0,0.115,-0.22999999999999993,0.81082167495819,1.7861553838875586,-1.2690740159397245,0.2259841006616681,1.7861553838875586,1.289037498168786,2.2894972967179936e-05,0.010112630001342245
570,47.22999999998063,4,0,0.11666666666666667,-0.22999999999999993,0.8111711837315168,1.7489487704706324,-1.1629695179192585,0.2617485067567465,1.7489487704706324,1.1920613995926297,6.629975173982009e-05,0.021771155839641607
571,47.29899999998047,4,0,0.11833333333333335,-0.22999999999999993,0.8115216734402543,1.5494014358547905,-1.0030568030776885,0.23047520216111242,1.5494014358547905,1.0291947187056678,6.159496448068338e-05,0.019474422310011587
572,47.36499999998031,4,0,0.12000000000000001,-0.22999999999999993,0.8118645110323249,1.1890221277584856,-0.9378628136512519,0.0939935741110377,1.1890221277584856,0.9425611116548412,2.4263101486781372e-05,0.004149540405377649
573,47.427999999980166,4,0,0.12166666666666667,-0.22999999999999993,0.812181401556251,1.784448768620446,-1.1275114765129512,0.27313730097634165,1.784448768620446,1.160123318812727,7.73082396629358e-05,0.02376146819016823
574,47.488999999980024,4,0,0.12333333333333335,-0.22999999999999993,0.812514810517846,0.866229898406024,-0.7164013551701158,0.04835140362013323,0.866229898406024,0.7180311691853045,2.3998346682192746e-05,0.010670415531361608
575,47.54699999997989,4,0,0.125,-0.22999999999999993,0.8128097400572921,1.757837168614594,-1.0494512714158448,0.2895684360480896,1.757837168614594,1.088667924682118,0.0001058026960272863,0.03254104580791529
576,47.60299999997976,4,0,0.12666666666666668,-0.22999999999999993,0.8131140228585249,1.966710372046398,-1.2894707818705766,0.23807743543762452,1.966710372046398,1.3112649475077385,8.065405606764245e-06,0.00929808340341186
577,47.65799999997963,4,0,0.12833333333333335,-0.22999999999999993,0.8134054053050652,1.548489808730011,-0.9023525101698009,0.24897767621581954,1.548489808730011,0.9360715442013875,9.488246854013344e-05,0.030107611976214532
578,47.71099999997951,4,0,0.13,-0.22999999999999993,0.8136859376377767,1.9202835540115377,-1.1913960472188334,0.25753519338194286,1.9202835540115377,1.2189130063950158,4.089288002935405e-05,0.017216404402486233
579,47.762999999979385,4,0,0.13166666666666668,-0.22999999999999993,0.8139723664539611,0.8301909735362532,-0.6103858894730292,0.06185045144808131,0.8301909735362532,0.6135115421995845,5.424984700760298e-05,0.019370425259098437
580,47.813999999979266,4,0,0.13333333333333336,-0.22999999999999993,0.814229886921585,1.8006099065160865,-1.006759669188092,0.29811047866707663,1.8006099065160865,1.0499689943016555,0.00010568769273446809,0.03312604763005741
581,47.86299999997915,4,0,0.135,-0.22999999999999993,0.8144891962034739,1.9656318784891558,-1.160548831651341,0.27941029060005323,1.9656318784891558,1.193710057401084,6.566850565360758e-05,0.024490137345439405
582,47.91099999997904,4,0,0.1366666666666667,-0.22999999999999993,0.8147482222421977,1.8043389490119577,-1.1319824497139657,0.2122287645408022,1.8043389490119577,1.151705394169423,1.708702827556742e-05,0.013513360432989577
583,47.95799999997893,4,0,0.13833333333333336,-0.22999999999999993,0.8149959543927087,0.8041639499190452,-0.5987123662494054,0.05090120917843087,0.8041639499190452,0.6008722248496667,4.176559148399817e-05,0.019720491760443676
584,48.00499999997882,4,0,0.14,-0.22999999999999993,0.8152272694279971,1.263416088901176,-0.6724118521591479,0.20485876981243104,1.263416088901176,0.7029258954492702,0.00011372237341987378,0.037424852994967686
585,48.049999999978716,4,0,0.14166666666666666,-0.22999999999999993,0.8154466296205817,1.6454221124547166,-0.818481235349924,0.3000584169258572,1.6454221124547166,0.8717491532476469,0.00012800713223392422,0.04080815021947091
586,48.09499999997861,4,0,0.14333333333333334,-0.22999999999999993,0.8156655521132985,1.844782710663685,-0.9437517137463722,0.31879617178741604,1.844782710663685,0.996141704952426,0.0001108772696616583,0.03687205550815548
587,48.13899999997851,4,0,0.14500000000000002,-0.22999999999999993,0.8158812114677348,1.9485770651472312,-1.0451675509063232,0.29693722571997194,1.9485770651472312,1.086529762816369,7.102277292390497e-05,0.027126178458824885
588,48.18199999997841,4,0,0.14666666666666667,-0.22999999999999993,0.8160927222431436,2.018614762718624,-1.1353197107025432,0.25821546593435385,2.018614762718624,1.1643135627301617,1.6213979352824612e-05,0.013258479799419236
589,48.22499999997831,4,0,0.14833333333333334,-0.22999999999999993,0.8162997597152652,1.4290773990628776,-0.8750742857366084,0.15037117901898048,1.4290773990628776,0.8879000490128344,8.235887524208215e-06,0.008533046793767077
590,48.26699999997821,4,0,0.15000000000000002,-0.22999999999999993,0.8164941973308697,0.8983666445976117,-0.5996160254562531,0.06860861040172457,0.8983666445976117,0.6035283915485746,1.7201101521758814e-05,0.012175319260934448
591,48.30899999997811,4,0,0.15166666666666667,-0.22999999999999993,0.816681889026885,0.5729016559732538,-0.4109374680856981,0.024642804270715548,0.5729016559732538,0.41167568604304156,4.246606416569343e-05,0.018265068199915073
592,48.34999999997802,4,0,0.15333333333333335,-0.22999999999999993,0.8168632906199487,0.6509019817887215,-0.45689496104176497,0.03216420292205598,0.6509019817887215,0.45802569946998295,2.458915606417615e-05,0.013961505062851673
593,48.39099999997792,4,0,0.15500000000000003,-0.22999999999999993,0.8170359098440088,0.910579973885115,-0.5900713520218115,0.07087849461378855,0.910579973885115,0.5943130164110201,1.061926801137611e-05,0.011403331228559686
594,48.43099999997783,4,0,0.15666666666666668,-0.22999999999999993,0.8171909880497903,1.640055801335988,-0.9188292862287163,0.19477361190131903,1.640055801335988,0.9392465156308315,4.426409822981598e-06,0.011249602836173968
595,48.470999999977735,4,0,0.15833333333333335,-0.22999999999999993,0.8173423198990579,2.029926251372496,-1.0346835126019969,0.28301516003829086,2.029926251372496,1.0726917320749265,3.5590871673263534e-05,0.019644732864827347
596,48.509999999977644,4,0,0.16000000000000003,-0.22999999999999993,0.8174803647793485,1.9730008248677302,-0.9079722117155353,0.3405428408379433,1.9730008248677302,0.9697334498167925,9.60717638248155e-05,0.034254261494163545
597,48.54999999997755,4,0,0.16166666666666668,-0.22999999999999993,0.8176283671962788,1.6344896828025577,-0.6612832902678518,0.3292536058805611,1.6344896828025577,0.7387174879294708,0.00014654892710131765,0.04536495786709897
598,48.58799999997746,4,0,0.16333333333333336,-0.22999999999999993,0.8177818776656837,0.20499330318609862,-0.1420697690008509,-0.00015451514777534899,0.20499330318609862,0.14206985302619984,0.00010192861199160975,0.03304620232187225
599,48.62699999997737,4,0,0.16500000000000004,-0.22999999999999993,0.8179257823575876,0.48856836140281484,-0.32737428085422343,0.022020829650671703,0.48856836140281484,0.3281140605084212,1.3671684714396198e-05,0.010114252687129803
600,48.66499999997728,4,0,0.16666666666666669,-0.22999999999999993,0.8180494883411864,0.9341270140122698,-0.5525301703321437,0.08164399304339745,0.9341270140122698,0.5585296149062626,2.798379497380331e-05,0.002505466345184946
601,48.702999999977195,4,0,0.16833333333333333,-0.22999999999999993,0.8181628360249685,1.477938700670976,-0.7824083461339749,0.16903343618251643,1.477938700670976,0.8004593197956851,3.112326718232758e-05,0.0017345670763218625
602,48.740999999977106,4,0,0.17,-0.22999999999999993,0.8182683001126425,2.11288112521183,-1.0027379596970933,0.286710303311815,2.11288112521183,1.042921959612819,6.283811749499326e-06,0.005776854159470077
603,48.77799999997702,4,0,0.1716666666666667,-0.22999999999999993,0.818364631725824,1.9554616009271404,-0.846513197475039,0.3185747769991338,1.9554616009271404,0.9044746995021266,6.057527625407087e-05,0.02107675103983995
604,48.81499999997693,4,0,0.17333333333333334,-0.22999999999999993,0.8184627791967279,1.5861310873730272,-0.6168297461996487,0.295674242508752,1.5861310873730272,0.6840337663301771,0.00010691775380462223,0.03169095879338559
605,48.85199999997685,4,0,0.17500000000000002,-0.22999999999999993,0.8185677968958044,0.4166181102311123,-0.1856042510753416,0.05402623664374532,0.4166181102311123,0.19330745527041734,9.68965106699111e-05,0.02855283313219265
606,48.88899999997676,4,0,0.1766666666666667,-0.22999999999999993,0.8186749329909689,0.4566292728087176,-0.2865287755932438,0.019425435750413885,0.4566292728087176,0.28718650176680816,1.3709944958483043e-05,0.004198139613929081
607,48.925999999976675,4,0,0.17833333333333334,-0.22999999999999993,0.8187474379517181,1.6144820055881066,-0.7977794428018367,0.1905687044143719,1.6144820055881066,0.8202246463374416,4.4076363474030485e-05,0.004914116425918843
608,48.96199999997659,4,0,0.18000000000000002,-0.22999999999999993,0.8187966289176235,1.9407183980102716,-0.7636892434205597,0.3387343522939513,1.9407183980102716,0.8354413336316737,9.14249918804677e-05,0.02830503174976942
609,48.99799999997651,4,0,0.1816666666666667,-0.22999999999999993,0.8188915939827208,0.14794579333567667,-0.08557369632824147,-0.00013524660281751254,0.14794579333567667,0.08557380320472885,8.214630558493759e-05,0.024038882809389997
610,49.03399999997642,4,0,0.18333333333333335,-0.22999999999999993,0.8189642575670952,1.1068960229957756,-0.5880489467208682,0.10515763962450873,1.1068960229957756,0.5973773454952241,7.751142293172233e-05,0.013733101342025244
611,49.07099999997634,4,0,0.18500000000000003,-0.22999999999999993,0.8189815688158943,2.0084183591344624,-0.7532308207446499,0.35925453830361687,2.0084183591344624,0.834518120001839,0.00010316034228458487,0.030978141967942227
612,49.10699999997625,4,0,0.1866666666666667,-0.22999999999999993,0.8190789206708291,0.1968514645948018,-0.11762891681495909,0.0008678733886984797,0.1968514645948018,0.11763211838303081,3.164815576536636e-05,0.010515905290971655
613,49.14199999997617,4,0,0.18833333333333335,-0.22999999999999993,0.819091452562812,2.6995769663388884,-1.1115293423268726,0.3988746069533749,2.6995769663388884,1.1809311711212551,2.7775203435997805e-05,0.0031226576549175816
614,49.17799999997609,4,0,0.19000000000000003,-0.22999999999999993,0.819143481688699,0.07919046931286425,-0.02672284755276342,0.002913282035781001,0.07919046931286425,0.026881179169601883,0.00011382566844943231,0.030444610214904303
615,49.213999999976004,4,0,0.1916666666666667,-0.22999999999999993,0.8191911978674709,1.4065641495858816,-0.689950422994842,0.14713668347753514,1.4065641495858816,0.7054649458446038,0.0001154037185291658,0.02376273589712392
616,49.24999999997592,4,0,0.19333333333333336,-0.22999999999999993,0.8191788341750146,1.2795671018138843,-0.4011927030456605,0.2519066580530779,1.2795671018138843,0.47372201695567606,0.0001485524407675423,0.03981169463322599
617,49.28499999997584,4,0,0.195,-0.22999999999999993,0.8192538108881905,0.6436252480409329,-0.3555961360436772,0.03897016256154907,0.6436252480409329,0.35772515362952456,9.391345614319107e-05,0.020286470213265653
618,49.320999999975754,4,0,0.19666666666666668,-0.22999999999999993,0.8192045345807355,1.8588003538048852,-0.6238620913224046,0.3405883500083685,1.8588003538048852,0.7107772739407101,0.00013235159708349686,0.036596008176115434
619,49.35599999997567,4,0,0.19833333333333336,-0.22999999999999993,0.8192839567380933,0.43526921150390846,-0.2463831679304571,0.01706680227838984,0.43526921150390846,0.24697356372587223,7.992960433718933e-05,0.018114633751472414
620,49.39199999997559,4,0,0.2,-0.22999999999999993,0.8192119178310768,2.0129658053356625,-0.6690466933491963,0.3638272495764497,2.0129658053356625,0.7615732042396566,0.00012995610717070642,0.035873512858198536
621,49.427999999975505,4,0,0.2016666666666667,-0.22999999999999993,0.8192876968296006,0.4130407495504312,-0.229669004579043,0.015658700431346057,0.4130407495504312,0.23020218627008543,8.689571774557135e-05,0.020583361287237895
622,49.46299999997542,4,0,0.20333333333333337,-0.22999999999999993,0.8192017354191088,1.7830010340017879,-0.569637021154893,0.323694920621872,1.7830010340017879,0.6551829801716617,0.00014468322640044746,0.03859395043444843
623,49.49899999997534,4,0,0.20500000000000002,-0.22999999999999993,0.8192652211529523,0.5211203129534794,-0.2802874993947924,0.024113600771192525,0.5211203129534794,0.281322853780382,0.00010739433515781071,0.025532640218015566
624,49.53399999997526,4,0,0.2066666666666667,-0.22999999999999993,0.8191674480345378,1.28279822047657,-0.37519294777603435,0.24261529389187117,1.28279822047657,0.4468018899815768,0.0001650492007000199,0.042780620752355926
625,49.569999999975174,4,0,0.20833333333333337,-0.22999999999999993,0.8192116519475381,0.979527365707541,-0.47847927777367205,0.07719146599693946,0.979527365707541,0.484665804118231,0.00016466897297108535,0.03870476817963122
626,49.60599999997509,4,0,0.21000000000000002,-0.22999999999999993,0.8191282408910698,0.035517447162753096,0.013566642417516062,0.008674354748027344,0.035517447162753096,0.016102739418476925,0.00015931611990667712,0.03961478821737119
627,49.64099999997501,4,0,0.2116666666666667,-0.22999999999999993,0.8191216905401814,2.2363476885401803,-0.9176047181967726,0.25026404059607044,2.2363476885401803,0.9511206594709475,0.00017039844920586794,0.03839195567522239
628,49.676999999974925,4,0,0.21333333333333337,-0.22999999999999993,0.81907827563259,0.05346372278040446,-0.00047744591146636485,0.006646185498004707,0.05346372278040446,0.006663312710076274,0.0001073309728536418,0.02556571296017068
629,49.71299999997484,4,0,0.21500000000000002,-0.22999999999999993,0.818990474440705,3.6018453040224947,-1.2535163750952565,0.5180761937834847,3.6018453040224947,1.3563577128461115,6.433334786190896e-05,0.011193354333051653
630,49.74899999997476,4,0,0.2166666666666667,-0.22999999999999993,0.8189996114895366,0.11967976966546941,-0.04570425278451019,0.0034853211487467914,0.11967976966546941,0.045836952190348654,1.9111108030779875e-05,0.0038631617236667627
631,49.78599999997467,4,0,0.21833333333333338,-0.22999999999999993,0.8188443482047368,2.7449666225425995,-0.8743480717696207,0.43556205322798924,2.7449666225425995,0.9768310257252457,8.25495134371102e-05,0.02413322610702738
632,49.82199999997459,4,0,0.22000000000000003,-0.22999999999999993,0.8188702461355256,0.2998142249043121,-0.1477864304175716,0.007046637933716319,0.2998142249043121,0.14795433120303247,7.047149411788998e-05,0.018226770836110625
633,49.8579999999745,4,0,0.22166666666666668,-0.22999999999999993,0.8187007122065441,1.4236558048667134,-0.4025296173087547,0.24469091876055124,1.4236558048667134,0.4710665967085919,0.00015819847382151324,0.04089077942150175
634,49.89499999997442,4,0,0.22333333333333336,-0.22999999999999993,0.8187084116164226,0.8184231226473805,-0.37648484981566266,0.049648887469997106,0.8184231226473805,0.37974445903492854,0.00015338168894355942,0.03660074213163759
635,49.93199999997433,4,0,0.22500000000000003,-0.22999999999999993,0.8185674490876796,0.02928181982980552,0.014741827988254724,0.009022906587856162,0.02928181982980552,0.017283932877920707,0.0001474612016857994,0.03632080820863626
636,49.968999999974244,4,0,0.2266666666666667,-0.22999999999999993,0.8184978437712928,2.2885602917223498,-0.8570384231481595,0.23741684903862245,2.2885602917223498,0.8893152528545272,0.00015300454240898425,0.03373835025133368
637,50.00599999997416,4,0,0.22833333333333336,-0.22999999999999993,0.8184056020350121,0.05025861220674822,0.0009539176756418429,0.00654393537838184,0.05025861220674822,0.0066130967910911,9.037680834386433e-05,0.021630844038516464
638,50.04299999997407,4,0,0.23000000000000004,-0.22999999999999993,0.8182594180923966,3.3837626817538067,-1.0963596026433016,0.4388329922472883,3.3837626817538067,1.1809228481966494,4.2257502687941876e-05,0.005871202637710942
639,50.08099999997398,4,0,0.2316666666666667,-0.22999999999999993,0.8182045849455739,0.08621252670531089,-0.02314935900480667,0.0032580022699867464,0.08621252670531089,0.023377497751570043,3.773483592966513e-05,0.008921049883664153
640,50.118999999973894,4,0,0.23333333333333336,-0.22999999999999993,0.8180046277766119,2.8114601935934695,-0.8510088554639824,0.39362374344214884,2.8114601935934695,0.9376330430821687,4.450150778689341e-05,0.01527308062294464
641,50.156999999973806,4,0,0.23500000000000004,-0.22999999999999993,0.8179757996626293,0.16792311533556237,-0.06945322420426277,0.00041387663666164954,0.16792311533556237,0.0694544573532755,3.071349406596207e-05,0.008626648027145092
642,50.195999999973715,4,0,0.2366666666666667,-0.22999999999999993,0.8177392698714725,1.7821684436532577,-0.5006491364935173,0.2637504843968814,1.7821684436532577,0.5658744347390984,0.00011427901514461943,0.03076975074555001
643,50.233999999973626,4,0,0.23833333333333337,-0.22999999999999993,0.8176984226904059,0.29915478481916813,-0.13161819560845933,0.0032380520708847563,0.29915478481916813,0.13165802063087698,6.34012058109224e-05,0.015181706105392035
644,50.272999999973536,4,0,0.24000000000000002,-0.22999999999999993,0.8174632149027115,1.178717158592344,-0.31072902924784385,0.17904978449872644,1.178717158592344,0.3586242531485396,0.00011951736406463688,0.0312757630088105
645,50.31299999997344,4,0,0.2416666666666667,-0.22999999999999993,0.8174020868897472,0.31651466606072154,-0.1370314797234131,0.002242623512780225,0.31651466606072154,0.1370498296073667,6.8057118242999e-05,0.016234444345085874
646,50.35299999997335,4,0,0.24333333333333337,-0.22999999999999993,0.8171524612699846,0.8555322534102112,-0.21265465206076273,0.13296379062321836,0.8555322534102112,0.2508014566544204,0.0001184523283570091,0.03060805328490002
647,50.392999999973256,4,0,0.24500000000000002,-0.22999999999999993,0.8170808454348913,0.38853340692818544,-0.16454335793006142,0.004239168496150683,0.38853340692818544,0.16459795620978732,8.648659297946689e-05,0.020582138327303493
648,50.43399999997316,4,0,0.2466666666666667,-0.22999999999999993,0.8168247864223028,0.2966374215881838,-0.05786425638564137,0.052768777805770155,0.2966374215881838,0.07831229838395741,0.00011327061716974247,0.028516272035134585
649,50.474999999973065,4,0,0.24833333333333338,-0.22999999999999993,0.8167268955431093,0.4117025897887744,-0.1697944188874984,0.004628463857622229,0.4117025897887744,0.16985749133619216,8.515629102984394e-05,0.020164880543990633
650,50.51599999997297,4,0,0.25,-0.22999999999999993,0.8164690370789274,0.010719816445461511,0.010549921034537545,0.006939321223509838,0.010719816445461511,0.012627549757495785,0.00010202459937565344,0.025398146413498874
651,50.55899999997287,4,0,0.2516666666666667,-0.22999999999999993,0.8163441283657622,0.27535596319487377,-0.11070085410540706,-0.0010186437733937738,0.27535596319487377,0.11070554066894617,5.577203707122686e-05,0.013210143369428674
652,50.60099999997277,4,0,0.2533333333333334,-0.22999999999999993,0.816066939587574,1.073784323959989,-0.27103811672496575,0.1447356511224403,1.073784323959989,0.30726221606903265,8.15304663294732e-05,0.02103248685524299
653,50.64499999997267,4,0,0.255,-0.22999999999999993,0.8159382056554936,0.11479478302024139,-0.038789675017430574,-0.0025679357011246058,0.11479478302024139,0.03887458272088574,1.656708147320028e-05,0.004394843779129445
654,50.688999999972566,4,0,0.2566666666666667,-0.22999999999999993,0.8156548845135737,2.018394994388881,-0.5549998985370614,0.21951672310686016,2.018394994388881,0.5968353869365676,1.7949987156437438e-05,0.00623721719945816
655,50.73399999997246,4,0,0.25833333333333336,-0.22999999999999993,0.8154817671517633,0.04036348969813104,-0.0033365235752214743,0.0022617732132618968,0.04036348969813104,0.004030881744263621,2.8094611406378534e-05,0.006173514411226147
656,50.778999999972356,4,0,0.26,-0.22999999999999993,0.8152476333456595,1.1678153992506075,-0.3707248055031711,0.07434102433792988,1.1678153992506075,0.37810510352939797,7.738330475590176e-05,0.017268514436300834
657,50.82599999997225,4,0,0.2616666666666667,-0.22999999999999993,0.8149853510799412,0.012819502686777565,0.007012982372956627,0.005142613864846887,0.012819502686777565,0.008696458999289067,5.745064167545857e-05,0.013316398150305473
658,50.87299999997214,4,0,0.26333333333333336,-0.22999999999999993,0.8147926978680112,0.1819185999636182,-0.06385623134775346,-0.0032183033933590854,0.1819185999636182,0.06393727988168968,3.966456841643829e-05,0.010086473366920461
659,50.920999999972025,4,0,0.265,-0.22999999999999993,0.8144766392838352,1.6491950445977959,-0.42942185808025163,0.166946923674526,1.6491950445977959,0.46073246849064564,1.6033869285020147e-05,0.004364076860901656
660,50.96999999997191,4,0,0.2666666666666667,-0.22999999999999993,0.8142538541204091,0.025271796674521257,0.0016162426704488405,0.0028570908260180353,0.025271796674521257,0.003282561249679283,2.7833777775716285e-05,0.005548608670159734
661,51.02099999997179,4,0,0.26833333333333337,-0.22999999999999993,0.8140124420115447,0.20359944310586955,-0.06701467223716544,-0.0014749011719588081,0.20359944310586955,0.06703090054983417,4.154914514337251e-05,0.010780825385830129
662,51.07299999997167,4,0,0.27,-0.22999999999999993,0.8136821809595252,1.7587369371954567,-0.4470828320152676,0.165033649008833,1.7587369371954567,0.47657020887584095,1.7470175446727994e-05,0.004109761274164817
663,51.12599999997155,4,0,0.2716666666666667,-0.22999999999999993,0.8134081044348275,0.01377769937610728,0.004753634942899103,0.003677764825348693,0.01377769937610728,0.00601024119989568,3.3334072780506986e-05,0.0065714538040876685
664,51.17999999997142,4,0,0.2733333333333334,-0.22999999999999993,0.8131593624634277,0.0714970537692425,-0.015861370755395416,-0.000880150689334518,0.0714970537692425,0.015885771856477385,1.4542748318867991e-05,0.005015409785740123
665,51.23699999997129,4,0,0.275,-0.22999999999999993,0.8128531791952037,0.3515143133347819,-0.102869855117043,0.00907276089989405,0.3515143133347819,0.10326917295179652,4.864623398463989e-05,0.01273756973533942
666,51.294999999971154,4,0,0.2766666666666667,-0.22999999999999993,0.812514629481862,1.3022916716683053,-0.31903244972397676,0.10838318718842098,1.3022916716683053,0.3369400825695899,3.5697335160535936e-05,0.009317644210821563
667,51.35599999997101,4,0,0.2783333333333334,-0.22999999999999993,0.8121808964344343,1.4471291793475818,-0.3331176579349184,0.13685331503055817,1.4471291793475818,0.36013359168910986,1.769235848610202e-05,0.005289336347735276
668,51.418999999970865,4,0,0.28,-0.22999999999999993,0.8118528953382369,1.3344783235168831,-0.2993989849653832,0.12775642807824003,1.3344783235168831,0.3255172147730628,1.571262326398354e-05,0.004963888821643108
669,51.48499999997071,4,0,0.28166666666666673,-0.22999999999999993,0.8115251653595882,1.433425753325416,-0.3197051808433985,0.13066814476616845,1.433425753325416,0.3453774264695689,2.7832144461495782e-05,0.008063127266216543
670,51.55399999997055,4,0,0.2833333333333334,-0.22999999999999993,0.811194500450797,0.8948584972955727,-0.20583094742998428,0.06680243683753496,0.8948584972955727,0.2163999641574781,4.048887733982877e-05,0.011190877801319962
671,51.62699999997038,4,0,0.28500000000000003,-0.22999999999999993,0.8108557335739546,0.24355311674740415,-0.05655693281299005,0.007470201903253642,0.24355311674740415,0.05704814252618962,3.204318658291529e-05,0.009736315510249933
672,51.7039999999702,4,0,0.28666666666666674,-0.22999999999999993,0.8104672726078508,0.041317127054170864,-0.0031213898398359395,0.0010531809642221627,0.041317127054170864,0.0032942775650559495,1.4053227445220597e-05,0.004472615488556437
673,51.787999999970005,4,0,0.2883333333333334,-0.22999999999999993,0.8101017811708966,0.5571802767869081,-0.1185056186096875,0.03769993125467696,0.5571802767869081,0.12435781623473485,3.206618294205092e-05,0.009653419639103301
674,51.877999999969795,4,0,0.29000000000000004,-0.22999999999999993,0.8096915266310326,0.9527539173256576,-0.18426468666482038,0.09013798157387443,0.9527539173256576,0.2051300330860807,1.8408846105143496e-05,0.006455442438831303
675,51.976999999969564,4,0,0.29166666666666674,-0.22999999999999993,0.8093044379727607,0.9645353009327582,-0.1834509808567611,0.08711803392703968,0.9645353009327582,0.2030857311891226,2.3544352691631946e-05,0.007835776369018277
676,52.0889999999693,4,0,0.29333333333333333,-0.22999999999999993,0.8089064811049667,0.13721224840353832,-0.02166027305158279,0.004390619572582985,0.13721224840353832,0.022100791137429278,1.9127633534827113e-05,0.007014930404170549
677,52.218999999969,4,0,0.29500000000000004,-0.22999999999999993,0.8084857008015712,0.20249562865244275,-0.03297786534849417,0.009206183713210843,0.20249562865244275,0.03423877073588947,1.9838594876613635e-05,0.007248036521668527
678,52.37799999996863,4,0,0.29666666666666675,-0.22999999999999993,0.8080557414526665,0.22639562363051047,-0.035157071556341714,0.011083302805935103,0.22639562363051047,0.03686270854814904,1.86709709910347e-05,0.00690200697540044
679,52.598999999968115,4,0,0.29833333333333334,-0.22999999999999993,0.8076151241485802,0.517224883738772,-0.08266751277184024,0.03849829328170344,0.517224883738772,0.09119230369656434,1.8144372582510154e-05,0.006577983976888178
680,53.38599999996628,4,0,0.30000000000000004,-0.22999999999999993,0.8071184275941526,1.0014819691365746,0.2841829464330712,0.06790600745917973,1.0014819691365746,0.2921834575954429,0.00012222944274149975,0.04390999098781487
681,53.60199999996578,4,1,0.30000000000000004,-0.22899999999999993,0.8070928482838565,0.8401968422040876,0.22906665284368033,-0.30929746946693404,0.8401968422040876,0.38488499069677445,0.00015514757453628458,0.053976108366726394
682,53.66599999996563,4,1,0.30000000000000004,-0.22799999999999992,0.8069696492898286,0.8388608827616693,0.22227481321107082,-0.28603474973475995,0.8388608827616693,0.36224573240252694,9.030326381449612e-05,0.024982763410157906
683,53.713999999965516,4,1,0.30000000000000004,-0.22699999999999992,0.8068478726620633,0.5170715950481543,0.14965724886560716,-0.1934261774445052,0.5170715950481543,0.24456283090203115,0.00013237501932276334,0.03153157612583057
684,53.75499999996542,4,1,0.30000000000000004,-0.22599999999999992,0.8067255837657831,0.7270605492055813,0.1918290773825169,-0.23709453850750675,0.7270605492055813,0.3049790404593654,0.00015386876878439176,0.04109737539427596
685,53.79099999996534,4,1,0.30000000000000004,-0.22499999999999992,0.8066023531831776,0.4319661855018976,0.12695964689078884,-0.15740016013732594,0.4319661855018976,0.20222156746966838,0.00016919889081812309,0.04887369404181485
686,53.82499999996526,4,1,0.30000000000000004,-0.22399999999999992,0.8064720908145752,0.33491698023027283,0.09956230058225891,-0.12204021122841457,0.33491698023027283,0.1575006820744219,0.000177447681895751,0.054126295088191806
687,53.85699999996518,4,1,0.30000000000000004,-0.22299999999999992,0.8063433901373225,0.5467533269090097,0.15177382335186665,-0.17555514819730908,0.5467533269090097,0.23206659284227615,0.00016301154511265986,0.05317555183135039
688,53.88799999996511,4,1,0.30000000000000004,-0.22199999999999992,0.8062033137052907,0.5409211754266602,0.14064470319499497,-0.15774978210362509,0.5409211754266602,0.21134314819872782,0.00016371599534708873,0.05485013049994397
689,53.91799999996504,4,1,0.30000000000000004,-0.22099999999999992,0.8060610351997265,0.3388893200876267,0.09496917383379427,-0.10477113681728074,0.3388893200876267,0.14140769105200324,0.0001566667307117989,0.053979872920835704
690,53.94699999996497,4,1,0.30000000000000004,-0.21999999999999992,0.8059224349949445,0.32918778805175947,0.10032504525642799,-0.10707759301103978,0.32918778805175947,0.14673351911114993,0.00013258723949316102,0.04855811690010828
691,53.9769999999649,4,1,0.30000000000000004,-0.21899999999999992,0.805768413167265,0.41000799406149613,0.11283877822497396,-0.11533790940560412,0.41000799406149613,0.16135496031222654,0.00011777061675872358,0.044689329796892475
692,54.00699999996483,4,1,0.30000000000000004,-0.21799999999999992,0.8056118667289304,0.40190170725395674,0.10880264330977289,-0.10703251958474302,0.40190170725395674,0.15262363984603455,9.874864208775586e-05,0.03928066967709504
693,54.03799999996476,4,1,0.30000000000000004,-0.21699999999999992,0.8054500391205641,0.31700250312472456,0.09417450055778123,-0.08907264152753483,0.31700250312472456,0.12962550684182592,7.272261506671051e-05,0.031711338962839085
694,54.069999999964686,4,1,0.30000000000000004,-0.21599999999999991,0.805282887715281,0.3533379455578678,0.10128131400860504,-0.0919898959196977,0.3533379455578678,0.136821217355447,4.688495004051164e-05,0.02359152875660182
695,54.10399999996461,4,1,0.30000000000000004,-0.2149999999999999,0.8051093660022801,0.31845060562144184,0.09532746261629875,-0.08279235694096569,0.31845060562144184,0.1262612351305899,1.9445925770027798e-05,0.014205609884486924
696,54.13999999996452,4,1,0.30000000000000004,-0.2139999999999999,0.804935622481009,0.46772448990200366,0.13170737822697132,-0.11197888018168609,0.46772448990200366,0.17287597602375782,2.3157810936814666e-05,0.0036558385261727636
697,54.18099999996443,4,1,0.30000000000000004,-0.2129999999999999,0.8047509769768753,0.46612257185401246,0.13585007117322379,-0.11148282665465742,0.46612257185401246,0.17573748170689815,5.9526544569714645e-05,0.011333878964058216
698,54.228999999964316,4,1,0.30000000000000004,-0.2119999999999999,0.8045627542993288,0.5565346066854557,0.15731589800977816,-0.1253348870118243,0.5565346066854557,0.20113956763623037,0.00010153406489710312,0.025916342354027396
699,54.29299999996417,4,1,0.30000000000000004,-0.2109999999999999,0.804367503955655,0.6970507711530849,0.19138071317322325,-0.14889438137705008,0.6970507711530849,0.24247910050217933,0.00014778032182348808,0.04310807146530458
700,54.50099999996368,4,1,0.30000000000000004,-0.2099999999999999,0.8041461848989033,0.9926971935183657,0.2411923596466415,-0.07545526587394001,0.9926971935183657,0.252719709362016,6.418015748662637e-05,0.028929991853676954
701,55.29599999996183,5,0,0.2983333333333334,-0.2099999999999999,0.8046062062350414,1.2348443623951975,1.038031703732827,0.27418577901869834,1.2348443623951975,1.0736329258040505,6.495690799744423e-05,0.030599880273369552
702,55.516999999961314,5,0,0.2966666666666667,-0.2099999999999999,0.8050917485593301,1.2757813016575001,1.0885897984554775,0.3006156633742998,1.2757813016575001,1.1293349929791903,3.5785167235771215e-05,0.015827784375364112
703,55.67599999996094,5,0,0.29500000000000004,-0.2099999999999999,0.8055555476896925,1.4531797624410268,1.2099256891570855,0.33180502409651064,1.4531797624410268,1.2545974443214583,3.703002915567007e-05,0.013574443647457376
704,55.80599999996064,5,0,0.2933333333333334,-0.2099999999999999,0.8060032020323258,1.5042272532616991,1.2314389990978698,0.33754686905749287,1.5042272532616991,1.276863304081404,2.4724722098134616e-05,0.009536037125421408
705,55.91799999996038,5,0,0.2916666666666667,-0.2099999999999999,0.8064400512901795,1.5442503113520236,1.2452547622868797,0.3415229227831937,1.5442503113520236,1.2912386804090592,1.6767090729598683e-05,0.00689047660866068
706,56.01699999996015,5,0,0.29000000000000004,-0.2099999999999999,0.8068576576605861,1.6464002629529575,1.3101805626124576,0.3591348467767887,1.6464002629529575,1.3585105611723758,3.090540648556164e-05,0.009048279867813048
707,56.10699999995994,5,0,0.2883333333333334,-0.2099999999999999,0.807262974351751,1.5958735757025595,1.2484969865141926,0.3429776915742926,1.5958735757025595,1.2947503320148832,4.7320403812726875e-06,0.0015915707349795922
708,56.19099999995974,5,0,0.28666666666666674,-0.2099999999999999,0.8076676135190392,1.5226487230691685,1.1891616104828724,0.32876783726973363,1.5226487230691685,1.233772112940326,1.5699423687101882e-05,0.002947971742683881
709,56.267999999959564,5,0,0.28500000000000003,-0.2099999999999999,0.8080582704014208,1.7497907475663337,1.3334585340719953,0.36594260460195965,1.7497907475663337,1.3827601570598933,8.133842129818599e-06,0.0020429736080865026
710,56.340999999959394,5,0,0.2833333333333334,-0.2099999999999999,0.8084338734923425,1.6804645811758667,1.26166457959057,0.347309405536796,1.6804645811758667,1.3085951759684018,2.22919471332745e-05,0.006141155072712497
711,56.40999999995923,5,0,0.28166666666666673,-0.2099999999999999,0.8088033426270431,1.5642316002385652,1.1852534716276437,0.32924905514284153,1.5642316002385652,1.2301344366848022,2.680319585712533e-05,0.007925013452432423
712,56.47599999995908,5,0,0.28,-0.2099999999999999,0.8091651583616408,1.813053545050306,1.3285336879966223,0.36604371593980467,1.813053545050306,1.3780383746909688,9.329263440709561e-06,0.004547134304476455
713,56.53899999995893,5,0,0.2783333333333334,-0.2099999999999999,0.8095083822825228,1.744185359546476,1.2600878161452942,0.3481527831498912,1.744185359546476,1.307299378418284,3.366076271650773e-05,0.011206537969129168
714,56.59999999995879,5,0,0.2766666666666667,-0.2099999999999999,0.8098463397798942,1.6719569531162102,1.1983016400501054,0.33250380735692786,1.6719569531162102,1.2435777428265695,5.048541408581326e-05,0.0158747966225194
715,56.657999999958655,5,0,0.275,-0.2099999999999999,0.810159094020572,1.512404858544325,1.0760435213946578,0.30092021755364823,1.512404858544325,1.1173283480105345,8.54713571744793e-05,0.025479565046430206
716,56.71499999995852,5,0,0.2733333333333334,-0.2099999999999999,0.8104817967423843,1.8704561473387473,1.299369706684292,0.3597345185850509,1.8704561473387473,1.3482472171343212,3.1723884470957175e-05,0.013544023108915944
717,56.768999999958396,5,0,0.2716666666666667,-0.2099999999999999,0.8107910606112437,1.6769668824424615,1.1655511923010657,0.32647843339083193,1.6769668824424615,1.2104122228991938,3.634909385398586e-05,0.014084036818755523
718,56.82199999995827,5,0,0.27,-0.2099999999999999,0.811097386287343,1.5863172660629152,1.1163230885797168,0.3136303460853121,1.5863172660629152,1.1595435447113451,4.172346075798508e-05,0.014865800709962563
719,56.87399999995815,5,0,0.26833333333333337,-0.2099999999999999,0.8113938973828931,1.7214151711017178,1.1735287765590745,0.32909642789907223,1.7214151711017178,1.2188003315835483,4.414712377698359e-05,0.015951619880370953
720,56.92499999995803,5,0,0.2666666666666667,-0.2099999999999999,0.8116791991236306,1.689622585872808,1.1377757953216519,0.31994251072314506,1.689622585872808,1.181903959967834,5.942457096676799e-05,0.02038309030276356
721,56.97399999995792,5,0,0.265,-0.2099999999999999,0.8119488915845583,1.4666773081971112,1.020290795917401,0.2893491112954526,1.4666773081971112,1.0605263864898562,6.669808173791249e-05,0.02312243706509828
722,57.021999999957806,5,0,0.26333333333333336,-0.2099999999999999,0.8122138216328794,1.6460298602145,1.0938219993722353,0.3093968957330661,1.6460298602145,1.1367378789324882,6.179900472550717e-05,0.022482717085047513
723,57.0689999999577,5,0,0.2616666666666667,-0.2099999999999999,0.8124694050121857,1.6356265787973194,1.0751464734081226,0.30494983201628406,1.6356265787973194,1.1175573091920983,6.571570880532565e-05,0.02377482425977077
724,57.11599999995759,5,0,0.26,-0.2099999999999999,0.8127185344736004,1.4969451023270761,0.9931725037537886,0.283418841101434,1.4969451023270761,1.0328203433820662,7.523554048017797e-05,0.026535868303859317
725,57.16099999995748,5,0,0.25833333333333336,-0.2099999999999999,0.8129551376890503,1.537053125399011,0.9973017767757181,0.2851726627520751,1.537053125399011,1.0372725203827164,7.681403090050248e-05,0.027214555507094163
726,57.20599999995738,5,0,0.2566666666666667,-0.2099999999999999,0.8131886702325911,1.610801941390851,1.019026630882231,0.2920153850568854,1.610801941390851,1.0600416310490413,7.489743784545978e-05,0.02699333929895004
727,57.249999999957275,5,0,0.255,-0.2099999999999999,0.8134066917463503,1.5568469908664384,0.964462791783908,0.2774739606305784,1.5568469908664384,1.0035837162706605,9.897104635787514e-05,0.03304013311907569
728,57.29399999995717,5,0,0.25333333333333335,-0.2099999999999999,0.8136299752418011,1.2607305741354153,0.8537661788820851,0.2472810665891118,1.2607305741354153,0.888855789257383,7.026327600284796e-05,0.02654839776068034
729,57.335999999957075,5,0,0.2516666666666667,-0.2099999999999999,0.8138344231478511,1.807652271354621,1.0822935832919247,0.31221561532665726,1.807652271354621,1.1264270908002336,6.096591803041527e-05,0.024498183178645275
730,57.378999999956974,5,0,0.25000000000000006,-0.2099999999999999,0.8140456685137352,1.5563047157237024,0.9619925655725092,0.2789975024141301,1.5563047157237024,1.0016333174221497,6.039536759784776e-05,0.023879094337422583
731,57.41999999995688,5,0,0.24833333333333335,-0.2099999999999999,0.8142306632117793,1.7749051654345624,1.0388733028746504,0.3022049099661197,1.7749051654345624,1.0819360179942783,7.082390099026946e-05,0.026906875048783356
732,57.46099999995678,5,0,0.2466666666666667,-0.2099999999999999,0.8144211989331678,1.359648125787852,0.8542393002960251,0.2497573622669576,1.359648125787852,0.8900019787488065,6.876069602598222e-05,0.026255168916453575
733,57.50199999995669,5,0,0.24500000000000005,-0.2099999999999999,0.8146038953171021,1.5957833185846049,0.9300830504445271,0.2736675979097008,1.5957833185846049,0.9695093784331653,7.409187694425096e-05,0.02748569348001069
734,57.541999999956595,5,0,0.24333333333333337,-0.2099999999999999,0.8147714601499989,1.4717100586055927,0.8593569400663008,0.2542893378118243,1.4717100586055927,0.8961905030543963,8.891413504485518e-05,0.03139059511137343
735,57.5819999999565,5,0,0.2416666666666667,-0.2099999999999999,0.8149418832726136,1.7054981100354718,0.9601733224581641,0.28485069470492724,1.7054981100354718,1.001535185320131,6.778986767214988e-05,0.02654613565330444
736,57.62199999995641,5,0,0.24000000000000005,-0.2099999999999999,0.8150958848118618,1.3211420008047663,0.7678495528954634,0.22945181210393645,1.3211420008047663,0.8013994446963033,9.981583446861718e-05,0.03437017533300599
737,57.66099999995632,5,0,0.23833333333333337,-0.2099999999999999,0.8152510828644524,1.776138969451104,0.9782496440979768,0.29263535383730727,1.776138969451104,1.0210816894319985,5.7803549303029795e-05,0.024795973692710117
738,57.69899999995623,5,0,0.2366666666666667,-0.2099999999999999,0.8153948132974723,1.5277085066549392,0.8464573146655842,0.25505544617768505,1.5277085066549392,0.8840493573187923,7.250914856421093e-05,0.02786531576789271
739,57.73799999995614,5,0,0.23500000000000004,-0.2099999999999999,0.8155351822017238,1.1163926622651719,0.698609610033836,0.20862947060207745,1.1163926622651719,0.7290964567430921,6.499258928163048e-05,0.026216116558543064
740,57.77599999995605,5,0,0.23333333333333336,-0.2099999999999999,0.8156588074923365,1.6109004014078998,0.8544364073274503,0.26043981695149826,1.6109004014078998,0.8932471508045075,8.237592596889701e-05,0.03063537356352442
741,57.81399999995596,5,0,0.2316666666666667,-0.2099999999999999,0.815780041233186,1.355724483308666,0.7243801188585361,0.22257618878851176,1.355724483308666,0.7578038772750679,0.00010336067160694967,0.035589272785780265
742,57.85199999995587,5,0,0.23000000000000004,-0.2099999999999999,0.8159063484695583,1.7388155683780984,0.9096175387023364,0.27974439417089403,1.7388155683780984,0.9516622262047271,5.0413470792265564e-05,0.023243091305373206
743,57.888999999955786,5,0,0.22833333333333336,-0.2099999999999999,0.8160097657826928,1.3917222015174238,0.7245682208125,0.225241657108172,1.3917222015174238,0.7587706575166354,9.175869982602821e-05,0.03288189330442407
744,57.9259999999557,5,0,0.22666666666666668,-0.2099999999999999,0.8161173857702368,1.310491855669355,0.6915254504447016,0.21552599785525467,1.310491855669355,0.7243334207146945,8.335928504353378e-05,0.030605799838701906
745,57.96299999995561,5,0,0.22500000000000003,-0.2099999999999999,0.8162161809869894,1.2851200151290654,0.6721444508970286,0.21052919234501652,1.2851200151290654,0.7043441656613002,8.547005031785003e-05,0.030926922331647153
746,57.99999999995553,5,0,0.22333333333333336,-0.2099999999999999,0.8163090510960809,1.109408110686839,0.6033397738143395,0.18855031580731346,1.109408110686839,0.6321155782429159,8.508313922039872e-05,0.03077785260707239
747,58.03699999995544,5,0,0.22166666666666668,-0.2099999999999999,0.8163983232319298,0.9299359741073174,0.555830846479945,0.17118434442222907,0.9299359741073174,0.5815943686744917,6.473308987251609e-05,0.026012634697349057
748,58.07299999995536,5,0,0.22000000000000003,-0.2099999999999999,0.8164629950844665,1.202805141195048,0.5950787869538324,0.19152941182997915,1.202805141195048,0.6251418065354312,0.00010623550539394694,0.03627753145946461
749,58.10899999995527,5,0,0.21833333333333338,-0.2099999999999999,0.8165435260772079,1.560808322149441,0.7526251563055568,0.24291242422058923,1.560808322149441,0.7908546464077247,6.095563789386543e-05,0.0254395530887378
750,58.14599999995519,5,0,0.2166666666666667,-0.2099999999999999,0.8166067197688329,0.8190003079227423,0.45111512763238726,0.1438522451179381,0.8190003079227423,0.47349585721973997,9.726743744338089e-05,0.033779101403493904
751,58.1819999999551,5,0,0.21500000000000002,-0.2099999999999999,0.8166649315076562,1.3552521099493784,0.637320702914834,0.20970140251165015,1.3552521099493784,0.6709339435288777,8.28622474814565e-05,0.0305436621505514
752,58.21799999995502,5,0,0.21333333333333337,-0.2099999999999999,0.8167250497022375,0.7985624723603048,0.4691882896884265,0.1472966452911544,0.7985624723603048,0.49176615671961305,5.992557466800591e-05,0.024743496619512046
753,58.253999999954935,5,0,0.2116666666666667,-0.2099999999999999,0.8167637119072305,1.3567999144564244,0.621013038620841,0.20750501136319055,1.3567999144564244,0.6547637160670465,8.159275508539673e-05,0.02990870769479873
754,58.288999999954854,5,0,0.21000000000000002,-0.2099999999999999,0.8168144260507941,1.1013817062350593,0.5746207808525854,0.1859997326852536,1.1013817062350593,0.6039742894748259,3.6690677566571944e-05,0.018987658621021256
755,58.32499999995477,5,0,0.20833333333333337,-0.2099999999999999,0.8168416655808906,0.6551354331395524,0.37046575684001565,0.11952891617143743,0.6551354331395524,0.3892711635764511,8.211536847493411e-05,0.029610501594378478
756,58.360999999954686,5,0,0.2066666666666667,-0.2099999999999999,0.8168621580783809,1.1442978095233114,0.5035697267141034,0.17334107701845103,1.1442978095233114,0.5325688675137079,0.00010106524013063366,0.034277130632165066
757,58.395999999954604,5,0,0.20500000000000002,-0.2099999999999999,0.8168963651433497,1.1436167289572408,0.5524284283956831,0.18498200331609307,1.1436167289572408,0.5825766130309038,4.298224633880589e-05,0.020236984486536814
758,58.43199999995452,5,0,0.20333333333333337,-0.2099999999999999,0.8169020114720853,0.8489809470266021,0.39240103458544356,0.13520528968916876,0.8489809470266021,0.41504101279711925,9.495603476589003e-05,0.03230410561295615
759,58.46699999995444,5,0,0.2016666666666667,-0.2099999999999999,0.8169050988989066,1.1755078359211468,0.4939879323207095,0.17500500237378866,1.1755078359211468,0.524071396027621,9.724040709459257e-05,0.033056352755802
760,58.502999999954355,5,0,0.2,-0.2099999999999999,0.8169196184888174,1.4232350953664374,0.60768098319198,0.21510375427258535,1.4232350953664374,0.6446284219884602,4.2468720657690906e-05,0.01989293850952627
761,58.53899999995427,5,0,0.19833333333333336,-0.2099999999999999,0.8169221540366387,0.8119364733772986,0.4234248306200567,0.14107780400436976,0.8119364733772986,0.44630878768888144,3.492480548286331e-05,0.017715772289634554
762,58.57399999995419,5,0,0.19666666666666668,-0.2099999999999999,0.8169009192950569,0.707737173271708,0.3226066493104432,0.11394395391082525,0.707737173271708,0.34213780091089546,9.004342792310268e-05,0.030615619450289528
763,58.609999999954105,5,0,0.195,-0.2099999999999999,0.8168813037884834,1.0773058429532347,0.4304504722784061,0.15915633521694802,1.0773058429532347,0.45893174669485703,8.869847177360983e-05,0.030287708790167994
764,58.644999999954024,5,0,0.19333333333333336,-0.2099999999999999,0.8168662346846468,1.3004819475495255,0.5244743338417274,0.19397374170660098,1.3004819475495255,0.5591950816400149,5.111760595432449e-05,0.02125470990436056
765,58.68099999995394,5,0,0.1916666666666667,-0.2099999999999999,0.8168462376152554,0.9754178152850979,0.45286702239250015,0.15940966549990487,0.9754178152850979,0.48010413602201013,1.99539599788066e-05,0.013573582611691181
766,58.716999999953856,5,0,0.19000000000000003,-0.2099999999999999,0.8168110538688055,0.49264211510069567,0.2755951397448493,0.09193492276286627,0.49264211510069567,0.29052488890695266,4.386204825540265e-05,0.01874518764401314
767,58.75299999995377,5,0,0.18833333333333335,-0.2099999999999999,0.8167591068141842,0.5031572629213957,0.22566878017057815,0.08171610593607928,0.5031572629213957,0.24000816717985507,8.873438463315186e-05,0.02926019850225815
768,58.78799999995369,5,0,0.1866666666666667,-0.2099999999999999,0.8167086854701062,0.632415469821087,0.24652939254637696,0.09452607029299422,0.632415469821087,0.26403014857080565,9.867125263773081e-05,0.03160404254766456
769,58.82399999995361,5,0,0.18500000000000003,-0.2099999999999999,0.8166533965840295,0.5884593845168148,0.2178131789404084,0.08458336410619251,0.5884593845168148,0.23365985192935285,0.00010856255991980862,0.033798182092517386
770,58.86099999995352,5,0,0.18333333333333335,-0.2099999999999999,0.8165933003073902,0.5868691463417592,0.21648921952100417,0.08521867088066647,0.5868691463417592,0.2326581269491373,0.00010009832194781333,0.031706370536694076
771,58.89699999995344,5,0,0.1816666666666667,-0.2099999999999999,0.8165273711794646,0.5799655404042853,0.2102865586071343,0.0838743820679325,0.5799655404042853,0.22639644144312263,9.7256956995427e-05,0.030839838129445386
772,58.93299999995335,5,0,0.18000000000000002,-0.2099999999999999,0.8164566216079587,0.4840651290385373,0.17671135022217063,0.06984197818191001,0.4840651290385373,0.19001263961564513,9.589663452936798e-05,0.030163071767780873
773,58.96899999995327,5,0,0.17833333333333334,-0.2099999999999999,0.8163803358803852,0.39932694767289495,0.15518048024842793,0.05969825912808514,0.39932694767289495,0.16626744598103602,8.68687068492586e-05,0.0277471814046972
774,59.00599999995318,5,0,0.1766666666666667,-0.2099999999999999,0.816297152740054,0.2862420323813152,0.12416134339432348,0.04585325652915135,0.2862420323813152,0.1323576984078043,8.099143361699734e-05,0.025882106191086718
775,59.042999999953096,5,0,0.17500000000000002,-0.2099999999999999,0.8162080747989701,0.17946115451642441,0.10464824928090251,0.035506262731830183,0.17946115451642441,0.11050769552723315,6.981659841793297e-05,0.022872351198892835
776,59.07999999995301,5,0,0.17333333333333334,-0.2099999999999999,0.8161079947886365,0.17376989135154233,0.09959050990210426,0.03400829001835477,0.17376989135154233,0.10523703460537862,7.054824011169914e-05,0.02284541796425338
777,59.116999999952924,5,0,0.1716666666666667,-0.2099999999999999,0.8160051574170021,0.17266758935254817,0.09861465183726803,0.03385115767932719,0.17266758935254817,0.10426289096901287,6.312518068877508e-05,0.0207728778976263
778,59.15399999995284,5,0,0.17,-0.2099999999999999,0.8159053031629762,0.21415326853806083,0.12252975553140884,0.04237295150723536,0.21415326853806083,0.12964955846442877,3.374427461160255e-05,0.013248356314516228
779,59.19199999995275,5,0,0.16833333333333336,-0.2099999999999999,0.8157955450907497,0.3255501668969834,0.17673393694463865,0.06273192674292848,0.3255501668969834,0.18753714059042187,4.598181000074955e-06,0.004052733696401029
780,59.22999999995266,5,0,0.16666666666666669,-0.2099999999999999,0.815666425318732,0.6122856915907077,0.27465260354360743,0.10587219814751027,0.6122856915907077,0.2943517877877892,2.4937050918538688e-05,0.000792421687186842
781,59.26799999995257,5,0,0.165,-0.2099999999999999,0.8155244835860658,1.197981228908718,0.39654083580871496,0.18004442257644168,1.197981228908718,0.4355004346321121,1.0483681350101815e-05,0.0030035022468640816
782,59.30699999995248,5,0,0.16333333333333336,-0.2099999999999999,0.8153650202770607,0.9410761463684544,0.28065452894886567,0.13459236696802773,0.9410761463684544,0.3112588470478645,5.730750446423366e-05,0.019027111852160872
783,59.34499999995239,5,0,0.16166666666666668,-0.2099999999999999,0.8152226649870145,0.5642894251589203,0.14464682310037894,0.07445852557756408,0.5642894251589203,0.16268612560454282,8.814694015422043e-05,0.025679208687220602
784,59.3849999999523,5,0,0.16000000000000003,-0.2099999999999999,0.8150849816388689,0.0843282852763063,0.040876553257157604,0.014925075495628591,0.0843282852763063,0.04351609454828702,6.58819375149847e-05,0.019417010575507737
785,59.42399999995221,5,0,0.15833333333333335,-0.2099999999999999,0.8149461637635896,0.19985374440491271,0.10967419721489083,0.039753425669347996,0.19985374440491271,0.1166566088448449,3.2833649415718052e-06,0.0036651026024911845
786,59.463999999952115,5,0,0.15666666666666668,-0.2099999999999999,0.8147793374139474,0.5153739056170699,0.22523423584123206,0.09120468994709592,0.5153739056170699,0.24299949889522332,4.082970610166436e-05,0.005825389962846185
787,59.50399999995202,5,0,0.15500000000000003,-0.2099999999999999,0.8145827716124823,1.0291603554726754,0.3011505858255822,0.15372341472653697,1.0291603554726754,0.3381161983376103,1.0372718994777862e-05,0.006758965387725737
788,59.544999999951926,5,0,0.15333333333333335,-0.2099999999999999,0.8143877389538937,0.5686810771927998,0.12831826990553674,0.07513375517591843,0.5686810771927998,0.1486965351256882,8.486128375504915e-05,0.02395847304400583
789,59.58599999995183,5,0,0.15166666666666667,-0.2099999999999999,0.8142255865476509,0.06582452975081017,0.028913512894666746,0.0111402220774705,0.06582452975081017,0.0309854123071716,4.8965435159193804e-05,0.01422778245442384
790,59.62799999995173,5,0,0.15000000000000002,-0.2099999999999999,0.8140448819196691,0.1499848262642773,0.07939758308368215,0.029758217718170683,0.1499848262642773,0.08479108279348871,5.011677910978814e-06,0.0015525453738584561
791,59.669999999951635,5,0,0.14833333333333334,-0.2099999999999999,0.813847430620813,0.37972233797852145,0.1672909595026515,0.06960574238638595,0.37972233797852145,0.18119388649862805,4.483922812565076e-05,0.008198379910576578
792,59.712999999951535,5,0,0.14666666666666667,-0.2099999999999999,0.8136140195345203,1.0006015661045566,0.27450212815023284,0.15316031386679618,1.0006015661045566,0.3143397844733981,1.2555798806358017e-05,0.0005630480155138609
793,59.755999999951435,5,0,0.14500000000000002,-0.2099999999999999,0.8133818596539208,0.5863181902223584,0.12374483624044999,0.08090865447984126,0.5863181902223584,0.14784787744811936,6.300353443890443e-05,0.017630789229486063
794,59.79999999995133,5,0,0.14333333333333334,-0.2099999999999999,0.8131762803655,0.038190435795775156,0.00987592807887604,0.004747973393380895,0.038190435795775156,0.0109579745739523,5.0955080428061396e-05,0.013581565305386656
795,59.84499999995123,5,0,0.1416666666666667,-0.2099999999999999,0.8129703351182371,0.11940009278425043,0.06098878032613594,0.023678145032086883,0.11940009278425043,0.06542389378377143,2.2104193974108572e-05,0.004589482697242991
796,59.88999999995112,5,0,0.14,-0.2099999999999999,0.8127231430641354,0.5722702927720644,0.20115855231879204,0.09907327825688628,0.5722702927720644,0.2242326417709041,6.192955852791394e-05,0.013187336038419794
797,59.93699999995101,5,0,0.13833333333333334,-0.2099999999999999,0.8124353354851196,0.7204617822974122,0.15694981043617007,0.10633765807776896,0.7204617822974122,0.18958096033466604,3.4696647665084705e-05,0.010050291806476097
798,59.9839999999509,5,0,0.1366666666666667,-0.2099999999999999,0.8121958556565365,0.022310393920321404,-0.0012601170520306606,0.000994595602667293,0.022310393920321404,0.0016053396518069187,5.220164604756012e-05,0.01274795881386818
799,60.03199999995079,5,0,0.135,-0.2099999999999999,0.8119610752052407,0.07704272668102512,0.03546569714932947,0.014417185617413432,0.07704272668102512,0.038284081749663385,1.4488402484585398e-05,0.003962706911063775
800,60.08099999995068,5,0,0.13333333333333336,-0.2099999999999999,0.8116947328267433,0.27938692959640005,0.1176226146124827,0.05337023864377437,0.27938692959640005,0.1291644759257361,6.580214782479676e-05,0.015878184291636357
801,60.13199999995056,5,0,0.13166666666666668,-0.2099999999999999,0.811377244695681,0.8999481325217383,0.20883010594560658,0.14312621504194947,0.8999481325217383,0.25317015341759314,2.76989048455299e-05,0.005921661197512555
802,60.18399999995044,5,0,0.13,-0.2099999999999999,0.8110713836634229,0.3306209450832841,0.03870779389216642,0.0410557864353479,0.3306209450832841,0.05642580001934694,5.786979574690546e-05,0.013606883118221764
803,60.236999999950314,5,0,0.12833333333333335,-0.2099999999999999,0.8108023386055518,0.02780578035834179,0.002899228403060678,0.0025508623673612756,0.02780578035834179,0.0038616608020816305,2.0037816226245052e-05,0.0033873783082178682
804,60.291999999950185,5,0,0.12666666666666668,-0.2099999999999999,0.810510680362186,0.07324730720372571,0.03087751680232223,0.013391674435022845,0.07324730720372571,0.03365647022566888,2.7166662239543734e-05,0.008437267396762076
805,60.347999999950055,5,0,0.125,-0.2099999999999999,0.810202569560043,0.21999605751064938,0.09072276614414979,0.04291166458381958,0.21999605751064938,0.10035951003368004,7.461770491113972e-05,0.01962189070034017
806,60.40599999994992,5,0,0.12333333333333335,-0.2099999999999999,0.8098589310011871,0.736149778762303,0.18653986622165294,0.12649746930558084,0.736149778762303,0.2253857391910778,7.796903883242157e-05,0.019763397750791795
807,60.46699999994978,5,0,0.12166666666666667,-0.2099999999999999,0.8094944384704228,0.8010106170057621,0.1565825868799732,0.12972149665719163,0.8010106170057621,0.2033366007609209,2.1963910804081064e-05,0.00636344204628593
808,60.52999999994963,5,0,0.12,-0.2099999999999999,0.809137504020979,0.6116474406633007,0.09274680965149404,0.09206483161119808,0.6116474406633007,0.13068245452289579,2.0769509470122703e-05,0.0035830127421112366
809,60.59599999994948,5,0,0.11833333333333335,-0.2099999999999999,0.8087808768444696,0.4722942703527568,0.05100116602581224,0.06459695259127,0.4722942703527568,0.08230361608138034,3.434556900844375e-05,0.006123906995096456
810,60.664999999949316,5,0,0.11666666666666667,-0.2099999999999999,0.8084192154453822,0.2772280639320069,0.010179762252336032,0.03196157251504132,0.2772280639320069,0.03354354896471646,4.3046170399531807e-05,0.007462081094949658
811,60.737999999949146,5,0,0.11500000000000002,-0.2099999999999999,0.8080451605846429,0.21303228511073927,-0.00019644696059346203,0.02454903546320317,0.21303228511073927,0.02454982145723128,4.081552039247522e-05,0.006487977107716554
812,60.815999999948964,5,0,0.11333333333333334,-0.2099999999999999,0.807647007315384,0.5172298517018468,0.04362393610041058,0.0705991144848391,0.5172298517018468,0.08298965457776122,3.082224891065577e-05,0.004452049274604639
813,60.89899999994877,5,0,0.11166666666666666,-0.2099999999999999,0.8072494662575656,0.7527953074443363,0.11041199043373123,0.12159162787975072,0.7527953074443363,0.1642416865536461,5.176177516347654e-06,0.004093232452003441
814,60.98899999994856,5,0,0.11000000000000001,-0.2099999999999999,0.8068771382623058,0.9615692332334385,0.17745138270824287,0.16940767543855043,0.9615692332334385,0.24533233321875964,8.969881720629944e-05,0.02474771856217876
815,61.08799999994833,5,0,0.10833333333333334,-0.2099999999999999,0.8064789558355429,0.10722812779076887,0.033247705183571896,0.018615361717210607,0.10722812779076887,0.038104351350420645,4.708524568763248e-05,0.016650790972638312
816,61.19999999994807,5,0,0.10666666666666669,-0.2099999999999999,0.8059796555649963,0.8112549326310028,0.09568371089412848,0.12503761600703137,0.8112549326310028,0.1574476990851025,5.263189883416914e-06,0.003685153918456097
817,61.329999999947766,5,0,0.10500000000000001,-0.2099999999999999,0.8055706590233513,0.06921103372273386,0.013335664393856238,0.009699886340389255,0.06921103372273386,0.016490231649132013,8.162215386782751e-06,0.00721087473698128
818,61.48999999994739,5,0,0.10333333333333333,-0.2099999999999999,0.8051022422396829,0.2580426190185768,0.0032622753786967365,0.0445962422331592,0.2580426190185768,0.044715402961005096,8.075257731907754e-06,0.006608683952882159
819,61.71099999994688,5,0,0.10166666666666668,-0.2099999999999999,0.8046533086987155,0.5970714991058834,0.11153155266867684,0.10631519678630713,0.5970714991058834,0.15408506841481118,7.082441949279328e-05,0.020599116461874394
820,62.49699999994505,5,0,0.1,-0.2099999999999999,0.8041133534679326,0.9988623469179948,-0.2720643811947477,0.23685089768129391,0.9988623469179948,0.3607178610040203,0.00012015795285324084,0.042169842843251974
821,62.71299999994454,5,1,0.1,-0.2089999999999999,0.8039547934636397,0.54967842976113,-0.16337387742880569,-0.1513865551430392,0.54967842976113,0.2227305836749836,5.6655922304333145e-05,0.03230070190967154
822,62.776999999944394,5,1,0.1,-0.2079999999999999,0.8037197845629137,0.7789812039319571,-0.2025550385679111,-0.15397401704535849,0.7789812039319571,0.25443376657655387,0.00010175457777995078,0.017721448639925457
823,62.82499999994428,5,1,0.1,-0.2069999999999999,0.8034966136110985,0.20736865641520455,-0.07022301924275903,-0.07380683972185803,0.20736865641520455,0.10187601298292423,0.0001558234357029341,0.03971357333036935
824,62.86599999994419,5,1,0.1,-0.2059999999999999,0.8032603363113835,0.18020659341102546,-0.0611085148641892,-0.06245740514855323,0.18020659341102546,0.08737950587407414,0.00018087219744908396,0.05304037777331073
825,62.9019999999441,5,1,0.1,-0.2049999999999999,0.8030106794513652,0.47691308941809024,-0.1127681492853135,-0.06459313545125857,0.47691308941809024,0.12995741087240614,0.00021814387144094004,0.06734291333062938
826,62.93599999994402,5,1,0.1,-0.2039999999999999,0.8027777147834311,0.014161718889269136,-0.003045892459939326,-0.008516737922735593,0.014161718889269136,0.009045014412485909,0.00021706657661129858,0.07014952802543518
827,62.96799999994395,5,1,0.1,-0.2029999999999999,0.8025208542522516,0.0008168117481853035,0.0016329085029371214,-0.0023247204189039104,0.0008168117481853035,0.0028409004215271473,0.00021880047225837185,0.07322181905652245
828,62.99899999994388,5,1,0.1,-0.2019999999999999,0.8022694286109804,0.0,0.00029225769124185827,-0.00275769444077865,-8.915593037287188e-05,0.0027731377871990947,0.0001916978598629214,0.06811143342488277
829,63.02899999994381,5,1,0.1,-0.2009999999999999,0.8020267699071815,0.0,-0.00020177881031460768,-0.0020938996579175826,-1.0845559735963248e-05,0.0021035994071399024,0.00015901246522506451,0.060235559244137704
830,63.05899999994374,5,1,0.1,-0.1999999999999999,0.8017839716112879,7.844156258764935e-05,-0.00024752133447116583,-0.0007300635083738415,7.844156258764935e-05,0.0007708823109123136,0.0001276144935880426,0.05160359556150969
831,63.08799999994367,5,1,0.1,-0.1989999999999999,0.8015486243158779,0.00010884379172956414,-0.00019505126349902733,0.000802560126775163,0.00010884379172956414,0.0008259223646820158,0.0001000060641968415,0.04324327683870838
832,63.1179999999436,5,1,0.1,-0.1979999999999999,0.801304351665127,0.00010758592415965175,-0.00014090657314704054,0.0024126364898510197,0.00010758592415965175,0.0024167477101502944,7.416370725746207e-05,0.03482899185653842
833,63.14899999994353,5,1,0.1,-0.1969999999999999,0.8010511209653718,9.300922066089101e-05,-0.00010152405743631257,0.0040209908772487635,9.300922066089101e-05,0.004022272339008898,4.989274169526527e-05,0.026481655327375005
834,63.18099999994345,5,1,0.1,-0.1959999999999999,0.8007889833918421,7.583382430287286e-05,-7.534396597945017e-05,0.005578748219793538,7.583382430287286e-05,0.005579256976789928,2.701803523149442e-05,0.018279806962272018
835,63.21499999994337,5,1,0.1,-0.1949999999999999,0.8005097960442197,6.0595169042451496e-05,-5.8383517793122486e-05,0.0070841095036899985,6.0595169042451496e-05,0.007084350082782531,5.834857715270395e-06,0.010073575505516333
836,63.25099999994329,5,1,0.1,-0.1939999999999999,0.8002135834174735,4.938910985291721e-05,-4.8531593995696705e-05,0.00847097962768599,4.938910985291721e-05,0.008471118649168292,1.8034181937306126e-05,0.0023887308363895834
837,63.291999999943194,5,1,0.1,-0.1929999999999999,0.7998756065090611,4.232031708507224e-05,-4.409445641953825e-05,0.009737482718097792,4.232031708507224e-05,0.009737582554532725,4.0176986593721775e-05,0.007031422093643121
838,63.33999999994308,5,1,0.1,-0.1919999999999999,0.7994791830754958,3.9928125758584896e-05,-4.4886655127342264e-05,0.010712492994900603,3.9928125758584896e-05,0.010712587034773768,6.275997021516403e-05,0.0158309158565085
839,63.40399999994293,5,1,0.1,-0.1909999999999999,0.7989496808801945,0.12470291238252561,-0.015516001232054358,0.025671919722436955,0.12470291238252561,0.02999656241085568,8.629177265549861e-05,0.02546889850300189
840,63.61199999994245,5,1,0.1,-0.1899999999999999,0.7985903427358181,1.0088490112439057,-0.24526663090475898,0.10978541370366796,1.0088490112439057,0.2687164998608325,0.0001177539111505755,0.045997029121261565
841,64.40699999994348,6,0,0.10166666666666667,-0.1899999999999999,0.7991240077999189,1.2786547465383444,-1.2172076145057174,0.5448173256359926,1.2786547465383444,1.33357425557179,0.00010931026193686256,0.04147594361090002
842,64.62799999994454,6,0,0.10333333333333333,-0.1899999999999999,0.7996766024937523,1.4198229348178224,-1.327731444843525,0.585632524220397,1.4198229348178224,1.4511499726255135,4.264823157441121e-05,0.018976253217140786
843,64.7869999999453,6,0,0.10500000000000001,-0.1899999999999999,0.800204500514176,1.4730079813696646,-1.3491947151358115,0.5948900827685748,1.4730079813696646,1.4745238519355341,1.428885987994688e-05,0.007790653938937331
844,64.91699999994592,6,0,0.10666666666666667,-0.1899999999999999,0.8007169715548813,1.5532563276865952,-1.3956493657532396,0.6157651991687305,1.5532563276865952,1.52545204206318,6.45057474217366e-06,0.003880030884484049
845,65.02899999994645,6,0,0.10833333333333334,-0.1899999999999999,0.8012126971118173,1.321011198660076,-1.23927653104889,0.5162704396746416,1.321011198660076,1.3425131236939245,4.898633432647399e-06,0.0021154785331212395
846,65.12799999994692,6,0,0.11000000000000001,-0.1899999999999999,0.8016820424537268,1.7137786406434228,-1.465058627226111,0.6549821170491356,1.7137786406434228,1.6048047715731109,3.633027145405011e-05,0.010091661373267755
847,65.21799999994735,6,0,0.11166666666666668,-0.1899999999999999,0.8021475565857105,1.6601010119048256,-1.3650991954191354,0.614575115530574,1.6601010119048256,1.4970632538284376,6.28189777991873e-05,0.017894324188242064
848,65.30199999994775,6,0,0.11333333333333334,-0.1899999999999999,0.802606712840808,1.5655934446453026,-1.250130950770361,0.5557254334919882,1.5655934446453026,1.3680855790131936,5.601529802808359e-05,0.01602694162023409
849,65.37899999994812,6,0,0.115,-0.1899999999999999,0.8030297462919674,2.0088944794068,-1.6625769518567888,0.7374637130868443,2.0088944794068,1.818794889195933,2.686703732563566e-05,0.0026738809690731082
850,65.45199999994847,6,0,0.11666666666666667,-0.1899999999999999,0.803458863745736,1.8429676557820134,-1.465622737136879,0.6600286507620319,1.8429676557820134,1.6073854010284359,3.79629000250946e-05,0.0129257361800444
851,65.5209999999488,6,0,0.11833333333333335,-0.1899999999999999,0.8038784795254691,1.2573338882180747,-1.0031430665085355,0.4181865022437461,1.2573338882180747,1.0868191949643724,5.970585269744263e-05,0.01821046634892325
852,65.58699999994911,6,0,0.12000000000000001,-0.1899999999999999,0.8042671778648222,1.8743104752209456,-1.4284992282154114,0.6525041720609701,1.8743104752209456,1.5704686369262515,7.934506092724818e-05,0.025100787773947683
853,65.64999999994942,6,0,0.12166666666666667,-0.1899999999999999,0.8046605132613842,1.3246458192693784,-1.1590389667401932,0.45686007962352143,1.3246458192693784,1.245830028043868,1.4622100735608677e-05,0.002348411180641882
854,65.7109999999497,6,0,0.12333333333333335,-0.1899999999999999,0.8050359326460436,1.796724085472532,-1.3087026549547947,0.6030200553053046,1.796724085472532,1.4409496265262507,9.249679503572514e-05,0.028651901022848814
855,65.76899999994998,6,0,0.125,-0.1899999999999999,0.8053967594863833,2.1596794166308055,-1.6271744467752285,0.7325599150502856,2.1596794166308055,1.784472109442104,1.2994890971171419e-05,0.0031763665573647576
856,65.82599999995026,6,0,0.12666666666666668,-0.1899999999999999,0.8057655829397253,0.9871536109529417,-0.758326473919785,0.3069628604084643,0.9871536109529417,0.8180985507368662,0.00010709262155651491,0.03250856600951349
857,65.87999999995051,6,0,0.12833333333333335,-0.1899999999999999,0.8061064969961994,1.1041585529241755,-0.7356823229286296,0.3301489355290533,1.1041585529241755,0.8063664178899264,0.00015575036391856262,0.04615488925468673
858,65.93399999995077,6,0,0.13,-0.1899999999999999,0.8064451778911765,0.9370708506292733,-0.6472514682991308,0.2784076009560821,0.9370708506292733,0.7045887137085732,0.0001504279244948687,0.04645720668157747
859,65.98499999995101,6,0,0.13166666666666668,-0.1899999999999999,0.8067588137396821,0.6063305647933958,-0.5212850481864442,0.18052335981118692,0.6063305647933958,0.551658213842831,0.0001012533430951351,0.035221048772209884
860,66.03599999995126,6,0,0.13333333333333336,-0.1899999999999999,0.8070705814888495,0.5005633291782775,-0.47649194063518396,0.14745184513228365,0.5005633291782775,0.49878514023895965,7.51178717266853e-05,0.028611451502671116
861,66.08499999995149,6,0,0.135,-0.1899999999999999,0.8073706900872879,0.6339057436521729,-0.579208102771475,0.18937527890307948,0.6339057436521729,0.6093808518289286,2.963515001545659e-05,0.016565914106606933
862,66.13299999995172,6,0,0.1366666666666667,-0.1899999999999999,0.8076518665773376,1.2840485487713422,-1.0223740399146048,0.40084524076646877,1.2840485487713422,1.0981464312815656,4.1921430031839776e-05,0.000424097480506571
863,66.18099999995195,6,0,0.13833333333333336,-0.1899999999999999,0.8079327886641422,2.0487424162639924,-1.4390175598814654,0.6430610431889021,2.0487424162639924,1.576165931275767,4.244743086923944e-05,0.0006374717717441613
864,66.22699999995217,6,0,0.14,-0.1899999999999999,0.8081928344542559,2.1946492929426626,-1.4444419479224713,0.6853678451655919,2.1946492929426626,1.5987938028729627,3.553104793124779e-05,0.02040992565109246
865,66.27199999995238,6,0,0.14166666666666666,-0.1899999999999999,0.8084555876567331,1.9542567292636077,-1.1998679410703035,0.603870945437701,1.9542567292636077,1.3432584244113686,0.000127867816722286,0.042887632446594534
866,66.3169999999526,6,0,0.14333333333333334,-0.1899999999999999,0.8087210619249745,1.6660471226828193,-0.8918979197793666,0.4924673181047347,1.6660471226828193,1.0188257744619693,0.00018707048182240742,0.056574905518177815
867,66.36099999995281,6,0,0.14500000000000002,-0.1899999999999999,0.8089840910242106,0.3873732410994734,-0.26460567746619684,0.09998122918961262,0.3873732410994734,0.28286465091561164,0.0001487632312933541,0.045615758387894334
868,66.40499999995302,6,0,0.14666666666666667,-0.1899999999999999,0.8092234962566303,0.9332799232614134,-0.7407878041277526,0.2712262633929177,0.9332799232614134,0.7888791141223742,5.250297818453445e-05,0.0031191956543358884
869,66.44699999995322,6,0,0.14833333333333334,-0.1899999999999999,0.8094141829939372,2.0898088877701797,-1.250071030566326,0.6353725243993822,2.0898088877701797,1.4022752319793714,0.00010982382125620275,0.0402499748957196
870,66.48999999995343,6,0,0.15000000000000002,-0.1899999999999999,0.8096685187679717,1.1939899151923226,-0.48872515860166255,0.30734864485933433,1.1939899151923226,0.5773347990092832,0.00021699544431983005,0.06354853985516408
871,66.53099999995362,6,0,0.15166666666666667,-0.1899999999999999,0.8098843854280697,0.7642764826468281,-0.6115474197316312,0.21348192924221665,0.7642764826468281,0.6477382038241952,6.360279808175123e-05,0.006048685258002785
872,66.57199999995382,6,0,0.15333333333333335,-0.1899999999999999,0.8100514480295494,2.1227083321097644,-1.2317872875122136,0.6284974419488109,2.1227083321097644,1.3828625948419082,8.106099460222958e-05,0.03191575505030527
873,66.61299999995401,6,0,0.15500000000000003,-0.1899999999999999,0.8102887770871634,0.10434778741910242,-0.06347528564537501,0.019772023803582995,0.10434778741910242,0.06648341757950928,0.0001781429124738758,0.05112019873095244
874,66.6529999999542,6,0,0.15666666666666668,-0.1899999999999999,0.8104556887663525,1.823365040761057,-1.201256982592306,0.5262920145777974,1.823365040761057,1.3114883235603465,0.00012712673370344934,0.021830635682713047
875,66.6929999999544,6,0,0.15833333333333335,-0.1899999999999999,0.8106254635781299,1.6711354588542444,-0.7918509242854989,0.47557362205063214,1.6711354588542444,0.9236872610803704,0.00019480075713276088,0.05686144630922397
876,66.73299999995459,6,0,0.16000000000000003,-0.1899999999999999,0.8108423804719238,0.4192336089804713,-0.34600257802936935,0.10506271734749127,0.4192336089804713,0.36160193387122347,4.957935197505358e-05,0.0073264118512607465
877,66.77199999995477,6,0,0.16166666666666668,-0.1899999999999999,0.8109477539506318,2.0962593318313636,-1.1122166525074144,0.6073195078997579,2.0962593318313636,1.2672264465321117,0.00012628846382071486,0.040968543482844844
878,66.81099999995496,6,0,0.16333333333333336,-0.1899999999999999,0.8111754280076261,0.2591990383823781,-0.2114689012164358,0.05881322127274248,0.2591990383823781,0.21949508235530757,1.8846008968069453e-05,0.002394223616999452
879,66.84899999995514,6,0,0.16500000000000004,-0.1899999999999999,0.8112505684156707,2.111328285581789,-1.0835497061124295,0.6103980339397802,2.111328285581789,1.243650162004525,0.0001464528611776323,0.04540511628849778
880,66.88699999995532,6,0,0.16666666666666669,-0.1899999999999999,0.8114685012368767,0.43270705621625993,-0.3496467238016219,0.10550021561716821,0.43270705621625993,0.3652165480375672,0.00012196169748941266,0.028905324997351763
881,66.9249999999555,6,0,0.16833333333333333,-0.1899999999999999,0.8115427056870471,1.5823301320765197,-0.6744564040377531,0.4362581383321434,1.5823301320765197,0.8032512709037966,0.0002535159563797138,0.06915854674494669
882,66.96299999995568,6,0,0.17,-0.1899999999999999,0.811703211136803,1.6703901258005274,-1.106924038642574,0.4561985431088654,1.6703901258005274,1.197245980598573,0.00030039847314194425,0.07089114459441856
883,66.99999999995586,6,0,0.1716666666666667,-0.1899999999999999,0.8118523455911323,0.04632018674997024,0.016569743351315353,0.007357028136023749,0.04632018674997024,0.0181295961820087,0.0002259808537996117,0.05565150091675572
884,67.03699999995604,6,0,0.17333333333333334,-0.1899999999999999,0.8118687665394236,3.0670494770133145,-1.6115810748550508,0.8692012576234482,3.0670494770133145,1.8310391549841702,3.458753333018088e-05,0.007037727374315761
885,67.07399999995621,6,0,0.17500000000000002,-0.1899999999999999,0.8120951601917802,0.33926147568575815,-0.26182587642293065,0.07766916050724036,0.33926147568575815,0.27310307222463687,0.00015785126170420857,0.04464613581151601
886,67.11099999995639,6,0,0.1766666666666667,-0.1899999999999999,0.8121374676737521,0.3232501637046148,-0.05536134911287819,0.07126521971435165,0.3232501637046148,0.09024195541173072,0.00033235344010129153,0.08386560154069106
887,67.14799999995657,6,0,0.17833333333333334,-0.1899999999999999,0.8121645290954286,3.9072553717754777,-2.0428777573448977,1.0849879060379581,3.9072553717754777,2.313125220930149,0.00020934001103604496,0.0445359395013517
888,67.18399999995674,6,0,0.18000000000000002,-0.1899999999999999,0.8123972211404702,0.278623006519695,-0.19931531585013518,0.061315851561843306,0.278623006519695,0.2085335195722576,0.0001551684853365275,0.04951351989403673
889,67.22099999995692,6,0,0.1816666666666667,-0.1899999999999999,0.8124275241754688,0.028820757003357178,0.03727007257313217,0.004178673792948301,0.028820757003357178,0.0375035948180226,0.0003576631483619436,0.08746555024162085
890,67.25699999995709,6,0,0.18333333333333335,-0.1899999999999999,0.8123775375577482,3.90000837997641,-1.8824916869159771,1.0951341255991212,3.90000837997641,2.177864482551546,5.054867962365703e-05,0.008114135479959029
891,67.29299999995726,6,0,0.18500000000000003,-0.1899999999999999,0.8125760393816767,1.1155696719874688,-0.7688530895360008,0.2875760994593427,1.1155696719874688,0.8208745862001718,0.00048344821186329653,0.13045847213564055
892,67.32899999995743,6,0,0.1866666666666667,-0.1899999999999999,0.812696339472446,0.0411846805184589,0.03978290729709687,0.006823788384482134,0.0411846805184589,0.04036389229157164,0.00026268097806996676,0.053832255023600444
893,67.3649999999576,6,0,0.18833333333333335,-0.1899999999999999,0.8125764331978487,2.110233431156111,-0.8271883232124445,0.538194163062893,2.110233431156111,0.9868604152634675,0.0003448021785958611,0.09432063452918156
894,67.39999999995777,6,0,0.19000000000000003,-0.1899999999999999,0.8126175968252127,5.423124534358808,-2.6583925136234745,1.4550492364965417,5.423124534358808,3.0305476464029573,0.0004259519240688339,0.09960001345613263
895,67.43599999995794,6,0,0.1916666666666667,-0.1899999999999999,0.8128346876599456,0.28568902321072426,-0.17692281479767744,0.06375354629451835,0.28568902321072426,0.18805902547088924,0.00018528704917131038,0.06465122468345826
896,67.47199999995811,6,0,0.19333333333333336,-0.1899999999999999,0.8128508437828948,0.028669976147603814,0.04423613784059244,0.003751803418485598,0.028669976147603814,0.04439495376664846,0.0003911692146686241,0.0910002728674519
897,67.50699999995828,6,0,0.195,-0.1899999999999999,0.8126877873891141,3.048569526587673,-1.1992075984027952,0.7599390553853645,3.048569526587673,1.4197204767020162,0.0002820710571911356,0.08400036916567082
898,67.54299999995845,6,0,0.19666666666666668,-0.1899999999999999,0.8127495364729284,6.185983321943806,-2.941204704401402,1.6185267669302164,6.185983321943806,3.3571288340578347,0.0005637047964873659,0.13560761260644816
899,67.57899999995863,6,0,0.19833333333333336,-0.1899999999999999,0.8129405560563829,0.2024308186686246,-0.0953012054042285,0.04369615782601383,0.2024308186686246,0.10484118446610026,9.587908142432156e-05,0.043742262939572917
900,67.61399999995879,6,0,0.2,-0.1899999999999999,0.8129173081011101,0.0271182479151263,0.043248150061519636,0.0028154565660516847,0.0271182479151263,0.04333969634664096,0.0004129232707953532,0.09783589021728849
901,67.64999999995896,6,0,0.2016666666666667,-0.1899999999999999,0.8127183923280177,2.89294853468298,-1.1334950477375425,0.7089216594363976,2.89294853468298,1.3369296699765436,0.00030139414571041993,0.09101084321973231
902,67.68499999995913,6,0,0.20333333333333337,-0.1899999999999999,0.8127553398965521,6.246942163425111,-2.8576454087032825,1.6083007807057885,6.246942163425111,3.2791414551833227,0.00050000948056449,0.1162960120850108
903,67.7209999999593,6,0,0.20500000000000002,-0.1899999999999999,0.8129241015762252,0.22849297313370162,-0.11024023776621777,0.05111069805501396,0.22849297313370162,0.12151219477247144,0.00010489503923050776,0.042415489370623935
904,67.75699999995948,6,0,0.2066666666666667,-0.1899999999999999,0.812880017539678,0.02686213167891726,0.04079945246093804,0.0021683789798124325,0.02686213167891726,0.040857033525605296,0.0003951573070629895,0.0958114480805629
905,67.79199999995964,6,0,0.20833333333333337,-0.1899999999999999,0.8126531565712918,2.0597182569714443,-0.7881831570729415,0.49732314505393777,2.0597182569714443,0.931967273942497,0.00035353321301334536,0.10485542767691373
906,67.82799999995981,6,0,0.21000000000000002,-0.1899999999999999,0.8126459667695665,6.091489936133914,-2.6717225139538745,1.5532390324330558,6.091489936133914,3.090413027969172,0.0004068791166055342,0.08938084927945088
907,67.86399999995999,6,0,0.2116666666666667,-0.1899999999999999,0.812784113020237,0.25189786540345693,-0.12328784992523262,0.05825010266238396,0.25189786540345693,0.13635603543431787,0.00011297271713221737,0.0396671435835109
908,67.89999999996016,6,0,0.21333333333333337,-0.1899999999999999,0.8127140060013818,0.027001383283775743,0.03727657763005131,0.0012578939635570633,0.027001383283775743,0.037297795337429725,0.00035019456284576014,0.08663366737326612
909,67.93599999996033,6,0,0.21500000000000002,-0.1899999999999999,0.8124640976662498,1.9297788946263084,-0.7170620373947558,0.46659860102509604,1.9297788946263084,0.8555069958517552,0.000324080265634548,0.09743822675600088
910,67.9719999999605,6,0,0.2166666666666667,-0.1899999999999999,0.8124443022444497,5.94404558482307,-2.500911526551544,1.5146572855874587,5.94404558482307,2.923823721844657,0.0003697832181452313,0.08071517269020868
911,68.00799999996067,6,0,0.21833333333333338,-0.1899999999999999,0.8125315507351172,0.1588889035188296,-0.0566113091259812,0.03393423069516698,0.1588889035188296,0.06600282065056172,1.8741874489242866e-05,0.011534542211713105
912,68.04399999996085,6,0,0.22000000000000003,-0.1899999999999999,0.8123939982332266,0.021779787966164397,0.028751956380237576,-0.0004562054884031685,0.021779787966164397,0.028755575444402662,0.00031201131607712216,0.08176097460268757
913,68.08099999996102,6,0,0.22166666666666668,-0.1899999999999999,0.8121576864914462,3.248095329910836,-1.2525485244410015,0.8205997182507487,3.248095329910836,1.4974183462454767,0.0001471802542506281,0.053025923319337843
914,68.1169999999612,6,0,0.22333333333333336,-0.1899999999999999,0.8121884925315918,1.4935544821382933,-0.7399603584071036,0.4001113593126357,1.4935544821382933,0.8412077221857717,0.00028864069619521514,0.06796082285007696
915,68.15399999996137,6,0,0.22500000000000003,-0.1899999999999999,0.8121514652366479,0.04204589159613242,0.02077384989969609,0.002017913067969558,0.04204589159613242,0.02087162698030476,0.00016429866812685896,0.04177114613929009
916,68.19099999996155,6,0,0.2266666666666667,-0.1899999999999999,0.8118943995253874,1.0567703064143266,-0.3483056814255561,0.2524659436798783,1.0567703064143266,0.43018124137564673,0.00025790258130677616,0.0759248943357366
917,68.22799999996172,6,0,0.22833333333333336,-0.1899999999999999,0.811831854579146,3.0307089875128215,-1.2599403853917543,0.7926262387035641,3.0307089875128215,1.488524816394568,0.00021679722577814953,0.04553314161883722
918,68.2659999999619,6,0,0.23000000000000004,-0.1899999999999999,0.8117905605105569,0.05653089935713822,0.0037910459702781172,0.005436022709161456,0.05653089935713822,0.006627395600330571,0.00010166245692852716,0.028136886312630505
919,68.30299999996208,6,0,0.2316666666666667,-0.1899999999999999,0.8115350355237532,1.0611562882014114,-0.34024651430113423,0.2536658976323689,1.0611562882014114,0.42439848976605393,0.00020291618266311487,0.06079135188130564
920,68.34099999996226,6,0,0.23333333333333336,-0.1899999999999999,0.8114653922016644,1.3315998292136288,-0.5876347887466953,0.3646746103969126,1.3315998292136288,0.6915939678839841,0.00014275265708595642,0.02944787426065759
921,68.37899999996245,6,0,0.23500000000000004,-0.1899999999999999,0.8113520700396376,0.035837693854319466,0.010649956024780855,0.00018634127583097736,0.035837693854319466,0.010651586097893795,0.00011577682373984982,0.03333830104378202
922,68.41799999996263,6,0,0.2366666666666667,-0.1899999999999999,0.8111039156062622,2.9247634030860636,-1.0125219412202138,0.7398018468134544,2.9247634030860636,1.2539965924997356,5.3747044450883965e-05,0.022919364208795347
923,68.45699999996282,6,0,0.23833333333333337,-0.1899999999999999,0.8110434298218147,0.14406606082429807,-0.05536244391115011,0.03402260739610267,0.14406606082429807,0.06498105885444298,1.1786549519146013e-05,0.0072945819853824905
924,68.495999999963,6,0,0.24000000000000002,-0.1899999999999999,0.8107886159263316,1.042813894379395,-0.3192871655705604,0.25007965301989554,1.042813894379395,0.4055664272996889,0.00012278929485944873,0.03792356148345369
925,68.53499999996319,6,0,0.2416666666666667,-0.1899999999999999,0.8106896108365662,0.3286091319852759,-0.14170585956016457,0.09310595730463506,0.3286091319852759,0.16955609667392563,2.4696609680335923e-05,0.0030998222694824562
926,68.57499999996338,6,0,0.24333333333333337,-0.1899999999999999,0.8104490778956228,0.2998448316810835,-0.07272670033034953,0.061773170780361986,0.2998448316810835,0.09542063492348093,0.00010362293079179742,0.03182753570978767
927,68.61499999996357,6,0,0.24500000000000002,-0.1899999999999999,0.8103171045651306,0.2921884792845273,-0.11979544953300797,0.084010254336185,0.2921884792845273,0.14631702758888301,1.4874774791470916e-05,0.002235202354631429
928,68.65599999996377,6,0,0.2466666666666667,-0.1899999999999999,0.8100605759839548,0.8429078785544358,-0.24407928045028277,0.20032744247376294,0.8429078785544358,0.3157622196419429,7.969390854845264e-05,0.025297387367227052
929,68.69699999996396,6,0,0.24833333333333338,-0.1899999999999999,0.8099122582402343,0.12416538205490721,-0.0431468365359594,0.032399247235472335,0.12416538205490721,0.05395702664608256,1.4063901813759979e-05,0.007200658494773286
930,68.73899999996416,6,0,0.25,-0.1899999999999999,0.8096463139076314,2.164020603761155,-0.6642991987839696,0.5481536078098521,2.164020603761155,0.861258267455228,1.549853316793498e-05,0.008587061654785134
931,68.78099999996437,6,0,0.2516666666666667,-0.1899999999999999,0.8094604836079058,0.03519585200309789,-0.003291076630056384,0.00403862500108973,0.03519585200309789,0.005209767488509474,3.751380276464581e-05,0.012715637231471183
932,68.82399999996457,6,0,0.2533333333333334,-0.1899999999999999,0.8092314621756833,0.31798260780899884,-0.11367872462729188,0.09536139831071222,0.31798260780899884,0.14838008195395352,1.0350019268284126e-05,0.0010126993489285117
933,68.86699999996478,6,0,0.255,-0.1899999999999999,0.8089588897423612,1.231287284800028,-0.34961396008028617,0.3044264239071355,1.231287284800028,0.46357886994114267,3.162503364434507e-05,0.011177448053065003
934,68.91099999996499,6,0,0.2566666666666667,-0.1899999999999999,0.8087449390478463,0.034566426839176594,-0.004268859163610778,0.005142467866806333,0.034566426839176594,0.006683422350852846,2.3675301591315865e-05,0.008078758365777991
935,68.9559999999652,6,0,0.25833333333333336,-0.1899999999999999,0.8084952997390479,0.17499997484008384,-0.05651639968683767,0.05328229384282047,0.17499997484008384,0.07767307300934506,8.278599783187144e-06,0.0010461360856396991
936,69.00099999996542,6,0,0.26,-0.1899999999999999,0.808208009563578,1.354100047068416,-0.385408156163017,0.35554682855405384,1.354100047068416,0.5243596038329251,1.1996705178269438e-05,0.0015866610867054402
937,69.04799999996564,6,0,0.2616666666666667,-0.1899999999999999,0.8079363819845472,0.013273054654644583,0.00205392023874394,-0.0007152408683121131,0.013273054654644583,0.0021748926058143257,2.6703955696066577e-05,0.008004691251759916
938,69.09499999996586,6,0,0.26333333333333336,-0.1899999999999999,0.8076738168361316,0.047768959771792935,-0.009105704958208317,0.011362250554268712,0.047768959771792935,0.014560721151231458,1.1988030904984934e-05,0.003648074303385576
939,69.1429999999661,6,0,0.265,-0.1899999999999999,0.807383002997501,0.1404086079947012,-0.039258614472817546,0.04411247797250022,0.1404086079947012,0.059052091607322735,1.19081076696442e-05,0.0030349566982565304
940,69.19299999996633,6,0,0.2666666666666667,-0.1899999999999999,0.8070688228663802,0.27218917149692745,-0.07641826740549894,0.08422544201937332,0.27218917149692745,0.11372632358700935,1.465409247239222e-05,0.0037816418679341556
941,69.24299999996657,6,0,0.26833333333333337,-0.1899999999999999,0.8067568851480187,0.4179506227842402,-0.11285928261491654,0.12433732661647758,0.4179506227842402,0.16791958927560008,1.6766257986254462e-05,0.004482837889815012
942,69.29499999996682,6,0,0.27,-0.1899999999999999,0.8064298452320009,0.5765341641815489,-0.14905591252952363,0.1647041942402836,0.5765341641815489,0.22213765250481526,1.70581576720977e-05,0.0048404609426424714
943,69.34799999996707,6,0,0.2716666666666667,-0.1899999999999999,0.8060978647911573,0.5124008384945288,-0.12867035832963497,0.14646013705476857,0.5124008384945288,0.19495289907764454,1.6265734290515427e-05,0.004985404930690357
944,69.40299999996734,6,0,0.2733333333333334,-0.1899999999999999,0.8057630722109261,0.220441643404518,-0.05339618294394282,0.06968431353276514,0.220441643404518,0.08778983942071955,1.6627026352423714e-05,0.005268397597275745
945,69.4589999999676,6,0,0.275,-0.1899999999999999,0.8054159160049112,0.09023004013693278,-0.01812906651566282,0.029004545723760503,0.09023004013693278,0.03420419163452106,1.5916084180174345e-05,0.005356001706810911
946,69.51799999996788,6,0,0.2766666666666667,-0.1899999999999999,0.8050391486247853,0.028365263072253805,-0.00202810326929883,0.006305092095278171,0.028365263072253805,0.006623246122625965,2.0376815129467548e-05,0.006455382030989382
947,69.57799999996817,6,0,0.2783333333333334,-0.1899999999999999,0.8046630116506285,0.6259303877176676,-0.1386716562492465,0.1734022484480685,0.6259303877176676,0.22203190764787584,1.77737957748631e-05,0.00606455407139222
948,69.64099999996847,6,0,0.28,-0.1899999999999999,0.8042789778994832,0.05075618519302391,-0.006547565891078246,0.015198137294941318,0.05075618519302391,0.016548534567565113,1.9744450401298566e-05,0.006539980798421803
949,69.70699999996879,6,0,0.28166666666666673,-0.1899999999999999,0.803886906448792,0.10705399904668277,-0.0179282361249029,0.03534265314632487,0.10705399904668277,0.039629847110122705,1.7226426661016475e-05,0.006115068845599303
950,69.77599999996912,6,0,0.2833333333333334,-0.1899999999999999,0.8034739386736307,0.1959449185195747,-0.035847442798485105,0.06367458093186604,0.1959449185195747,0.07307182365343991,1.74779972123551e-05,0.00624835756839009
951,69.84899999996946,6,0,0.28500000000000003,-0.1899999999999999,0.803044541322728,0.09438403044437561,-0.013377092625099833,0.030827474882873216,0.09438403044437561,0.033604758811136844,1.8890814760224187e-05,0.006535958305336729
952,69.92699999996984,6,0,0.28666666666666674,-0.1899999999999999,0.8026099007585004,0.18742095614133455,-0.029943025170474844,0.06160322014221949,0.18742095614133455,0.06849482818615174,1.6973406157086074e-05,0.006199967722601593
953,70.00999999997023,6,0,0.2883333333333334,-0.1899999999999999,0.8021572346126593,0.47169141713130885,-0.08228645514502052,0.140838905550657,0.47169141713130885,0.1631154744867585,1.7178795988240836e-05,0.006272137946890886
954,70.09999999997066,6,0,0.29000000000000004,-0.1899999999999999,0.8016904799187361,0.5556919900515652,-0.09433570606753323,0.1515476685772664,0.5556919900515652,0.1785102834305772,1.7470667529713146e-05,0.006188177628478526
955,70.19899999997114,6,0,0.29166666666666674,-0.1899999999999999,0.8012146459202341,0.2011930983126373,-0.02586983497472129,0.06657398846209554,0.2011930983126373,0.07142369565746752,1.6099158494801826e-05,0.005863382600797506
956,70.31099999997167,6,0,0.29333333333333333,-0.1899999999999999,0.8007196217869236,0.5315316289061371,-0.07907337400773481,0.15860352314986378,0.5315316289061371,0.17722210932193672,1.5081751457665084e-05,0.005700035314944145
957,70.44099999997229,6,0,0.29500000000000004,-0.1899999999999999,0.8002092595915367,0.7355047895997509,-0.10721153020145978,0.21411706773621406,0.7355047895997509,0.2394586204422238,1.4325798523459411e-05,0.005483911141258673
958,70.60099999997306,6,0,0.29666666666666675,-0.1899999999999999,0.7996825934620522,0.6351197031145015,-0.08230733188610423,0.1964453341273467,0.6351197031145015,0.21299123499011452,1.4009353605998448e-05,0.0053887675128961405
959,70.82199999997411,6,0,0.29833333333333334,-0.1899999999999999,0.7991403977225201,0.8006639325729931,-0.09952137815126136,0.2436606966540682,0.8006639325729931,0.26320151937835046,1.209750915191747e-05,0.004810887354373504
960,71.60799999997786,6,0,0.30000000000000004,-0.1899999999999999,0.7985181900006559,0.9962332342583685,0.3381160742748679,0.3135357308664475,0.9962332342583685,0.46111509866084993,0.00013367885159094718,0.04797168640033682
