index,row_id,phase,x,y,z_reconstructed,nx,ny,nz,fit_rms_m,fit_weight,measurement_quality
0,0,0,0.1,-0.31,0.7987149279607129,-0.28500045493687,-0.2954967812957426,0.9118423070518461,5.66146983915463e-05,35.354272855365814,0.9978286116125551
1,0,0,0.10166666666666667,-0.31,0.799242500126778,-0.27925551845271956,-0.2946115576377192,0.9139039257602407,5.475038926634247e-05,34.39309384512654,0.8096476292406726
2,0,0,0.10333333333333333,-0.31,0.7997495962617065,-0.27400427457094145,-0.29345145947148904,0.9158645633776346,5.473244612890453e-05,35.0669421361335,0.6891468028622422
3,0,0,0.10500000000000001,-0.31,0.8002454623239527,-0.2687494662699104,-0.29229355911871063,0.9177898450502464,5.475844983558961e-05,35.73643019087727,0.5926348073410145
4,0,0,0.10666666666666667,-0.31,0.8007319854740369,-0.26328897169086324,-0.2912433829940805,0.9197044140636333,5.407133034778377e-05,36.22069868065904,0.5410481606031837
5,0,0,0.10833333333333334,-0.31,0.8012066447789382,-0.2579877620710015,-0.2900444270680941,0.9215837156484142,5.383506394078413e-05,36.70296952215101,0.4912323524100278
6,0,0,0.11000000000000001,-0.31,0.80167018911019,-0.25270090906600545,-0.288853412766607,0.9234207905880712,5.35014522026039e-05,37.059232199010935,0.4400399016251167
7,0,0,0.11166666666666668,-0.31,0.8021226629919634,-0.2474002606590988,-0.28767240148894535,0.925223054429251,5.341588537201881e-05,37.567032973038536,0.5299502038458674
8,0,0,0.11333333333333334,-0.31,0.8025626234121447,-0.24224648874433616,-0.28670563502284574,0.9268853853293766,5.249574413470268e-05,38.04414225789959,0.4577565280155215
9,0,0,0.115,-0.31,0.802994106099886,-0.23693509342858657,-0.2855145322085381,0.9286243661458203,5.2310539331245577e-05,38.40282389616774,0.3963056480611148
10,0,0,0.11666666666666667,-0.31,0.803414791923122,-0.23162076049431435,-0.28433596169213,0.9303251497173702,5.226514435095819e-05,38.81682685960425,0.46974986248897765
11,0,0,0.11833333333333335,-0.31,0.8038240928383467,-0.22634850084027902,-0.2834468296548123,0.9318928323181771,5.1499531084184316e-05,38.951690148835986,0.35224769562184305
12,0,0,0.12000000000000001,-0.31,0.8042239134779425,-0.22101760366744325,-0.28225743254558266,0.933531981584925,5.1461793009406494e-05,39.28710975473194,0.38011028697724714
13,0,0,0.12166666666666667,-0.31,0.8046080158126275,-0.21539692730828713,-0.2810552562316683,0.9352069859933145,5.271514811729946e-05,40.29679799738375,0.3626421217941285
14,0,0,0.12333333333333335,-0.31,0.8049845029673716,-0.2099873325515109,-0.2794924684517024,0.9369040934090722,5.3747465860893345e-05,40.910174178263404,0.3724845430092112
15,0,0,0.125,-0.31,0.8053488925244597,-0.20457704242225438,-0.27810449358174494,0.938512719340236,5.5228992973870386e-05,41.5532529640801,0.3822724337170741
16,0,0,0.12666666666666668,-0.31,0.8057021565955461,-0.19926877010255736,-0.27669717362201657,0.940069482204056,5.6492706321359853e-05,41.873753821829,0.3961694804023559
17,0,0,0.12833333333333335,-0.31,0.8060451758990423,-0.1940983501800184,-0.27544201638299964,0.941518733785081,5.898731647169134e-05,42.66080888680143,0.5477017127915754
18,0,0,0.13,-0.31,0.8063775726422172,-0.1888818048565407,-0.2743880693797831,0.9428864465969224,6.028434153042237e-05,43.40632653212212,0.34179048689229197
19,0,0,0.13166666666666668,-0.31,0.8067017078564399,-0.18376755406588047,-0.2732298178224927,0.9442324675234014,6.163942279415121e-05,44.037039850118134,0.5269999964644134
20,0,0,0.13333333333333336,-0.31,0.8070158340098227,-0.17867509585983676,-0.27209402297124935,0.9455369124380071,6.350471449866053e-05,44.4995338205897,0.3962075696410583
21,0,0,0.135,-0.31,0.8073192278414618,-0.1735120602245637,-0.2708380795747719,0.9468581201050539,6.495614407369052e-05,45.11299632651909,0.2947005595449075
22,0,0,0.1366666666666667,-0.31,0.8076131347674582,-0.16843031408834255,-0.2697793814384067,0.9480771670316784,6.62226602236844e-05,45.805420592802164,0.29978803328073084
23,0,0,0.13833333333333336,-0.31,0.8078967559225143,-0.16325408197346836,-0.2685106723907635,0.9493419423638989,6.744362267627828e-05,46.9818614563179,0.4242900178325389
24,0,0,0.14,-0.31,0.8081709483733398,-0.15813088242963536,-0.2675753103063977,0.9504725547518244,6.628415410154053e-05,47.32320777074395,0.4817097427701999
25,0,0,0.14166666666666666,-0.31,0.8084378292418208,-0.15326940033864278,-0.2665771191600967,0.9515488061366776,6.7602226813276e-05,47.760138164760214,0.6537485133606528
26,0,0,0.14333333333333334,-0.31,0.8086971907764828,-0.1484020751273685,-0.26555059280630644,0.9526067954608083,6.701991300864627e-05,47.97054592398377,0.4537240752020387
27,0,0,0.14500000000000002,-0.31,0.8089456586636751,-0.14299257094471785,-0.2637348459625286,0.9539376581725565,6.154945988607938e-05,48.37809837276646,0.4202026077150524
28,0,0,0.14666666666666667,-0.31,0.8091853071531113,-0.13782280844194997,-0.26240280014662654,0.9550652563821926,5.628625764907186e-05,48.87382335609423,0.39715316505416376
29,0,0,0.14833333333333334,-0.31,0.8094162075258277,-0.13266381110698963,-0.2608775100481931,0.9562129668508076,5.148846500623899e-05,49.60317858061621,0.3529053662780015
30,0,0,0.15000000000000002,-0.31,0.809639085062921,-0.1275497493496289,-0.259303641912702,0.9573362432978582,4.718912990108884e-05,50.27796468199587,0.5652585718308395
31,0,0,0.15166666666666667,-0.31,0.8098542133788776,-0.12261263191210614,-0.2580943411233836,0.9583075986214827,4.2885218978941e-05,50.57268793016368,0.4416620107352422
32,0,0,0.15333333333333335,-0.31,0.8100601029944737,-0.11786480697309316,-0.25702001921583206,0.9591916372651966,4.071978013164092e-05,51.42621568006781,0.4140434006787781
33,0,0,0.15500000000000003,-0.31,0.8102580116651891,-0.11308652215058018,-0.2558535861116097,0.9600783202331545,3.814593899735036e-05,52.12056465539163,0.5728484516127228
34,0,0,0.15666666666666668,-0.31,0.8104477163972491,-0.1084177202158153,-0.2548913445219816,0.9608725203849787,3.566783698664243e-05,52.676081441101175,0.5954649399327895
35,0,0,0.15833333333333335,-0.31,0.8106291359384712,-0.10382763603022493,-0.25394867624517303,0.9616287702797267,3.449551524055635e-05,53.293851653555905,0.5801404419021419
36,0,0,0.16000000000000003,-0.31,0.8108033698224424,-0.09928411456904443,-0.2530823323274265,0.9623367381836521,3.273873378302028e-05,53.833880963257,0.4884831128387332
37,0,0,0.16166666666666668,-0.31,0.8109688193689,-0.09489608837593572,-0.2525211549078701,0.9629266839873856,3.195294029093218e-05,54.955275186764275,0.5292177023254707
38,0,0,0.16333333333333336,-0.31,0.8111270640579845,-0.0904430514430529,-0.2516834048549551,0.963574344908729,3.1307861195802486e-05,56.11545239144563,0.5982608856260797
39,0,0,0.16500000000000004,-0.31,0.8112781837754229,-0.08604369072044006,-0.25096941492350217,0.9641632828832263,3.0032625806064965e-05,57.181030234671915,0.6193722814763205
40,0,0,0.16666666666666669,-0.31,0.8114220797028614,-0.08170238770817591,-0.25038061318818833,0.9646938728852225,2.8446574123175536e-05,57.75443783018708,0.6373703264194339
41,0,0,0.16833333333333333,-0.31,0.8115576494417249,-0.0774598866135023,-0.2499199451310851,0.9651631918963232,2.8207592210467527e-05,58.76944418224817,0.6111432004494386
42,0,0,0.17,-0.31,0.8116870806446806,-0.07309680364901872,-0.24922144381220013,0.9656839696507648,2.6457113147071754e-05,59.165082973019764,0.8146281275356798
43,0,0,0.1716666666666667,-0.31,0.8118089640374068,-0.06885122993195547,-0.24869776929184,0.9661309060816342,2.5289128822165345e-05,60.00401762343235,0.4841116580301374
44,0,0,0.17333333333333334,-0.31,0.8119230146137572,-0.06458353184776111,-0.24820508136431452,0.9665522256965753,2.420046588019031e-05,60.87902962229802,0.7486163219362612
45,0,0,0.17500000000000002,-0.31,0.8120301769723093,-0.06039690152038432,-0.24778682658865644,0.9669301437311073,2.348436880494794e-05,61.45410195655768,0.6927434148982446
46,0,0,0.1766666666666667,-0.31,0.8121303047761751,-0.05617484838767255,-0.24728651981751004,0.9673126503489792,2.2242781809479624e-05,62.35313932421585,0.5365036008823962
47,0,0,0.17833333333333334,-0.31,0.8122223381503203,-0.05212022037910901,-0.2470541663106848,0.9675989466386193,2.2417248014137394e-05,63.65444659395219,0.8334708757281676
48,0,0,0.18000000000000002,-0.31,0.8123086971808506,-0.04799506106708076,-0.24660792794873984,0.9679261356043632,2.189802866704328e-05,63.9325396099599,0.806382797331072
49,0,0,0.1816666666666667,-0.31,0.8123879971506002,-0.04396143495396225,-0.2463450020085507,0.9681846581216808,2.1328076371943352e-05,64.45320911711599,0.7725661528685042
50,0,0,0.18333333333333335,-0.31,0.8124597268791115,-0.03989799874069195,-0.24609796204746467,0.9684234315487067,2.0975075965675585e-05,65.00970642968335,0.8701928362031669
51,0,0,0.18500000000000003,-0.31,0.8125252265754197,-0.03584319511945872,-0.24580060579316743,0.968657487224117,2.0583779153484752e-05,65.56197310387466,0.906713653549146
52,0,0,0.1866666666666667,-0.31,0.81258344198523,-0.03177971150590628,-0.24557036709365165,0.9688577009768208,1.9776129075798364e-05,65.69257287457012,0.9582296459697212
53,0,0,0.18833333333333335,-0.31,0.812634725981574,-0.02776244427885187,-0.24539001439850916,0.9690268249750176,1.9207286566491752e-05,66.00787372752727,0.958462219563397
54,0,0,0.19000000000000003,-0.31,0.8126787854747507,-0.023749536898217145,-0.24526254592244104,0.9691657459200478,1.9128950812046054e-05,66.62434225716868,0.8615728036621986
55,0,0,0.1916666666666667,-0.31,0.8127162360619796,-0.019751376575338653,-0.2451679077068844,0.9692794128392533,1.8997311077536324e-05,67.13138818999498,0.9439655572006584
56,0,0,0.19333333333333336,-0.31,0.812746483172637,-0.01575519121256328,-0.24510406120281739,0.9693687498221413,1.9072551382602807e-05,67.7203272442641,0.8428642186864849
57,0,0,0.195,-0.31,0.8127694392664283,-0.01177019485362059,-0.24508483845932383,0.9694301854545663,1.9055213367108554e-05,67.97913071737212,0.8236151292689509
58,0,0,0.19666666666666668,-0.31,0.8127861739108704,-0.007789657017072069,-0.24508445327125228,0.9694704389553545,1.8937572085899847e-05,67.77681994792025,0.9277054111212104
59,0,0,0.19833333333333336,-0.31,0.8127963538771119,-0.003778510828037869,-0.24512980312072333,0.9694829046857494,1.9030997521438015e-05,68.09926728409489,0.9332960705467871
60,0,0,0.2,-0.31,0.812799281347078,0.0001904817391324282,-0.2451264885740187,0.9694910872803724,1.8831313390596192e-05,67.92951461141917,0.9432756266299376
61,0,0,0.2016666666666667,-0.31,0.8127961307378821,0.004187422470176071,-0.24514750566075824,0.9694767485408635,1.873959894079682e-05,67.70567475580843,0.8712948117233765
62,0,0,0.20333333333333337,-0.31,0.8127850052150768,0.008180366910784406,-0.24529005187802325,0.9694152216913461,1.898610843038544e-05,67.68918766310405,0.9527642114477648
63,0,0,0.20500000000000002,-0.31,0.8127679375372597,0.0121606401754418,-0.24532912842110868,0.9693635734741958,1.869808916709313e-05,67.2895177792492,0.9483801838157597
64,0,0,0.2066666666666667,-0.31,0.8127429639259794,0.016162229294510413,-0.24548784372786764,0.969264928141978,1.904744211818156e-05,67.39743725143467,0.873246487200812
65,0,0,0.20833333333333337,-0.31,0.8127121125439839,0.02015533716781993,-0.24560402610327203,0.9691606805610279,1.9272731843280826e-05,66.8650283830107,0.9793197739810992
66,0,0,0.21000000000000002,-0.31,0.8126734512471617,0.02410741331026072,-0.24577931233078978,0.969025986366564,1.9023249729605702e-05,66.2381858080455,0.8484974566750813
67,0,0,0.2116666666666667,-0.31,0.812628663291934,0.028171987626956815,-0.24605919838658694,0.9688452972495128,1.963859288315174e-05,65.84637643305217,0.9825490082458863
68,0,0,0.21333333333333337,-0.31,0.8125770708519364,0.0321889915804113,-0.2463132974534736,0.9686555777564246,1.9630570817021123e-05,65.30423751228152,0.7595896447609857
69,0,0,0.21500000000000002,-0.31,0.8125181859502425,0.03619900054801785,-0.24658674750499127,0.968444427065505,1.9793739102084133e-05,64.73292442751949,0.9345707713978393
70,0,0,0.2166666666666667,-0.31,0.812452150691836,0.04023919444987587,-0.2469739083371863,0.968186291903929,2.0452291278082187e-05,64.67705019808405,0.9224113876767304
71,0,0,0.21833333333333338,-0.31,0.8123790415474098,0.04430495405205533,-0.24742096705838165,0.967894589356889,2.1192587797886895e-05,64.74418600741716,0.7975600189424736
72,0,0,0.22000000000000003,-0.31,0.8122990981070183,0.04833597854931714,-0.24776197700659458,0.9676144045679889,2.1973509427752692e-05,64.41258857101418,0.8514318019027763
73,0,0,0.22166666666666668,-0.31,0.8122125665010258,0.05242478478928822,-0.2481793852354947,0.9672944922224715,2.2626193464278726e-05,63.85159431999234,0.5499641506372803
74,0,0,0.22333333333333336,-0.31,0.8121194530703809,0.05642139322775637,-0.24845549153687405,0.9669987048137185,2.1840817642906273e-05,63.10725174306745,0.8032416934800536
75,0,0,0.22500000000000003,-0.31,0.8120183502869238,0.060708200214252966,-0.249079189445382,0.9665785388740936,2.3865467316279165e-05,62.54929164037593,0.7684708353584497
76,0,0,0.2266666666666667,-0.31,0.8119108978522351,0.06496305481743729,-0.24972457068876258,0.9661353115910316,2.4445288926639355e-05,61.250302234876074,0.5724391114691668
77,0,0,0.22833333333333336,-0.31,0.8117962420025667,0.06913723483428444,-0.25019231916374424,0.9657245187893575,2.499275803864946e-05,60.36296974734954,0.8087332050875822
78,0,0,0.23000000000000004,-0.31,0.811674086602085,0.07335247437327784,-0.2506974215080014,0.9652824547004659,2.5984836050475775e-05,59.47403862546087,0.5076861623355466
79,0,0,0.2316666666666667,-0.31,0.811544807090137,0.07764760487337544,-0.2513361772258996,0.9647802731580385,2.6940847961846833e-05,58.06318688790114,0.468201412294877
80,0,0,0.23333333333333336,-0.31,0.811408671809864,0.08196405310649667,-0.2520122902405809,0.9642467005730704,2.7174854060074806e-05,57.02992645227327,0.6366048690761009
81,0,0,0.23500000000000004,-0.31,0.8112649674468332,0.08627729632228504,-0.2526130973269952,0.9637130543881715,2.8060453202242623e-05,56.50458809762423,0.6899979088378061
82,0,0,0.2366666666666667,-0.31,0.8111133774769085,0.09066150373589192,-0.2532647677712748,0.9631393716104171,2.9783074774045333e-05,55.930751834111774,0.5875535576018917
83,0,0,0.23833333333333337,-0.31,0.8109554635657551,0.09510242668685057,-0.25410741817165267,0.9624889342056921,2.9633104894082365e-05,54.57632237290002,0.4891750760012659
84,0,0,0.24000000000000002,-0.31,0.810788648781028,0.09954826472672128,-0.25482165642730215,0.9618503347223749,3.1322762660241136e-05,53.75660182115723,0.4666307152893839
85,0,0,0.2416666666666667,-0.31,0.8106148295779265,0.10404814241570944,-0.2556363569370165,0.9611576546393472,3.1976521333604725e-05,52.74780114292818,0.649168558830865
86,0,0,0.24333333333333337,-0.31,0.8104324070893686,0.10861053997783736,-0.25648839592712425,0.9604256625894859,3.4612919346210305e-05,51.74893039015715,0.3964105302249584
87,0,0,0.24500000000000002,-0.31,0.8102411935548522,0.11334392965648282,-0.2574556662327118,0.9596195775069915,3.782626158997767e-05,51.64141903553421,0.60715016546277
88,0,0,0.2466666666666667,-0.31,0.8100435972501523,0.1180163959025223,-0.25839304181603745,0.9588040291108683,3.969237193050181e-05,50.51699582848614,0.4572880029182008
89,0,0,0.24833333333333338,-0.31,0.8098384338175136,0.12275691390749262,-0.25950379689911013,0.9579084087128863,4.108162880873089e-05,49.29165861834331,0.3975939619374388
90,0,0,0.25,-0.31,0.8096228461221644,0.1276598056929563,-0.2606455286666555,0.9569570953791587,4.56698958152909e-05,49.10324818591412,0.49616722420749815
91,0,0,0.2516666666666667,-0.31,0.8094004333172528,0.1327076882555725,-0.2620945963516579,0.9558739938093951,4.974442651399332e-05,48.24981046962033,0.5751487869289011
92,0,0,0.2533333333333334,-0.31,0.8091691573144176,0.1378813851096765,-0.2635907137074161,0.9547296262751315,5.540414080098363e-05,47.5783032460217,0.3616560051503183
93,0,0,0.255,-0.31,0.8089281411009522,0.14313811683387578,-0.2650615040892082,0.9535480473259951,6.239813344740716e-05,47.505440271135086,0.5626023022534872
94,0,0,0.2566666666666667,-0.31,0.8086817669536376,0.14846918628319142,-0.26686297288849453,0.9522295177243361,6.695674696220491e-05,46.47100811822634,0.38393408786766514
95,0,0,0.25833333333333336,-0.31,0.8084294197671366,0.15371111750181946,-0.26823299145091034,0.9510120686161863,6.855005953319046e-05,44.5231118430633,0.3721598704246331
96,0,0,0.26,-0.31,0.8081677022330691,0.15883614655476477,-0.2689517579062827,0.9499663312279828,6.70907689840766e-05,43.30816166006724,0.3909826122571537
97,0,0,0.2616666666666667,-0.31,0.8078929814870285,0.1637503468116105,-0.27013214952601383,0.9487963141325607,6.530622125718778e-05,42.01140797599483,0.46876308012021195
98,0,0,0.26333333333333336,-0.31,0.8076063466968395,0.16881017195218273,-0.27129245277351877,0.9475777176113855,6.409575841468246e-05,41.443019755420686,0.42827291106718895
99,0,0,0.265,-0.31,0.8073115165903044,0.17381910679013193,-0.2724160905153345,0.9463489798922075,6.140476674437021e-05,40.09393241371721,0.454990932656589
100,0,0,0.2666666666666667,-0.31,0.8070053091228586,0.17904000440083306,-0.2738535318318784,0.9449597451359271,6.049958864194683e-05,40.13081906205088,0.3722388726165713
101,0,0,0.26833333333333337,-0.31,0.8066914795635397,0.1842061976801527,-0.274880328775906,0.9436677813660219,5.9158979877451354e-05,39.302739956588745,0.3423643441001506
102,0,0,0.27,-0.31,0.8063637272677227,0.18930426376830847,-0.27610079366402507,0.942301569274526,5.916677162273517e-05,38.851859649358545,0.42232903473518835
103,0,0,0.2716666666666667,-0.31,0.8060312264795121,0.1944926245735307,-0.27745963989814015,0.9408447094043171,5.801052553437183e-05,38.63896978243321,0.3629465092818649
104,0,0,0.2733333333333334,-0.31,0.8056844043623836,0.19967628691709213,-0.279080317320063,0.9392782106104326,5.784012454366156e-05,38.96002945578437,0.33516797063656656
105,0,0,0.275,-0.31,0.8053289708882241,0.2049639957106557,-0.28024719570521167,0.9377906321571394,5.711398540184692e-05,39.078393175350456,0.44021435827293315
106,0,0,0.2766666666666667,-0.31,0.8049661949979363,0.21024701201266333,-0.2814664606086542,0.9362546798239162,5.50194057524147e-05,39.179598239895896,0.36846270439245843
107,0,0,0.2783333333333334,-0.31,0.8045915284837062,0.21568606100618087,-0.2827508203728937,0.9346290690247622,5.4938363158581794e-05,39.57420586851501,0.4132180511762553
108,0,0,0.28,-0.31,0.8042050140337996,0.22104370113506516,-0.28397138380946857,0.9330058603062723,5.549407633798458e-05,39.478617810917754,0.4480600931458272
109,0,0,0.28166666666666673,-0.31,0.8038063834031896,0.2265327997757371,-0.28513562132027287,0.9313326838890966,5.547924426723428e-05,39.272351979353886,0.4433848242342973
110,0,0,0.2833333333333334,-0.31,0.8033977216433559,0.2318806124258869,-0.28632248859622833,0.9296509098070405,5.5107268232254414e-05,38.96022748390148,0.4381795194205892
111,0,0,0.28500000000000003,-0.31,0.8029772829721403,0.23746117839783817,-0.28749951136016116,0.9278772654406287,5.4997764721262546e-05,38.722435795297784,0.41996602226571417
112,0,0,0.28666666666666674,-0.31,0.8025450766756009,0.24289465832443904,-0.2887674963078002,0.9260753306473392,5.543777436321562e-05,38.4204821237076,0.3751368290933561
113,0,0,0.2883333333333334,-0.31,0.8021033266093065,0.24840693232633934,-0.28984678754405,0.924274221063539,5.4878154038307384e-05,37.91369504048177,0.4736745512227753
114,0,0,0.29000000000000004,-0.31,0.8016514233024563,0.254122358295105,-0.29092255562861474,0.9223805579266348,5.322136471312144e-05,37.01449953338026,0.47293900310227477
115,0,0,0.29166666666666674,-0.31,0.8011869399485307,0.2595072016320936,-0.29221569175144,0.9204705328229185,5.157637270085533e-05,36.298761156740284,0.5185698486860854
116,0,0,0.29333333333333333,-0.31,0.8007097374724413,0.26507482391822307,-0.2933971983332401,0.918506081490443,5.1789010461003207e-05,35.76246380267346,0.5738020380008216
117,0,0,0.29500000000000004,-0.31,0.8002227380337832,0.2708065322476325,-0.29436272203899205,0.9165230002382957,5.020583311002107e-05,34.87911957245679,0.7290437639176917
118,0,0,0.29666666666666675,-0.31,0.7997229980178846,0.2763176394294191,-0.2954368247770078,0.9145302863797531,5.0177190764291466e-05,34.33080832804381,0.7448110742470365
119,0,0,0.29833333333333334,-0.31,0.7992109369588762,0.28193432686501785,-0.2964750688789288,0.9124777086967131,4.996395337977485e-05,33.76483236497464,0.8177290133336765
120,0,0,0.30000000000000004,-0.31,0.798688498922903,0.28747081062460594,-0.29744016297904874,0.91043389792221,4.979495296301268e-05,33.03563955386774,0.9464136025104712
121,0,1,0.30000000000000004,-0.309,0.7990131238927537,0.28697091554310045,-0.29271999052729586,0.9121198938615769,4.9696040064344854e-05,33.39659709436536,0.10388076094885525
122,0,1,0.30000000000000004,-0.308,0.7993311849558675,0.2866219768427474,-0.2878646847905881,0.9137733666731434,4.951911009871289e-05,33.66412126864155,0.04404413974460806
123,0,1,0.30000000000000004,-0.307,0.7996441914326378,0.2860948551766927,-0.28310398346843346,0.9154244198106867,4.9481514691648896e-05,34.01157879210693,0.04334361553301876
124,0,1,0.30000000000000004,-0.306,0.799946896013403,0.2860702552199219,-0.27827821676603887,0.9169105971423397,4.9380259495545e-05,34.2938764356699,0.0377773007875364
125,0,1,0.30000000000000004,-0.305,0.8002481310500741,0.28553562899185536,-0.27348058525974406,0.9185193378814697,4.928454829724544e-05,34.607195391391386,0.036003837180059374
126,0,1,0.30000000000000004,-0.304,0.8005424586215153,0.285120796727011,-0.2685504773423245,0.9201015011361324,4.923151717567952e-05,34.87633593875279,0.03703765978479377
127,0,1,0.30000000000000004,-0.303,0.8008322315579138,0.2845571625073348,-0.2637065708384741,0.9216756836124013,4.9078774222352705e-05,35.14471180082059,0.05554615464467009
128,0,1,0.30000000000000004,-0.302,0.8011187246756293,0.28379055200650166,-0.2585309459833164,0.9233767771396554,4.919088047789022e-05,35.11789835641166,0.06020326726082266
129,0,1,0.30000000000000004,-0.301,0.8013929209373988,0.283543692585833,-0.2536199093273249,0.9248134492899582,4.9389680584377454e-05,35.41782144736987,0.06311537014686525
130,0,1,0.30000000000000004,-0.3,0.8016633897934597,0.2830880755285619,-0.2486444558035064,0.9263029073104075,4.9581084278211476e-05,35.55565582994139,0.08365842058980773
131,0,1,0.30000000000000004,-0.299,0.8019293824135956,0.2825082950925811,-0.243760584480652,0.9277768269673122,4.960187299451749e-05,35.817940781337455,0.07927855277479517
132,0,1,0.30000000000000004,-0.298,0.8021879088520933,0.281994881140145,-0.23879511079859939,0.9292232143405802,5.006745430256301e-05,36.10099240939665,0.07295675961563872
133,0,1,0.30000000000000004,-0.297,0.8024371257886427,0.2817979590081088,-0.2337305704821573,0.9305696807445155,4.9897681791697304e-05,36.39294566557489,0.06360625210764695
134,0,1,0.30000000000000004,-0.296,0.8026752669008052,0.28200325892214345,-0.22873416219642573,0.931748273409503,5.070604522115357e-05,36.89702016008533,0.06579800847345081
135,0,1,0.30000000000000004,-0.295,0.8029128606536469,0.2817085649333796,-0.2236541967303925,0.9330697105404606,5.141893152014664e-05,37.12938326146611,0.10075517809868943
136,0,1,0.30000000000000004,-0.294,0.8031428408310582,0.28167442258803316,-0.2185867090468079,0.9342801348031456,5.113371668263118e-05,36.95297486244223,0.09263965864392468
137,0,1,0.30000000000000004,-0.293,0.8033693781574017,0.28136420228367814,-0.21355564973938843,0.9355363008123506,5.146251713720631e-05,36.99079582039602,0.1281639183156751
138,0,1,0.30000000000000004,-0.292,0.8035901109302923,0.2810794366039575,-0.20854836422192094,0.9367507299696984,5.240754457541288e-05,37.20700558998405,0.15857334299460019
139,0,1,0.30000000000000004,-0.291,0.8037997398977094,0.28124820711967824,-0.20350938857986725,0.9378077493558129,5.1195399231357744e-05,36.41401139773886,0.22797712632993067
140,0,1,0.30000000000000004,-0.29,0.804010484911632,0.28093439986014307,-0.19853856525664249,0.9389666134006338,5.2485439501499386e-05,36.702023312208595,0.26305540879879835
141,1,0,0.2983333333333334,-0.29,0.804509797266102,0.27435987359890035,-0.19745426385661924,0.9411367984749273,5.222402914187078e-05,37.64891967032634,0.7584407678581643
142,1,0,0.2966666666666667,-0.29,0.8049992496839206,0.267631068434675,-0.19634068165122023,0.9433048011842453,5.2884401573208426e-05,38.99026191322592,0.862664691714043
143,1,0,0.29500000000000004,-0.29,0.8054700664230632,0.26141412960462346,-0.1951940627611088,0.9452840476311178,5.232525727244951e-05,39.5867615983409,0.7761192183852507
144,1,0,0.2933333333333334,-0.29,0.8059282647488235,0.25529497538674917,-0.19399659779271491,0.9472010322983874,5.3159428396146814e-05,39.541655010212075,0.6730314295514999
145,1,0,0.2916666666666667,-0.29,0.8063836253401352,0.2486188686357353,-0.1927193832621753,0.9492354278435532,5.0175669648311445e-05,39.36452965170065,0.5917228125650267
146,1,0,0.29000000000000004,-0.29,0.8068149027834796,0.24285043278075874,-0.19143630120617144,0.9509867558902692,5.1025148681288174e-05,39.71117482123239,0.5191957205459009
147,1,0,0.2883333333333334,-0.29,0.8072346451453498,0.23703602138740734,-0.19017991535171566,0.9527043215823274,5.077341460789988e-05,40.098160536842315,0.7322196371514347
148,1,0,0.28666666666666674,-0.29,0.8076438550893082,0.2313855945058559,-0.18892073238160706,0.9543425294576203,5.0195924476158254e-05,40.38733100332314,0.4194073023871975
149,1,0,0.28500000000000003,-0.29,0.8080389051451194,0.22561950516477228,-0.1876894451546572,0.9559647017891091,5.203394485837587e-05,40.62020527330658,0.43681513408271744
150,1,0,0.2833333333333334,-0.29,0.8084206534160331,0.21993877065705603,-0.18650952015359346,0.9575182170872466,5.464900821947807e-05,40.89719892023568,0.47927997616718615
151,1,0,0.28166666666666673,-0.29,0.808795985093037,0.21438779466539945,-0.18537951174623804,0.9589954692923387,5.521452891411966e-05,41.41184431448265,0.526869009772074
152,1,0,0.28,-0.29,0.8091550631176403,0.20897150226257447,-0.1844123478633457,0.9603764872161601,5.91453764893617e-05,42.40363279025554,0.44038753887479204
153,1,0,0.2783333333333334,-0.29,0.8095102941360786,0.2035083138043502,-0.1833061775026212,0.9617604751193967,5.895712473728413e-05,42.761835615829284,0.3460239046555926
154,1,0,0.2766666666666667,-0.29,0.8098493177734876,0.19821963891851463,-0.18242615690448402,0.9630315010549105,6.20302535093311e-05,43.87994794401786,0.43663216804487054
155,1,0,0.275,-0.29,0.8101842696328789,0.19283979538594068,-0.18135761958693214,0.9643247519032528,6.188402779687765e-05,44.089123934414054,0.8318309327341695
156,1,0,0.2733333333333334,-0.29,0.8105020006222312,0.18719241403004913,-0.18006934632124522,0.9656780160307276,5.6198437763673984e-05,43.568127979791356,0.43833026395744823
157,1,0,0.2716666666666667,-0.29,0.8108119388725078,0.18186715325990568,-0.17905660276719795,0.9668831736929792,5.4926529604024984e-05,43.56887881077957,0.3211535178976377
158,1,0,0.27,-0.29,0.8111066806818509,0.17645039759737596,-0.17779362403979876,0.9681191478524338,4.826389263464697e-05,43.21920157490827,0.38888692797696045
159,1,0,0.26833333333333337,-0.29,0.8113945702225428,0.1712965175192313,-0.17672717823465856,0.9692393964129806,4.4902541732363996e-05,43.04059222915966,0.4054579462867166
160,1,0,0.2666666666666667,-0.29,0.8116717048949327,0.16647225426393744,-0.17587160546549419,0.9702351091108137,4.571348886907337e-05,44.470351015139336,0.5468227585382034
161,1,0,0.265,-0.29,0.8119410542487079,0.1616361461593387,-0.1750129615439745,0.9712076088799779,4.397021206944819e-05,45.44534496117588,0.4763234218372783
162,1,0,0.26333333333333336,-0.29,0.8122045288889705,0.15703341716532762,-0.17435368987716307,0.972080910582858,4.652775371821453e-05,48.094971367641165,0.46281782524314335
163,1,0,0.2616666666666667,-0.29,0.8124614396186265,0.15226572640843736,-0.17351662455693856,0.9729887612730568,4.5013878813140834e-05,49.11638361564877,0.419368761018962
164,1,0,0.26,-0.29,0.8127056195201576,0.14747543388896975,-0.17269793637251557,0.9738718699972468,4.339752039867895e-05,49.60890422714325,0.3929452516967022
165,1,0,0.25833333333333336,-0.29,0.8129475035962578,0.142609670289929,-0.17179819388571663,0.97475528340061,3.883453525200894e-05,49.48535013360069,0.655439165755247
166,1,0,0.2566666666666667,-0.29,0.8131829979203363,0.13792754203635546,-0.17106146771338657,0.9755582849894471,3.779401627567956e-05,49.072811627593296,0.6239717229345132
167,1,0,0.255,-0.29,0.8134069057185666,0.13318521986304174,-0.1702308473723192,0.9763622052358106,3.374467379728432e-05,49.77290826556519,0.4864146495987263
168,1,0,0.25333333333333335,-0.29,0.8136245757814385,0.12856748858940673,-0.16952192353453807,0.9771042515100232,3.194518374963089e-05,50.188029376326,0.5596799549861072
169,1,0,0.2516666666666667,-0.29,0.813834031419379,0.12406165219011601,-0.16886060733121802,0.9778010031430685,3.134685517263185e-05,49.69305007004394,0.4115281956884747
170,1,0,0.25000000000000006,-0.29,0.814035498482003,0.11953524455483684,-0.16821913141620878,0.9784751653132497,3.0132841222111266e-05,51.1304858533594,0.6104614718273433
171,1,0,0.24833333333333335,-0.29,0.8142273405300358,0.11502671566464338,-0.1675054544134165,0.9791377724432656,2.7025331461642414e-05,51.64188759781166,0.40390846169508043
172,1,0,0.2466666666666667,-0.29,0.8144162454591299,0.11065142385390728,-0.16691864985719224,0.9797420204977201,2.5631710614216493e-05,52.81742190633913,0.7132570051588302
173,1,0,0.24500000000000005,-0.29,0.8145958924347813,0.10636368085815712,-0.16640305988780357,0.9803044369247138,2.55556142278633e-05,54.7414235229729,0.670366231079023
174,1,0,0.24333333333333337,-0.29,0.8147689415695216,0.1021823842740738,-0.16598584517027348,0.9808197895368831,2.6904920142660886e-05,56.000427582175774,0.43254164440751336
175,1,0,0.2416666666666667,-0.29,0.814934852552226,0.09793435715613297,-0.16546344124171145,0.981341281767391,2.558097849248313e-05,57.11601321241503,0.49597503244362867
176,1,0,0.24000000000000005,-0.29,0.8150923011880742,0.09371437844889767,-0.16496556565078394,0.9818370421925695,2.473957656958812e-05,57.50949278856949,0.4068537904505317
177,1,0,0.23833333333333337,-0.29,0.8152421387699031,0.08951609257256102,-0.1644686955702383,0.9823120264701867,2.2926685692456815e-05,58.86012881048987,0.42470294624587224
178,1,0,0.2366666666666667,-0.29,0.8153864412904611,0.08535372704965295,-0.16405075731783336,0.9827523036361598,2.2143860019805525e-05,59.821217293543526,0.4286376575327178
179,1,0,0.23500000000000004,-0.29,0.8155241780803071,0.08127265379499167,-0.16363850707320973,0.9831669211013817,2.1279767986719867e-05,60.49758682416463,0.4941657027365804
180,1,0,0.23333333333333336,-0.29,0.8156548427740312,0.0772067877622678,-0.16324080102084765,0.9835606502933634,2.018137470785979e-05,61.90484835999763,0.7462839893087645
181,1,0,0.2316666666666667,-0.29,0.8157796475631722,0.0731953779861283,-0.16288191821722658,0.9839267845522576,1.9462630773663995e-05,63.10903260723994,0.6699698871782388
182,1,0,0.23000000000000004,-0.29,0.8158962484549704,0.06921443208653623,-0.16256263825279413,0.9842676216533944,1.933338612134097e-05,64.1564583059708,0.6026364046008349
183,1,0,0.22833333333333336,-0.29,0.8160096184930186,0.06525294877749391,-0.16227574287320307,0.9845855147983805,1.8988953516386608e-05,65.21114264657325,0.6568618519413314
184,1,0,0.22666666666666668,-0.29,0.8161146034819283,0.0613119535688761,-0.16198428786402463,0.984886762442644,1.8561372845956526e-05,66.4156315462973,0.5405399593491057
185,1,0,0.22500000000000003,-0.29,0.8162125547955986,0.057357731034536445,-0.16169327159803357,0.9851727648542129,1.7471440494541602e-05,67.77542392881878,0.9173008834226848
186,1,0,0.22333333333333336,-0.29,0.8163057071292528,0.05343295005617077,-0.16143128365514697,0.9854363807500444,1.6877960530487642e-05,68.95591925586362,0.7005356528858313
187,1,0,0.22166666666666668,-0.29,0.8163913826657804,0.049566233676139174,-0.16119947223021136,0.9856763762167904,1.6785570629381267e-05,69.77586761480862,0.8807467873238246
188,1,0,0.22000000000000003,-0.29,0.8164695843062438,0.04571529284374378,-0.16096557629032923,0.9859007025302968,1.6390359738223663e-05,69.92653750839105,0.5770963902626424
189,1,0,0.21833333333333338,-0.29,0.8165429026844344,0.041813714881160924,-0.16076335006593426,0.9861068697273206,1.570051523098683e-05,70.66305886383421,0.9625307402808886
190,1,0,0.2166666666666667,-0.29,0.8166102767917142,0.03795042360923493,-0.16059497066532433,0.9862905356662829,1.5703294129250675e-05,71.80913835514315,0.9019180512983377
191,1,0,0.21500000000000002,-0.29,0.8166685491932117,0.03412971806998666,-0.16044177533528367,0.9864550669299263,1.5649921451904852e-05,72.66470491783063,0.7019082312189976
192,1,0,0.21333333333333337,-0.29,0.8167234246455712,0.0303134749670282,-0.16030883946418792,0.9866013223308941,1.563096593509426e-05,73.44448036285553,0.9369801611149731
193,1,0,0.2116666666666667,-0.29,0.8167686031028022,0.02649936681948213,-0.16017886454400615,0.9867322407378606,1.5226914626752183e-05,74.50958709709131,0.9809138725855948
194,1,0,0.21000000000000002,-0.29,0.8168095992536103,0.022663489489295675,-0.16006281019255564,0.9868466258935227,1.4727042220103276e-05,75.26592154953372,0.6621084696491488
195,1,0,0.20833333333333337,-0.29,0.8168447395885866,0.018925318191396628,-0.15998497459766278,0.9869380123565712,1.5081294734310071e-05,75.36580769462228,0.9738146563685763
196,1,0,0.2066666666666667,-0.29,0.8168731045916012,0.015145649294179428,-0.159905126662318,0.9870161902292006,1.4890253481437024e-05,75.31296340140256,0.9205673921202888
197,1,0,0.20500000000000002,-0.29,0.8168951147760497,0.011363171729246075,-0.15984603251930046,0.9870765543847602,1.4772150890399688e-05,75.79238058771928,0.9057039415412983
198,1,0,0.20333333333333337,-0.29,0.8169097047013801,0.007533387289325896,-0.15978881037349107,0.9871224767754879,1.4126025279729583e-05,76.01635843717551,0.8467035570422287
199,1,0,0.2016666666666667,-0.29,0.8169188732433796,0.003761524857883497,-0.15975191933525318,0.9871500266927243,1.394424044075601e-05,75.97438183845944,0.9416319084990789
200,1,0,0.2,-0.29,0.8169215741380725,2.9605253605161372e-05,-0.15976065142269447,0.9871557796926101,1.4428197285241737e-05,76.0249127078869,0.8400849989642655
201,1,0,0.19833333333333336,-0.29,0.8169186674850922,-0.003740965357814341,-0.15976839415722902,0.9871474385352027,1.4506632670669333e-05,76.15698377173706,0.8346051190598494
202,1,0,0.19666666666666668,-0.29,0.8169102385240621,-0.007549334557476443,-0.1597847764076079,0.9871230079256131,1.46661524528547e-05,75.66276629547316,0.9429275757152755
203,1,0,0.195,-0.29,0.8168943047569345,-0.011330046979505933,-0.1598353275190183,0.9870786686542924,1.4892140829347162e-05,75.69931037173166,0.9157657787316208
204,1,0,0.19333333333333336,-0.29,0.8168717497865248,-0.015107111330944552,-0.15989559226336972,0.9870183254438494,1.4941924515844797e-05,75.57101157612728,0.9910742693644752
205,1,0,0.1916666666666667,-0.29,0.8168422658291037,-0.01889612859911808,-0.15995336514482356,0.9869436951026196,1.4653834823910178e-05,75.25617518621937,0.7404070090001437
206,1,0,0.19000000000000003,-0.29,0.81680772681401,-0.022685719828753677,-0.16003924350535062,0.9868499372519038,1.4754708818181368e-05,74.81384996960071,0.9921678455315474
207,1,0,0.18833333333333335,-0.29,0.8167687365684237,-0.026446599663653612,-0.16013277863546427,0.9867411365564506,1.483558355059042e-05,73.87717825906685,0.9634565121838173
208,1,0,0.1866666666666667,-0.29,0.816720959589938,-0.03029517455551423,-0.1602846902645656,0.9866058080436397,1.5452065465719495e-05,73.23820952815558,0.9559922270846046
209,1,0,0.18500000000000003,-0.29,0.816667132261987,-0.034074198592832505,-0.16041959542298195,0.9864605934321874,1.5392124975890545e-05,73.01474568991453,0.9838355566663572
210,1,0,0.18333333333333335,-0.29,0.8166069569592491,-0.03795812751258101,-0.1605752703385764,0.9862934467547838,1.5587485015171758e-05,71.79811860844048,0.8966390713902553
211,1,0,0.1816666666666667,-0.29,0.8165405972246892,-0.041763143054380704,-0.1607425838794416,0.9861123980611847,1.5504409527191207e-05,71.67534612975376,0.6626423236661395
212,1,0,0.18000000000000002,-0.29,0.8164664499865545,-0.04565665470725588,-0.16093890783838186,0.9859077734883377,1.592418300844818e-05,70.57253523133846,0.7926915413908001
213,1,0,0.17833333333333334,-0.29,0.8163881873394363,-0.04948971583649718,-0.16113743654956003,0.9856903644495362,1.5961763399484993e-05,69.60768946424878,0.9615109989844809
214,1,0,0.1766666666666667,-0.29,0.816300873478032,-0.053419301927428775,-0.16136654360507705,0.9854477240252457,1.6418918595861243e-05,68.82010952680538,0.8470948432438599
215,1,0,0.17500000000000002,-0.29,0.816209029868265,-0.05729086402420064,-0.1616021409333033,0.9851916082392974,1.634946018666612e-05,67.69186324659952,0.9483804701681724
216,1,0,0.17333333333333334,-0.29,0.8161109586626814,-0.06119991809825052,-0.16186933951271795,0.9849126290948268,1.6989164987773358e-05,66.74211724844761,0.9408490884894304
217,1,0,0.1716666666666667,-0.29,0.8160052820521762,-0.06516419941412527,-0.16216615037490484,0.9846094488614762,1.7635058468117148e-05,65.80340920979006,0.5346163888310678
218,1,0,0.17,-0.29,0.8158936471260269,-0.06913739159204088,-0.1624843525544105,0.984285962644405,1.8457883990310368e-05,64.76539224387238,0.5011645122102951
219,1,0,0.16833333333333336,-0.29,0.8157743609985354,-0.07314372456905442,-0.16281580936010195,0.9839415672582297,1.9405468316137905e-05,63.62805891594743,0.9876389896869421
220,1,0,0.16666666666666669,-0.29,0.8156493603200878,-0.07717358568898007,-0.16317646573997147,0.9835739314868597,2.008059888876314e-05,62.97966438988577,0.4120726344913319
221,1,0,0.165,-0.29,0.8155193990125892,-0.08119866445224093,-0.1635097484747083,0.9831944563741754,1.9870669577095427e-05,61.56679132833992,0.6808014773758696
222,1,0,0.16333333333333336,-0.29,0.8153802827384674,-0.08533592374832845,-0.16394817618197272,0.9827709680513687,2.16035294607558e-05,60.92554211354597,0.40846990131442934
223,1,0,0.16166666666666668,-0.29,0.8152372984122245,-0.08949154843903824,-0.16438842135642345,0.9823276997427723,2.283226475080994e-05,59.83845065088143,0.9004543068089541
224,1,0,0.16000000000000003,-0.29,0.8150831524874219,-0.09361466642435107,-0.1647929688811248,0.9818755377529284,2.3151438843765183e-05,58.92459732644653,0.4222809912125492
225,1,0,0.15833333333333335,-0.29,0.8149278953743982,-0.0978695775653222,-0.16532505560565833,0.9813710673217196,2.5107058357710573e-05,57.98157058054446,0.591482363274322
226,1,0,0.15666666666666668,-0.29,0.8147596178851917,-0.10206996266081195,-0.1657759567056294,0.9808669914421392,2.5472948159610727e-05,57.01968617825558,0.4554889077437147
227,1,0,0.15500000000000003,-0.29,0.8145866301146006,-0.10635202736452451,-0.16631487021775124,0.9803206670370201,2.7003465084472194e-05,56.18235358238723,0.42556116661905075
228,1,0,0.15333333333333335,-0.29,0.814409668101005,-0.11071586955801262,-0.16689398786211276,0.979738941271344,2.8987950997830735e-05,55.10783141953045,0.3738692150070349
229,1,0,0.15166666666666667,-0.29,0.8142211895378063,-0.11499749407456925,-0.1673604396654025,0.9791660020607192,2.837317629159854e-05,53.8134353812547,0.38764462100564023
230,1,0,0.15000000000000002,-0.29,0.8140284710214025,-0.11942550647455492,-0.16795282108733237,0.9785343112492799,2.9655906555680727e-05,53.00470285362468,0.4033309468260032
231,1,0,0.14833333333333334,-0.29,0.8138251086037505,-0.12391764306936721,-0.168600102867142,0.9778642150366902,3.1839797697658265e-05,52.26150666297472,0.4418586275696424
232,1,0,0.14666666666666667,-0.29,0.8136210217533458,-0.12844959041863954,-0.16929047111512016,0.9771598841084834,3.4010041383361955e-05,51.57474292714582,0.7445890206745842
233,1,0,0.14500000000000002,-0.29,0.8134022520201527,-0.1329269360207043,-0.16984368308090284,0.9764648242500401,3.2767921004111165e-05,50.61673344691911,0.697888371955944
234,1,0,0.14333333333333334,-0.29,0.8131801384570732,-0.13765220540901052,-0.170633459402353,0.9756721236554938,3.6528775256370154e-05,51.13440317855748,0.4146120708749096
235,1,0,0.1416666666666667,-0.29,0.8129468813549506,-0.14244172895507726,-0.17149377200626192,0.9748334421917174,4.077984173714617e-05,50.93870878521561,0.3767766066892289
236,1,0,0.14,-0.29,0.8127110895131008,-0.1472535905839914,-0.17233066680770837,0.9739704930529123,4.4154815356012604e-05,50.54164402571139,0.7204412968224043
237,1,0,0.13833333333333334,-0.29,0.8124662074701072,-0.1520749782217656,-0.17313329545989273,0.9730868733068221,4.624329971995388e-05,49.97130967022241,0.40654781601731155
238,1,0,0.1366666666666667,-0.29,0.8122103689058462,-0.15693647723426316,-0.17393451739262453,0.9721716544791328,4.751415748252625e-05,49.691989764814224,0.3895523402266751
239,1,0,0.135,-0.29,0.8119483118316827,-0.16169456131704246,-0.17470231311739837,0.9712538137026386,4.695306553049347e-05,47.98398794955543,0.4636180700364278
240,1,0,0.13333333333333336,-0.29,0.8116774565745865,-0.166545090945286,-0.17554498016721387,0.9702817593978148,4.7457580131835335e-05,46.826360022642646,0.3880135938342234
241,1,0,0.13166666666666668,-0.29,0.811392553775419,-0.1713769160097099,-0.17631128785791914,0.9693009246012732,4.4453415797868246e-05,45.42935717618076,0.34561595955366253
242,1,0,0.13,-0.29,0.811103437936881,-0.1765352323546105,-0.1773891326533973,0.9681778800168794,4.8117659138544405e-05,45.85364948188889,0.5513914981290756
243,1,0,0.12833333333333335,-0.29,0.8108078932296021,-0.18178136615423177,-0.17855082490157786,0.9669928323654045,5.2265392921874916e-05,45.87382452948137,0.5885535934901832
244,1,0,0.12666666666666668,-0.29,0.8105054553978728,-0.18721913548553917,-0.17977773020738017,0.9657271680084027,5.762170068419668e-05,45.82608694523344,0.5984818637828112
245,1,0,0.125,-0.29,0.8101796741493534,-0.19256512908805595,-0.18087239200200428,0.9644707610242904,5.8124080019640167e-05,45.90728308792092,0.6286728287089465
246,1,0,0.12333333333333335,-0.29,0.8098455822424296,-0.19791832769501985,-0.1819300090795036,0.9631873168593629,5.762971602622671e-05,46.0545926100645,0.40410631887447573
247,1,0,0.12166666666666667,-0.29,0.8094982046157159,-0.20325337718961164,-0.18302970640738342,0.9618670340714689,5.856862115233876e-05,45.81484508511394,0.6290861361855755
248,1,0,0.12,-0.29,0.8091426544435099,-0.20861122408246505,-0.18413704122772095,0.9605076299721497,5.910733883722015e-05,45.76857123127698,0.5299468227069434
249,1,0,0.11833333333333335,-0.29,0.8087742576503572,-0.21398042389725572,-0.18530849457769166,0.9591001720498754,5.972047295985145e-05,45.67134014907141,0.349701976545065
250,1,0,0.11666666666666667,-0.29,0.8083876523947668,-0.21968793457183,-0.1869607257238823,0.9574878058964316,6.436738921541846e-05,46.70637395178325,0.5460341629037775
251,1,0,0.11500000000000002,-0.29,0.8080014373099579,-0.2250477078426105,-0.188027689469557,0.9560330105114189,6.366261017060263e-05,45.877724784359245,0.39376660731904256
252,1,0,0.11333333333333334,-0.29,0.8076058270672928,-0.23066539848101034,-0.18919416944127748,0.9544626971197052,6.275140985411582e-05,45.17829926801735,0.6779551886900167
253,1,0,0.11166666666666666,-0.29,0.807202675317339,-0.23637640692543962,-0.19026310562877233,0.9528515859699839,6.204334325189676e-05,45.73531888904302,0.7235906902116849
254,1,0,0.11000000000000001,-0.29,0.8067900169298242,-0.24246471805730918,-0.19143759367148658,0.9510849111549716,6.28625938293296e-05,45.95741016294117,0.3853096746951029
255,1,0,0.10833333333333334,-0.29,0.8063611534429325,-0.24813922591724133,-0.192562802082651,0.9493926963144756,6.334760396115656e-05,45.529238665758335,0.6178651530928847
256,1,0,0.10666666666666669,-0.29,0.8059196300753154,-0.25403030952730393,-0.1937548407587484,0.9475904513681078,6.569406735285667e-05,45.58777368920651,0.67410020411596
257,1,0,0.10500000000000001,-0.29,0.8054678097922641,-0.25981029818093027,-0.19491001108411332,0.9457846988286113,6.514702576960432e-05,44.92409169755413,0.7920843769616329
258,1,0,0.10333333333333333,-0.29,0.8050044073097686,-0.2655093618541354,-0.1960661411142796,0.9439612529528768,6.587632542250745e-05,44.49524805511213,0.7703870429462829
259,1,0,0.10166666666666668,-0.29,0.8045270398831215,-0.2716823361756745,-0.19724779208908444,0.9419564834566984,6.656011844545842e-05,43.734695001230705,0.8883284813970733
260,1,0,0.1,-0.29,0.8040408743431223,-0.2772957211308472,-0.19831479109277614,0.9400948498297137,6.672477811861242e-05,42.787419198472854,0.9292445377592099
261,1,1,0.1,-0.289,0.804249958764982,-0.2767585190127137,-0.19337086906047643,0.9412823323279182,6.668665518406703e-05,42.83698682210223,0.15054721062599585
262,1,1,0.1,-0.288,0.804450497238324,-0.27642981930574945,-0.18832133251724992,0.9424020536467003,6.819439419394016e-05,43.11808610945617,0.12040525423050631
263,1,1,0.1,-0.287,0.804647963612252,-0.27585767738910083,-0.18338640766454947,0.9435422445812283,6.817344045283261e-05,43.05419465138356,0.12923999607617068
264,1,1,0.1,-0.286,0.8048381074912326,-0.27542508814422734,-0.17822014313636653,0.9446579282476794,6.950627523621278e-05,43.26212548762148,0.11426262623143993
265,1,1,0.1,-0.285,0.8050247530197633,-0.2748547472000893,-0.17326016203727695,0.9457461520896565,6.932446513757156e-05,43.46165003645411,0.14136268611362757
266,1,1,0.1,-0.284,0.8052052451868251,-0.27430972141263765,-0.16832384112305054,0.9467952583574251,6.928399213682611e-05,43.63238276348358,0.12820931166870728
267,1,1,0.1,-0.283,0.8053786773289374,-0.27369006903423715,-0.1630023901703589,0.9479050410831165,7.061790101401954e-05,43.81049660860168,0.1663357187210728
268,1,1,0.1,-0.282,0.805550272653869,-0.2728737106019965,-0.15790009020739615,0.9490034244273272,6.920890939398094e-05,43.55878549480889,0.13948361781831115
269,1,1,0.1,-0.28099999999999997,0.8057130904948338,-0.2726036133192578,-0.15300494595277583,0.9498824961642744,6.86604920848311e-05,43.31185452522075,0.18353427160047206
270,1,1,0.1,-0.27999999999999997,0.8058715776835805,-0.27159601427413815,-0.14756309435787182,0.951031407585434,7.025670055742075e-05,43.9395869104006,0.2178581671110704
271,1,1,0.1,-0.27899999999999997,0.8060254941605942,-0.27091295433132917,-0.142549434931719,0.9519904567673559,6.939541541716944e-05,43.94553545155286,0.13636653346466823
272,1,1,0.1,-0.27799999999999997,0.8061732844600054,-0.27006719310550986,-0.1372837837589058,0.9530041311164129,6.969482737433984e-05,43.706722458905375,0.15466880543068998
273,1,1,0.1,-0.27699999999999997,0.8063154718006756,-0.26946333115019705,-0.1323781127235919,0.9538687270464311,6.955762964956876e-05,43.84711096007223,0.1725524787379124
274,1,1,0.1,-0.27599999999999997,0.8064532013005271,-0.268729252066794,-0.1273712208940999,0.9547571215610638,6.85036268078183e-05,43.8900298003572,0.19670793670704678
275,1,1,0.1,-0.27499999999999997,0.806584967966987,-0.2679587499348681,-0.12227383863506978,0.9556396897988214,6.828076212218259e-05,43.84926812768683,0.2262396016737672
276,1,1,0.1,-0.27399999999999997,0.8067112860637866,-0.26730091394035355,-0.11734496658552761,0.9564415195001174,6.766615837473097e-05,43.84918890884463,0.24276029067096824
277,1,1,0.1,-0.27299999999999996,0.8068317878580425,-0.2667419970534936,-0.11242362828793766,0.9571884008963385,6.759079941016419e-05,43.721045602057735,0.26090371110359906
278,1,1,0.1,-0.27199999999999996,0.80694682345044,-0.26616329085044066,-0.10754580028329778,0.9579097052671973,6.747121400637641e-05,43.78078054081678,0.2843598178130815
279,1,1,0.1,-0.27099999999999996,0.8070527400569393,-0.2656064223079013,-0.10296133478102511,0.9585677816247041,6.956895067498511e-05,44.103331498993384,0.31904407057578893
280,1,1,0.1,-0.26999999999999996,0.8071455183813044,-0.26606508478556673,-0.0981612643297933,0.9589440738871197,7.346314436449108e-05,44.43125098080796,0.32419259932086064
281,2,0,0.10166666666666667,-0.26999999999999996,0.8075978490277902,-0.26007558749604553,-0.096493359090562,0.9607547660251323,6.585065401174134e-05,44.34873811354001,0.7737496809216622
282,2,0,0.10333333333333333,-0.26999999999999996,0.8080355322634728,-0.2541180548205529,-0.09488574862584279,0.962507511098969,5.75728277241157e-05,44.81278501475622,0.8325200417824568
283,2,0,0.10500000000000001,-0.26999999999999996,0.8084574446789374,-0.2477192263548567,-0.09295982205592397,0.9643617870786265,4.070496080276558e-05,43.45224827092607,0.7199950996396992
284,2,0,0.10666666666666667,-0.26999999999999996,0.808877556710896,-0.24169516639462438,-0.09197315784505579,0.9659836358745852,3.6260270970511717e-05,44.08340429316941,0.9080083562466184
285,2,0,0.10833333333333334,-0.26999999999999996,0.8092817275632622,-0.23590099346529866,-0.09098503207880669,0.9675083695863843,3.1336727174022656e-05,45.56252386218113,0.5913890211457333
286,2,0,0.11000000000000001,-0.26999999999999996,0.8096786038386196,-0.23046686838169017,-0.09041024722740834,0.9688709974886314,3.245692654481212e-05,46.04331891269757,0.6620780489277849
287,2,0,0.11166666666666668,-0.26999999999999996,0.8100683879509727,-0.22513732767759678,-0.0899214791515196,0.970168702480859,3.270359241776202e-05,46.755982884467336,0.48117177926111904
288,2,0,0.11333333333333334,-0.26999999999999996,0.8104458666519478,-0.21985790546026968,-0.08944031973819766,0.9714231470434254,3.408219808258213e-05,47.73461731299799,0.5468318614620599
289,2,0,0.115,-0.26999999999999996,0.8108161404611884,-0.21459328503237293,-0.08897139708068784,0.9726426951972267,3.42709790066518e-05,48.28978190658967,0.7373580214672119
290,2,0,0.11666666666666667,-0.26999999999999996,0.8111749965489733,-0.20937243778289305,-0.08848101556038615,0.9738245695104696,3.477579001458822e-05,48.62451679758314,0.8382528946560992
291,2,0,0.11833333333333335,-0.26999999999999996,0.8115268487807352,-0.20417389741887745,-0.08800939894125212,0.9749704433011215,3.498841547178272e-05,48.92171045346571,0.5518751608737921
292,2,0,0.12000000000000001,-0.26999999999999996,0.8118684465929118,-0.19898465232610127,-0.08752328077474081,0.9760864631071812,3.5081459423174944e-05,48.87560671618097,0.39111938451709993
293,2,0,0.12166666666666667,-0.26999999999999996,0.8122011032781736,-0.19381115358491394,-0.08704408260497654,0.9771696702362098,3.508156180013008e-05,48.97127175774793,0.4269355956954107
294,2,0,0.12333333333333335,-0.26999999999999996,0.8125197110754857,-0.18873186735297254,-0.08662144219157203,0.9782009036992924,3.562500776699433e-05,49.23817028635081,0.34991512451103063
295,2,0,0.125,-0.26999999999999996,0.8128307695620122,-0.18373555952388002,-0.08626283598449729,0.9791833164910227,3.66970617372294e-05,49.489030734156586,0.33667819516882147
296,2,0,0.12666666666666668,-0.26999999999999996,0.8131350826881424,-0.17868917036666856,-0.08580624548064837,0.980156859196622,3.627388282254832e-05,49.36100729306018,0.4612732069685194
297,2,0,0.12833333333333335,-0.26999999999999996,0.8134206362583665,-0.17380875828229342,-0.08546997593571759,0.9810634020071868,3.3736349391183266e-05,49.55122636294621,0.38636517621592326
298,2,0,0.13,-0.26999999999999996,0.8137016929019223,-0.16891728146597623,-0.08494386185401105,0.9819630809533885,3.1010303698019684e-05,48.80629431980266,0.4236853287721663
299,2,0,0.13166666666666668,-0.26999999999999996,0.8139774973675427,-0.16409374635738846,-0.084489509154688,0.9828198030408204,2.911881871512751e-05,48.42321805666322,0.4984467593226504
300,2,0,0.13333333333333336,-0.26999999999999996,0.8142460873156785,-0.15942836947715314,-0.08404447170550357,0.9836254987451266,2.8683408569373523e-05,49.24327000339207,0.40659059721317437
301,2,0,0.135,-0.26999999999999996,0.814505655994835,-0.15490095990865618,-0.08371615183224754,0.9843766040199131,2.9702624250804973e-05,50.27888592289071,0.3635566568963006
302,2,0,0.1366666666666667,-0.26999999999999996,0.8147550873135199,-0.15045747714391486,-0.08344911508655424,0.9850882157262666,3.146029794769292e-05,51.57921541975476,0.9442800234407613
303,2,0,0.13833333333333336,-0.26999999999999996,0.8149952958522032,-0.1458615377307792,-0.08304194181149999,0.9858135968381588,2.9319707232793178e-05,50.96061176965608,0.6246173758963444
304,2,0,0.14,-0.26999999999999996,0.8152315128582943,-0.14130174374028368,-0.08267668507692975,0.9865081768341534,2.7384502869300817e-05,50.73284981225684,0.7607808039833729
305,2,0,0.14166666666666666,-0.26999999999999996,0.815462062702993,-0.1368607456710215,-0.08237305894085144,0.9871594680977834,2.7637959156877932e-05,52.48111633413585,0.7762387001257005
306,2,0,0.14333333333333334,-0.26999999999999996,0.8156821256143105,-0.13233629390633617,-0.08202679837890813,0.9878049957673031,2.5561925336718404e-05,51.90450207360631,0.6824103581788793
307,2,0,0.14500000000000002,-0.26999999999999996,0.8158983384984181,-0.12802724882092706,-0.08176646582395951,0.9883942880379287,2.6562075566710432e-05,54.07177958684908,0.3919714264155306
308,2,0,0.14666666666666667,-0.26999999999999996,0.816104504740062,-0.12362888360080544,-0.08144268258921175,0.9889807827214295,2.5007558666510524e-05,53.91644956315665,0.8156603367520355
309,2,0,0.14833333333333334,-0.26999999999999996,0.8163024440591138,-0.11928440222584882,-0.08113994379029281,0.9895390547660715,2.3514635522469826e-05,55.31002349176595,0.39433262198329894
310,2,0,0.15000000000000002,-0.26999999999999996,0.8164955729563076,-0.11504168362335403,-0.08092298282136948,0.9900590294928865,2.3690519557329707e-05,56.302757745531665,0.6022016260930863
311,2,0,0.15166666666666667,-0.26999999999999996,0.8166832573637262,-0.11082016556500311,-0.08065691076240226,0.9905621402266549,2.3100698145602346e-05,56.5065472637741,0.6573544207911589
312,2,0,0.15333333333333335,-0.26999999999999996,0.8168589900888555,-0.10656035755252728,-0.08028828970894587,0.99105937296102,2.0740616622068565e-05,56.47995512407322,0.34144084243316597
313,2,0,0.15500000000000003,-0.26999999999999996,0.8170303277783864,-0.10240330744569555,-0.08006149630350949,0.9915158694815861,2.0917335375924914e-05,57.25688285297778,0.42273211399087013
314,2,0,0.15666666666666668,-0.26999999999999996,0.8171966722069712,-0.0982946994293297,-0.07984275659918401,0.9919492357387757,2.027226373271057e-05,57.73793986169601,0.8746722214529654
315,2,0,0.15833333333333335,-0.26999999999999996,0.8173535919607552,-0.09419715676523284,-0.07961062131521629,0.9923653785935658,1.9248791267993327e-05,58.42106111614565,0.3686956093729075
316,2,0,0.16000000000000003,-0.26999999999999996,0.8175013213068811,-0.09012435345415341,-0.07936601048260744,0.9927631325218245,1.8074054045517353e-05,59.32171505684414,0.3846369629655431
317,2,0,0.16166666666666668,-0.26999999999999996,0.8176448833742685,-0.08613271333085644,-0.07918357903490322,0.9931319733577646,1.7347745514216443e-05,60.06096156495609,0.4719741419985647
318,2,0,0.16333333333333336,-0.26999999999999996,0.8177826608733099,-0.08220972552384519,-0.07900256509600323,0.9934788149414893,1.6980429717551757e-05,61.13842006287942,0.7956957766550372
319,2,0,0.16500000000000004,-0.26999999999999996,0.8179144322778903,-0.07832325405083208,-0.07881235808919362,0.993807868799251,1.6606437498882462e-05,62.24621203206378,0.6564830418137191
320,2,0,0.16666666666666669,-0.26999999999999996,0.8180408941604597,-0.07444075105490693,-0.07862220757638425,0.9941212818656471,1.5718944734805537e-05,63.36625422025585,0.5386240541471141
321,2,0,0.16833333333333333,-0.26999999999999996,0.8181607452083336,-0.0706208725329724,-0.07847746694864091,0.9944113733983568,1.564085791040976e-05,64.77024792956387,0.6949979695383464
322,2,0,0.17,-0.26999999999999996,0.8182733028533669,-0.06680458000859672,-0.07832099189535723,0.9946873731572158,1.5167801739684782e-05,66.19505215849975,0.9839276376536329
323,2,0,0.1716666666666667,-0.26999999999999996,0.8183780634652518,-0.0629585382555143,-0.07815791374488062,0.9949510354684681,1.4045833919937214e-05,67.21394714069143,0.4379472505273491
324,2,0,0.17333333333333334,-0.26999999999999996,0.818479362005935,-0.059173043517101995,-0.07801655632135376,0.9951944372134927,1.3452554248343417e-05,68.25928080748868,0.4751578709342768
325,2,0,0.17500000000000002,-0.26999999999999996,0.8185729397734663,-0.055373021464410886,-0.0779098632532844,0.9954214593335611,1.2939610476879752e-05,68.38347486714247,0.5915297008748123
326,2,0,0.1766666666666667,-0.26999999999999996,0.8186599095515626,-0.051640658430766664,-0.07777827345608927,0.9956323531178698,1.2587973688710787e-05,69.12362550624132,0.5599702355983881
327,2,0,0.17833333333333334,-0.26999999999999996,0.8187431497558834,-0.04791925967391265,-0.07767806171716576,0.9958262214262931,1.2417765552793785e-05,69.70594554482417,0.9735324699084871
328,2,0,0.18000000000000002,-0.26999999999999996,0.818816939533283,-0.04416695326042031,-0.07755879895829453,0.996008992401092,1.1542428455588402e-05,70.65931526805258,0.6273613257864509
329,2,0,0.1816666666666667,-0.26999999999999996,0.8188871084415823,-0.04044270550574945,-0.07747159880218313,0.9961739501464635,1.1047540879489268e-05,71.1143052949279,0.9335472155961793
330,2,0,0.18333333333333335,-0.26999999999999996,0.8189507825947332,-0.0367304663434824,-0.07741087845286108,0.9963224521907285,1.087279420491102e-05,72.31043789784329,0.4813659853671018
331,2,0,0.18500000000000003,-0.26999999999999996,0.8190075324053103,-0.03302938088682977,-0.07735846363347094,0.9964560843822983,1.0662917563849024e-05,72.79846200292972,0.7406828854168139
332,2,0,0.1866666666666667,-0.26999999999999996,0.8190598759114159,-0.02936899070005165,-0.07729411381191911,0.9965756781877082,1.033496203230633e-05,73.62943442235809,0.5594631488115964
333,2,0,0.18833333333333335,-0.26999999999999996,0.8191045047921378,-0.025724199297877674,-0.0772455796116785,0.996680182406041,1.011861273521473e-05,74.21526232457441,0.5397055740924406
334,2,0,0.19000000000000003,-0.26999999999999996,0.8191441556809562,-0.022027485749985847,-0.07720203725525858,0.9967721080142501,9.670993161115618e-06,74.71711150669304,0.5613203196897356
335,2,0,0.1916666666666667,-0.26999999999999996,0.8191773062322556,-0.01835870629003157,-0.07717721988041575,0.996848350871328,9.512206392005865e-06,76.0165744243098,0.9608695500696012
336,2,0,0.19333333333333336,-0.26999999999999996,0.819203747551176,-0.014686178866434483,-0.07714321942928686,0.9969118515929019,8.987246768502417e-06,76.61195917240478,0.5373216540749114
337,2,0,0.195,-0.26999999999999996,0.8192248741235902,-0.011038470553038951,-0.07713942466077167,0.9969592074557788,8.984319343033966e-06,77.43385279587592,0.6419033285644558
338,2,0,0.19666666666666668,-0.26999999999999996,0.8192398640655197,-0.007372243862205011,-0.07713740576694783,0.9969932149478158,8.984832769064288e-06,77.85409095035408,0.8602180533754182
339,2,0,0.19833333333333336,-0.26999999999999996,0.8192481457588372,-0.0037348871953353405,-0.07714158110778323,0.9970131529131547,8.938117350735644e-06,78.54373994596827,0.7361988821264809
340,2,0,0.2,-0.26999999999999996,0.8192509619006771,-4.5930771308039786e-05,-0.07713620043393073,0.9970205637162056,8.573184422861704e-06,78.63517586548508,0.7933684950414492
341,2,0,0.2016666666666667,-0.26999999999999996,0.8192486822360272,0.0036276429439204014,-0.0771666807741857,0.9970116065447614,8.931930625527262e-06,78.48466224654116,0.7323122552805286
342,2,0,0.20333333333333337,-0.26999999999999996,0.8192397258692836,0.007254360526325527,-0.07718104892342832,0.9969907020330898,8.85475120301185e-06,78.4379970607338,0.9100447088902385
343,2,0,0.20500000000000002,-0.26999999999999996,0.8192244159677534,0.01092035893831929,-0.07720267631578553,0.9969556121163761,8.771473155258348e-06,78.0469026381989,0.6272954971181043
344,2,0,0.2066666666666667,-0.26999999999999996,0.8192025145577702,0.014568999097055198,-0.07722791094357123,0.9969070137362873,8.584471523860999e-06,77.79892597341248,0.7608034350468688
345,2,0,0.20833333333333337,-0.26999999999999996,0.8191753966627439,0.018224180868514,-0.07725770829208284,0.9968445845472237,8.382422974587412e-06,76.74298403190932,0.8693946365837617
346,2,0,0.21000000000000002,-0.26999999999999996,0.819142076500449,0.021875855369033505,-0.07729899479456552,0.996767933049425,8.39293849465675e-06,75.83162827871898,0.994386123424436
347,2,0,0.2116666666666667,-0.26999999999999996,0.8191031959909828,0.02554350310300244,-0.07735923462918064,0.9966760146942507,8.684191418327327e-06,75.243363788956,0.39399903544070014
348,2,0,0.21333333333333337,-0.26999999999999996,0.8190574075845617,0.02926675760801613,-0.07741806693540128,0.9965690642454739,8.801909535401407e-06,75.20531179489892,0.7911491799731969
349,2,0,0.21500000000000002,-0.26999999999999996,0.819006702137847,0.03296314724340101,-0.0774979140957994,0.9964474417823602,9.240104659313394e-06,75.09674945730953,0.7227496795645963
350,2,0,0.2166666666666667,-0.26999999999999996,0.8189493087490918,0.03671220395667059,-0.07758501445223055,0.9963095802074228,9.763295595213516e-06,74.42875872437487,0.4476212686405629
351,2,0,0.21833333333333338,-0.26999999999999996,0.8188857800796725,0.040424565736295826,-0.07766735164527587,0.9961594435497969,9.794241692662715e-06,73.77497368089705,0.35584604492876487
352,2,0,0.22000000000000003,-0.26999999999999996,0.8188149399624438,0.044133377841769385,-0.07774803609945707,0.9959957268196251,9.715456940989201e-06,73.00485939217195,0.8716632320131853
353,2,0,0.22166666666666668,-0.26999999999999996,0.8187397677267628,0.04783469985870727,-0.07783999594755749,0.9958176422017797,9.664222885206752e-06,72.45015476199131,0.9756264974057717
354,2,0,0.22333333333333336,-0.26999999999999996,0.8186571891526636,0.05158952323919534,-0.07794838672141409,0.9956217002955899,1.0164683603273787e-05,71.4432337037025,0.5805404092018148
355,2,0,0.22500000000000003,-0.26999999999999996,0.8185694870190856,0.05536550354760073,-0.0780655371173694,0.9954096809512639,1.059190973677283e-05,70.78414519073307,0.4192621039721882
356,2,0,0.2266666666666667,-0.26999999999999996,0.818476789905006,0.05919993109565191,-0.07822142402828895,0.9951767566524335,1.1930097410350086e-05,69.84564621526545,0.34007736620903445
357,2,0,0.22833333333333336,-0.26999999999999996,0.818375982270337,0.06299710559100756,-0.07835536904978752,0.994933063491322,1.2174240833981029e-05,69.00633673570118,0.9907375628495065
358,2,0,0.23000000000000004,-0.26999999999999996,0.8182688437191707,0.0667892654290618,-0.07846348463073034,0.9946771715501714,1.2090671747523237e-05,67.99740577195988,0.970592017791164
359,2,0,0.2316666666666667,-0.26999999999999996,0.8181549433019656,0.07067469884896804,-0.07863604783316926,0.9943950215702949,1.3161741062014425e-05,67.67746220507348,0.8357847635856025
360,2,0,0.23333333333333336,-0.26999999999999996,0.8180361177393589,0.07454510597541346,-0.07878476939590727,0.9941005921366046,1.355880459882163e-05,66.57194059885299,0.7434696974214257
361,2,0,0.23500000000000004,-0.26999999999999996,0.8179107516895163,0.07848437312253853,-0.07899052129797152,0.9937810124572901,1.4835977426205683e-05,65.55450734201882,0.8052268804061596
362,2,0,0.2366666666666667,-0.26999999999999996,0.817777962453749,0.08238513741895277,-0.07915414681430506,0.9934522183651109,1.5207860885168027e-05,64.35954534585774,0.8769199874787557
363,2,0,0.23833333333333337,-0.26999999999999996,0.8176390590306788,0.08632547897563098,-0.07929176964624617,0.9931066040189214,1.536698981958e-05,63.652194742070165,0.8086730945478201
364,2,0,0.24000000000000002,-0.26999999999999996,0.817492127916847,0.09029882528518542,-0.07950038425697535,0.9927365265039404,1.621667794905148e-05,62.64672389426265,0.9569264127812335
365,2,0,0.2416666666666667,-0.26999999999999996,0.8173393410020005,0.09426106441344703,-0.07969141233220996,0.9923528256301494,1.659087715342881e-05,61.282152227782866,0.6185935870466608
366,2,0,0.24333333333333337,-0.26999999999999996,0.8171820053117788,0.09829733566274629,-0.07986487185187847,0.9919471941820737,1.7287053247517465e-05,60.009103334954034,0.42384017019275333
367,2,0,0.24500000000000002,-0.26999999999999996,0.8170166083977926,0.10235626468689378,-0.08011868696254668,0.9915161073218852,1.8288218670854897e-05,58.88379008259808,0.35011481464977295
368,2,0,0.2466666666666667,-0.26999999999999996,0.8168446181616086,0.10651833422410636,-0.08035194883979234,0.9910587312524767,1.9463577045264815e-05,57.56038808938307,0.02644063077367214
369,2,0,0.24833333333333338,-0.26999999999999996,0.8166661930722574,0.11073971683790547,-0.08059463573022634,0.9905762059559945,2.0429537952188174e-05,55.8076024084186,0.02396258837831089
370,2,0,0.25,-0.26999999999999996,0.8164779675437074,0.11502988243692461,-0.08090383286012802,0.9900619657249174,2.1628181116618238e-05,54.91785609518837,0.9806744221155183
371,2,0,0.2516666666666667,-0.26999999999999996,0.816286613680989,0.11930733433072056,-0.0811671766624684,0.9895340567193941,2.1975324855822173e-05,53.710612145439114,0.967069894645965
372,2,0,0.2533333333333334,-0.26999999999999996,0.8160875276886769,0.1236106785661114,-0.08150606883848051,0.988977836398229,2.3158571929904956e-05,52.78199437710446,0.998242194105362
373,2,0,0.255,-0.26999999999999996,0.815879527530364,0.12792913706613,-0.08177213346567372,0.9884065226808185,2.346729595516514e-05,53.10133609742719,0.6204736038441426
374,2,0,0.2566666666666667,-0.26999999999999996,0.8156686008734444,0.13236015186282732,-0.0821768342297619,0.9877893288119809,2.631685897475513e-05,53.04193647063271,0.4011402408228507
375,2,0,0.25833333333333336,-0.26999999999999996,0.8154491041479841,0.1368167653161917,-0.08251835186554245,0.9871534299863464,2.787278527646236e-05,52.78285454711933,0.3350254264710243
376,2,0,0.26,-0.26999999999999996,0.8152177803598493,0.14128336978170913,-0.08281047484449158,0.9864995867607622,2.772198033533407e-05,51.679766944140994,0.02371113997971571
377,2,0,0.2616666666666667,-0.26999999999999996,0.8149873787874351,0.1458836050161744,-0.08319760660518855,0.9857972063475596,2.9445116193734e-05,51.380498692472884,0.5141289136322857
378,2,0,0.26333333333333336,-0.26999999999999996,0.8147420343550676,0.1505159619262274,-0.08349316542426785,0.9850755486422644,2.931930919741615e-05,50.27479536099845,0.9255024369819926
379,2,0,0.265,-0.26999999999999996,0.8144918836317109,0.1551387133790739,-0.08383993269129228,0.9843286266778007,2.8913262236265342e-05,49.149760340280764,0.36555564004925534
380,2,0,0.2666666666666667,-0.26999999999999996,0.8142352931497975,0.15975719209535627,-0.08423633879189774,0.9835557324324556,2.9745773769634107e-05,48.74017926850251,0.023183796581705253
381,2,0,0.26833333333333337,-0.26999999999999996,0.8139676728378936,0.16440605119318322,-0.0845490350968055,0.9827624896155038,2.8103456006275883e-05,47.354389633339565,0.9325404349876758
382,2,0,0.27,-0.26999999999999996,0.8136936150691106,0.16921732880469215,-0.08494982831512515,0.9819109034436043,2.8380000650790463e-05,45.85994445107846,0.3871505970267188
383,2,0,0.2716666666666667,-0.26999999999999996,0.8134131659963326,0.1740326858989274,-0.08534641380977993,0.9810344611116446,2.9370105146534388e-05,44.2274772969338,0.8810242804980961
384,2,0,0.2733333333333334,-0.26999999999999996,0.8131237591331499,0.1787743780331435,-0.08582165066672034,0.9801399726751797,3.0750835022176406e-05,44.74294145381941,0.02420047190878543
385,2,0,0.275,-0.26999999999999996,0.8128239303407446,0.1837147046032578,-0.08630736950990328,0.9791833052502573,3.122958806241371e-05,45.1081580097599,0.4822064941830526
386,2,0,0.2766666666666667,-0.26999999999999996,0.81251336577015,0.18866607755484882,-0.0867697870053304,0.9782004473742164,3.114182260804924e-05,45.10477850335562,0.562395560135758
387,2,0,0.2783333333333334,-0.26999999999999996,0.8121959189286247,0.19374122389035942,-0.08735493804274057,0.9771557976929853,3.228205193840771e-05,46.42906977294567,0.023632394533911617
388,2,0,0.28,-0.26999999999999996,0.8118634613233238,0.19888854318300295,-0.08786836798618741,0.9760750469600106,3.256507577962018e-05,46.429529106866056,0.023877302886130294
389,2,0,0.28166666666666673,-0.26999999999999996,0.8115258810118722,0.20410668790600844,-0.0883916723218269,0.974949933184361,3.21756787078118e-05,45.93727534022612,0.024234432695501906
390,2,0,0.2833333333333334,-0.26999999999999996,0.8111734187627823,0.20931829229112908,-0.08893323345850554,0.9737950156469997,3.2732318884839186e-05,46.016577913877654,0.5307925147544749
391,2,0,0.28500000000000003,-0.26999999999999996,0.8108186373095161,0.21464604186991526,-0.08943103369784867,0.9725888992381687,3.110010966829934e-05,44.49425512041684,0.6462869654574366
392,2,0,0.28666666666666674,-0.26999999999999996,0.8104502647795738,0.2199681563664247,-0.08995416006115649,0.9713507395747677,3.0298279171538876e-05,43.743652183195515,0.8436951012306909
393,2,0,0.2883333333333334,-0.26999999999999996,0.8100694002035437,0.22522841773125865,-0.09051200681000478,0.9700926432405821,3.0798160711415285e-05,43.32059251848911,0.6531575657367422
394,2,0,0.29000000000000004,-0.26999999999999996,0.8096782466191026,0.230511476771509,-0.09108501899716356,0.9687971812463662,3.194815640046302e-05,42.71850264930549,0.8226475626156661
395,2,0,0.29166666666666674,-0.26999999999999996,0.8092807877589896,0.23595103760747455,-0.09166367181436406,0.9674321056908669,3.257073929893665e-05,41.633935463875,0.5801925132284486
396,2,0,0.29333333333333333,-0.26999999999999996,0.8088687042880958,0.24143837927137082,-0.09253321928325468,0.9659943645507932,3.695817842561316e-05,41.508089311540274,0.4970778434319348
397,2,0,0.29500000000000004,-0.26999999999999996,0.8084627145665947,0.2481892195401057,-0.09403006583839864,0.9641371572667966,5.472354540324362e-05,41.05166101724159,0.8336444112166894
398,2,0,0.29666666666666675,-0.26999999999999996,0.808038728652523,0.2564337013404716,-0.09676768370242508,0.9617056577808477,7.467871177651517e-05,41.59372554382885,0.9303337404919163
399,2,0,0.29833333333333334,-0.26999999999999996,0.8075895638201965,0.2623746998675602,-0.09777020664334325,0.9600002622720087,7.708321533430622e-05,41.3012126321318,0.9185764890166734
400,2,0,0.30000000000000004,-0.26999999999999996,0.807120917280157,0.2691297054535363,-0.09902311779143566,0.9579998036457816,7.83465530546251e-05,41.028538054993106,0.9485180898923465
401,2,1,0.30000000000000004,-0.26899999999999996,0.8072093878014025,0.2677529297402791,-0.09217783147293608,0.9590680976867307,6.421956032294865e-05,40.53211109130821,0.2383353069427452
402,2,1,0.30000000000000004,-0.26799999999999996,0.8073056669468954,0.2642411405740486,-0.0851799003842781,0.9606877766468408,3.671094138546336e-05,39.97295558916215,0.3190377411421904
403,2,1,0.30000000000000004,-0.26699999999999996,0.8073889652509606,0.2641680780169953,-0.08051290358549039,0.9611102428509647,3.786307928604249e-05,40.498140410028896,0.3469711803285102
404,2,1,0.30000000000000004,-0.26599999999999996,0.8074675293145799,0.26454416352869714,-0.07571346415030275,0.9613968259201102,3.933696995461639e-05,40.98882720179336,0.34836201518671656
405,2,1,0.30000000000000004,-0.26499999999999996,0.8075405173855656,0.26465026504010203,-0.07104604925153199,0.9617238148761591,4.094451277306079e-05,41.61898510502119,0.32633464875810525
406,2,1,0.30000000000000004,-0.26399999999999996,0.8076080270531618,0.26509001821743444,-0.06627676080256908,0.9619431756704755,4.2987725765634684e-05,42.519580627156465,0.24603808678385242
407,2,1,0.30000000000000004,-0.26299999999999996,0.8076719453888913,0.2651791065719384,-0.061517455688175945,0.9622347136137638,4.4617800707983895e-05,43.19997667025937,0.32493979511133414
408,2,1,0.30000000000000004,-0.26199999999999996,0.8077348969800848,0.26468306742093783,-0.056749941376475585,0.9626641771533881,4.410858280232777e-05,43.55735124624651,0.2925565100028163
409,2,1,0.30000000000000004,-0.26099999999999995,0.8077912609081022,0.2645121863550931,-0.051999643055708596,0.9629794080829183,4.417946923106206e-05,43.60946157615931,0.30984234343671896
410,2,1,0.30000000000000004,-0.25999999999999995,0.8078438941106354,0.2642944289022554,-0.04730162708193358,0.9632813768191684,4.3489148296705614e-05,43.44051897963432,0.27394831635179995
411,2,1,0.30000000000000004,-0.25899999999999995,0.8078906498206204,0.26415282328610407,-0.042637264198715864,0.9635379336858666,4.317677930984992e-05,43.48759085601145,0.3165695013324495
412,2,1,0.30000000000000004,-0.25799999999999995,0.8079351597697656,0.26369573004799385,-0.03787251149326272,0.9638621451367659,4.161915420505017e-05,42.95072962794149,0.2913397771001884
413,2,1,0.30000000000000004,-0.25699999999999995,0.8079713581117639,0.26366867304603775,-0.03310902990731928,0.9640449278911943,4.171934421451244e-05,42.7627529399519,0.29548159739853286
414,2,1,0.30000000000000004,-0.25599999999999995,0.8080056352754218,0.2630751666978563,-0.02835540022808925,0.9643585577702932,4.055179388115891e-05,42.52410462257852,0.32180737970255124
415,2,1,0.30000000000000004,-0.25499999999999995,0.8080347893339451,0.2626741249001487,-0.023551664218634156,0.9645971300084164,3.857613871528332e-05,40.941128209315664,0.3254690824293172
416,2,1,0.30000000000000004,-0.25399999999999995,0.8080571859447856,0.26271227074562004,-0.018811324430106635,0.9646908296821657,3.903957729365961e-05,41.35458942190217,0.3136479046563864
417,2,1,0.30000000000000004,-0.25299999999999995,0.8080757710999733,0.2626165716026917,-0.01415182597879015,0.9647964874216294,3.772641536483211e-05,40.430046569943045,0.3320491294548496
418,2,1,0.30000000000000004,-0.25199999999999995,0.8080889367773363,0.26265579909206666,-0.009397364023300778,0.9648438323131477,3.8362827328084536e-05,40.73776379067296,0.34667571530658287
419,2,1,0.30000000000000004,-0.25099999999999995,0.8080996793753806,0.2630203622590306,-0.004255464159166536,0.9647808974383347,3.892176919692968e-05,41.09670133504619,0.34393483411648423
420,2,1,0.30000000000000004,-0.24999999999999994,0.8081032661300352,0.26280307096196237,0.0002986642161597968,0.9648494476822007,3.7921040330069516e-05,41.29967767715635,0.34707136737236877
421,3,0,0.2983333333333334,-0.24999999999999994,0.8085527505815212,0.2566600424316209,0.0002752815513741522,0.9665017055541423,3.879062211446465e-05,41.19534214722372,0.8955318585950407
422,3,0,0.2966666666666667,-0.24999999999999994,0.8089898037708162,0.250997276755272,0.00022908283010006732,0.9679877657194301,3.8183305997292585e-05,41.31910408486149,0.7707214816260237
423,3,0,0.29500000000000004,-0.24999999999999994,0.809409927919785,0.24476554209516896,0.00032187553045781293,0.9695822429268189,3.8036079212072075e-05,42.35873019401298,0.7560770849971257
424,3,0,0.2933333333333334,-0.24999999999999994,0.8098117144185146,0.23876026682362267,0.0004583455324780342,0.9710784339617914,3.7246268642908654e-05,42.707274229280685,0.7697202497279285
425,3,0,0.2916666666666667,-0.24999999999999994,0.8101993878875444,0.23307648014989177,0.0006657453332545304,0.9724581796581734,3.5838833550776435e-05,43.32545134267021,0.5813775258592881
426,3,0,0.29000000000000004,-0.24999999999999994,0.8105884743143891,0.2276002848417543,0.0004753676351110114,0.9737545298305748,3.401553540440533e-05,43.34943382392217,0.5261935330867024
427,3,0,0.2883333333333334,-0.24999999999999994,0.8109703303127553,0.22226499724373416,0.0003655532043099346,0.9749862241955511,3.3565064387153474e-05,43.895937027521896,0.5262253812905381
428,3,0,0.28666666666666674,-0.24999999999999994,0.8113432346725324,0.21699640308485335,0.00026239884068695636,0.9761723680759891,3.2967887337151494e-05,44.04271025929788,0.4898485752037414
429,3,0,0.28500000000000003,-0.24999999999999994,0.8117033323972054,0.21165252052942968,0.00016335894253970086,0.9773449666660156,3.2668560122066296e-05,44.42584433764789,0.4440809827379259
430,3,0,0.2833333333333334,-0.24999999999999994,0.8120517998917701,0.20641900325388787,8.408805615254573e-05,0.9784636876373441,3.2506539633140246e-05,45.55814630738767,0.43091365312059116
431,3,0,0.28166666666666673,-0.24999999999999994,0.8123959139578557,0.20128107434879092,3.519211896716901e-05,0.9795335256490771,3.208111420984923e-05,46.106757802421555,0.4098391424048562
432,3,0,0.28,-0.24999999999999994,0.8127280737899556,0.19617488120531223,-1.4999200255598574e-06,0.9805689246462137,3.201477748601455e-05,46.68395553606885,0.3812356094920928
433,3,0,0.2783333333333334,-0.24999999999999994,0.8130543901285708,0.19113316465825012,-3.06930707384342e-05,0.9815641152903145,3.180952112867804e-05,47.186977340265415,0.5066363322090721
434,3,0,0.2766666666666667,-0.24999999999999994,0.8133688194340141,0.18607697712472607,-7.018707659074045e-05,0.9825351666265684,3.0283416070242697e-05,47.526609506930015,0.6326881317302429
435,3,0,0.275,-0.24999999999999994,0.8136762194258843,0.1810940711541236,-0.00011568649309087553,0.9834657716511849,2.9771308480760067e-05,47.81035150937015,0.5413354090315914
436,3,0,0.2733333333333334,-0.24999999999999994,0.8139703383077532,0.17615392702602997,-0.0003432873757726196,0.9843625735200856,2.8201541318669522e-05,47.523588138373725,0.6364192994468301
437,3,0,0.2716666666666667,-0.24999999999999994,0.8142591881593445,0.17130527209805335,-0.00025381593861321505,0.9852179653908476,2.7011336385658667e-05,46.96823442807289,0.30372341496331207
438,3,0,0.27,-0.24999999999999994,0.8145357656407273,0.16664746721484486,-0.00032850766957920856,0.9860164875668094,2.731403603291555e-05,47.52577909554063,0.6644867245464419
439,3,0,0.26833333333333337,-0.24999999999999994,0.8148061280863863,0.1619985530343278,-0.00027672059749965917,0.9867909567079012,2.765797330622027e-05,47.105839346563606,0.7394549313031834
440,3,0,0.2666666666666667,-0.24999999999999994,0.815067781811661,0.15750427873957598,-0.0002046389670343667,0.9875182835277628,2.9061955480687373e-05,48.97265494759868,0.5698350952306271
441,3,0,0.265,-0.24999999999999994,0.8153244534596027,0.1529877880358151,-0.00016361663720136302,0.988228065752792,2.9739433054962252e-05,50.47195216743162,0.44023640221929494
442,3,0,0.26333333333333336,-0.24999999999999994,0.8155710833369935,0.1485311853046225,-0.0001314710258899714,0.9889077154655903,3.1149379280293895e-05,51.206753700863615,0.366778259588497
443,3,0,0.2616666666666667,-0.24999999999999994,0.8158138359999454,0.14405132943178212,-0.00010407431947462902,0.989570211585551,3.159261080905629e-05,52.00779385202948,0.7384298430454264
444,3,0,0.26,-0.24999999999999994,0.8160448690449518,0.13946910865706363,-7.972844093478232e-05,0.9902264192465176,2.963017341173787e-05,51.68172713801087,0.5014946033378206
445,3,0,0.25833333333333336,-0.24999999999999994,0.8162690037738556,0.13498828489571374,-9.388233816292357e-05,0.9908471900989679,2.829539005587403e-05,51.920753205617466,0.3877351434684796
446,3,0,0.2566666666666667,-0.24999999999999994,0.8164886756824492,0.1305771183231554,-0.00010530608448137675,0.9914381499019742,2.7735319523816105e-05,51.86880865310044,0.38510388102206883
447,3,0,0.255,-0.24999999999999994,0.8166945188742522,0.12627612024419738,-8.760451198974289e-05,0.9919951279021095,2.8223707675709703e-05,51.97232762038561,0.6605614859624007
448,3,0,0.25333333333333335,-0.24999999999999994,0.8168959198360364,0.12200927174687015,3.332573759432773e-05,0.9925289600294763,2.797450663534662e-05,52.581374719924455,0.8367713293052941
449,3,0,0.2516666666666667,-0.24999999999999994,0.8170912898030938,0.11766316601113444,4.2505702260844725e-05,0.9930535622802537,2.621155356525922e-05,52.340788949405194,0.7784061694812424
450,3,0,0.25000000000000006,-0.24999999999999994,0.8172808822542226,0.11346309733686576,-7.878239621357988e-05,0.9935422081301121,2.5655933941315574e-05,52.76100993006966,0.48012688496095957
451,3,0,0.24833333333333335,-0.24999999999999994,0.8174636990570034,0.10923938296447694,-0.00010197205898581233,0.994015466082515,2.4086797210298395e-05,52.53442625964959,0.3626394626407286
452,3,0,0.2466666666666667,-0.24999999999999994,0.8176406920629177,0.10513156517124718,-0.00019276266550616645,0.9944583032220097,2.346828989851425e-05,53.09618632180914,0.6711136365102108
453,3,0,0.24500000000000005,-0.24999999999999994,0.8178087714263065,0.1010065034348723,-0.00018354168503243793,0.9948857485039733,2.2185201233901567e-05,53.02851006924282,0.5508407093394054
454,3,0,0.24333333333333337,-0.24999999999999994,0.8179717111715678,0.09695170744030568,-0.00015849646582501988,0.9952890742408859,2.1292187483851078e-05,53.270121472054996,0.7309787946810672
455,3,0,0.2416666666666667,-0.24999999999999994,0.8181277268440743,0.09300769172971274,-0.00013650084448543472,0.9956653808617785,2.113272619898524e-05,53.672832825778,0.6944659322497959
456,3,0,0.24000000000000005,-0.24999999999999994,0.8182762625975604,0.08905684640009977,-4.3215498821278695e-05,0.9960265439443317,2.0424279001188868e-05,54.58888263489661,0.8072762565038994
457,3,0,0.23833333333333337,-0.24999999999999994,0.8184187628314442,0.08520689275038622,-0.00024915655300773156,0.9963632486943887,2.0582832583729987e-05,54.49549631762575,0.4385800063173549
458,3,0,0.2366666666666667,-0.24999999999999994,0.8185555735296307,0.08126415724549108,-0.00017527925825934268,0.9966925835102625,1.9518945159142583e-05,54.70058580720175,0.864482123709472
459,3,0,0.23500000000000004,-0.24999999999999994,0.8186853672190705,0.07741718193891567,-0.00020149089158166667,0.9969987659681718,1.9268805820830364e-05,55.606115156498596,0.836839419486859
460,3,0,0.23333333333333336,-0.24999999999999994,0.8188097428378787,0.07359303452057975,-0.00012917371326860914,0.9972883477631755,1.89007196973832e-05,56.11207670935839,0.5379791688584552
461,3,0,0.2316666666666667,-0.24999999999999994,0.8189261455732486,0.06975597239248671,-0.0002215717223069509,0.9975640607106646,1.846803753925971e-05,56.576499206915486,0.6994423024792048
462,3,0,0.23000000000000004,-0.24999999999999994,0.8190378381480752,0.06596720484702474,-0.0002693369615295002,0.9978217552961408,1.8389861413406588e-05,57.026530674379316,0.9121146188788132
463,3,0,0.22833333333333336,-0.24999999999999994,0.8191435040451779,0.06221960798497482,-0.0002507424645343814,0.9980624517085153,1.846550348206379e-05,58.13252946850993,0.978782307689137
464,3,0,0.22666666666666668,-0.24999999999999994,0.8192422336851537,0.05836453393077308,-0.0004043068496525736,0.9982952557810815,1.7586317980218952e-05,58.35120077099961,0.9827781440781511
465,3,0,0.22500000000000003,-0.24999999999999994,0.8193353723735128,0.0546747276934725,-0.0006133268066509839,0.9985040300278576,1.7412856501531183e-05,59.501222058610765,0.9477332705582352
466,3,0,0.22333333333333336,-0.24999999999999994,0.8194225729784419,0.050935390914721684,-0.0005204844806818804,0.9987018148818344,1.734171787389519e-05,60.03538640618134,0.9033289077430963
467,3,0,0.22166666666666668,-0.24999999999999994,0.8195018705639157,0.04717795692511559,-0.0006457274562847314,0.9988862915349396,1.5995454576173685e-05,60.22391181019313,0.9460221088374903
468,3,0,0.22000000000000003,-0.24999999999999994,0.8195764390203188,0.04347566320979501,-0.0005878405225068315,0.9990543134144353,1.5732720320998478e-05,60.30943465374976,0.7751310965771138
469,3,0,0.21833333333333338,-0.24999999999999994,0.8196453640425574,0.03979105618415363,-0.000583641830333847,0.9992078518556404,1.5520208774453682e-05,60.81298064595479,0.9680598446586176
470,3,0,0.2166666666666667,-0.24999999999999994,0.8197071114250379,0.03611377886360146,-0.0005389017247150986,0.999347539428162,1.5185636519481733e-05,60.89798066383958,0.8877195109613858
471,3,0,0.21500000000000002,-0.24999999999999994,0.819763484191782,0.03241912470620098,-0.0005533269181778408,0.999474208863143,1.4632861980122349e-05,61.196597592832504,0.8513920702596595
472,3,0,0.21333333333333337,-0.24999999999999994,0.8198137689648987,0.02879080869032407,-0.0005598880310874441,0.9995853019429357,1.4528602438366458e-05,62.0287446322898,0.9280004408006087
473,3,0,0.2116666666666667,-0.24999999999999994,0.8198584114769634,0.025164526729508627,-0.0005269940947778527,0.9996831842497421,1.4474305182827212e-05,62.458466411763865,0.8583069779806443
474,3,0,0.21000000000000002,-0.24999999999999994,0.819896149647068,0.021487770166745954,-0.0005700554896690705,0.9997689486926467,1.3337904925099441e-05,63.14347161546283,0.8909909478259026
475,3,0,0.20833333333333337,-0.24999999999999994,0.8199278453321642,0.01781640767288826,-0.0006300159396673696,0.9998410767204703,1.2100899278816775e-05,63.369904779919935,0.7660864965417915
476,3,0,0.2066666666666667,-0.24999999999999994,0.819953911984373,0.014206970960172448,-0.0005965955435870366,0.9998988979141311,1.2098405241942959e-05,63.261568622246436,0.8719994477537483
477,3,0,0.20500000000000002,-0.24999999999999994,0.8199740928094983,0.010549349048832802,-0.0005757838187049474,0.9999441882963469,1.1536931134881524e-05,63.568431966679725,0.8435220755382956
478,3,0,0.20333333333333337,-0.24999999999999994,0.8199885543828419,0.006935180214414165,-0.0005204597151973538,0.9999758159061041,1.1492133946131384e-05,63.582186694913304,0.8171288482013349
479,3,0,0.2016666666666667,-0.24999999999999994,0.8199969945708523,0.003321622064436287,-0.00047252123781312596,0.9999943717594318,1.1507785749513472e-05,63.27295773752872,0.6671701633255878
480,3,0,0.2,-0.24999999999999994,0.8199992964409092,-0.00029829864161537624,-0.0004397480489375497,0.9999998588197769,1.1276349149785076e-05,63.987706966416596,0.9615251581798961
481,3,0,0.19833333333333336,-0.24999999999999994,0.8199951347036124,-0.003899186334788707,-0.0004114970322436647,0.9999923134785181,1.1157062760779355e-05,64.06379072043562,0.7969946295417824
482,3,0,0.19666666666666668,-0.24999999999999994,0.8199854237080361,-0.007498297921970112,-0.00037214480507888364,0.9999718181211494,1.1112247151300271e-05,63.634330245283564,0.8028324337278234
483,3,0,0.195,-0.24999999999999994,0.819970179337667,-0.01111147013698375,-0.00035879104776970276,0.9999382013406523,1.1095100746712545e-05,63.90125709808329,0.8342160838592256
484,3,0,0.19333333333333336,-0.24999999999999994,0.8199488640297022,-0.0147145471471305,-0.00031753539044275503,0.999891684770671,1.1287385692769659e-05,63.89211214498499,0.9268590448460651
485,3,0,0.1916666666666667,-0.24999999999999994,0.8199213851878799,-0.018293863570800782,-0.0002944469851302886,0.9998326099185932,1.153886420801336e-05,63.561988303701476,0.9774976295157652
486,3,0,0.19000000000000003,-0.24999999999999994,0.8198882886019963,-0.021913001655949563,-0.00027219930178200194,0.9997598442956019,1.1004958090709345e-05,63.175489608908954,0.5812905441823211
487,3,0,0.18833333333333335,-0.24999999999999994,0.8198492831402311,-0.025551086590101763,-0.00024240918365780944,0.9996734883009817,1.1291905202537565e-05,62.23006964738994,0.9832178919372904
488,3,0,0.1866666666666667,-0.24999999999999994,0.8198048797946337,-0.029164078655842297,-0.00019439196569271487,0.9995746188894152,1.1336548206305114e-05,62.24107301678252,0.7317634495896366
489,3,0,0.18500000000000003,-0.24999999999999994,0.8197538797882009,-0.03280519714532586,-0.000174124376504082,0.9994617495036805,1.1268773256206325e-05,62.60137785523725,0.5786811098308141
490,3,0,0.18333333333333335,-0.24999999999999994,0.8196965877490445,-0.03641738133250577,-0.0001622554780227016,0.9993366539910576,1.139023329981188e-05,61.873508124829236,0.7614727799059988
491,3,0,0.1816666666666667,-0.24999999999999994,0.8196340642444534,-0.04008816761021974,-0.00016425754726474606,0.999196132817333,1.1952844419724252e-05,62.2024698748504,0.805103354111372
492,3,0,0.18000000000000002,-0.24999999999999994,0.8195650990243915,-0.0437536928728848,-0.00013329201460065822,0.9990423397400253,1.2226603696798333e-05,62.47708455398754,0.7863283267931517
493,3,0,0.17833333333333334,-0.24999999999999994,0.8194897095526669,-0.04745825048671746,-0.00011116137455990913,0.9988732162311136,1.2593964947430932e-05,62.77599600644473,0.8614799089980832
494,3,0,0.1766666666666667,-0.24999999999999994,0.8194100131262282,-0.05111604057237844,-5.22164055829915e-05,0.9986927193434676,1.2875448172091947e-05,61.95855398370627,0.9713274668460844
495,3,0,0.17500000000000002,-0.24999999999999994,0.8193227195505535,-0.054805664500889736,-5.398175292736079e-05,0.9984970386659071,1.3198666110781721e-05,60.57117527636767,0.9811794291349044
496,3,0,0.17333333333333334,-0.24999999999999994,0.8192291797011664,-0.058529344211752904,-5.666206599185073e-05,0.9982856868930619,1.3069478275118464e-05,59.70957885648171,0.9001529282767504
497,3,0,0.1716666666666667,-0.24999999999999994,0.8191298001384497,-0.0622785034213571,-5.8013887451261154e-05,0.9980588082102101,1.3802392295893928e-05,58.574503081728906,0.9245924278551909
498,3,0,0.17,-0.24999999999999994,0.8190254062328955,-0.06607824307196321,-5.058958407689161e-05,0.9978144432875365,1.4360395142369017e-05,58.55026695434618,0.986754416891076
499,3,0,0.16833333333333336,-0.24999999999999994,0.818913334553577,-0.06989620515586038,-1.1360423476069513e-05,0.9975542693887639,1.4880220382942321e-05,58.519423654662475,0.9555843196959898
500,3,0,0.16666666666666669,-0.24999999999999994,0.8187950173197631,-0.07374542256450871,-3.0654154263584256e-05,0.997277098759971,1.5380606881851964e-05,58.534714838794514,0.8267712922673256
501,3,0,0.165,-0.24999999999999994,0.8186710818856822,-0.0775931269694282,-3.635407678777256e-05,0.9969851078754823,1.589334278075378e-05,57.793976253614915,0.6967236568342198
502,3,0,0.16333333333333336,-0.24999999999999994,0.8185395611835078,-0.08145020442010668,-2.323118807325049e-05,0.9966774120347238,1.6340868433181035e-05,57.31438562827425,0.4829848080540223
503,3,0,0.16166666666666668,-0.24999999999999994,0.8184037215122476,-0.08537288479246578,2.8719906737345242e-05,0.9963490702145404,1.7394999074020254e-05,56.64654127110636,0.36266295110934854
504,3,0,0.16000000000000003,-0.24999999999999994,0.8182603915727936,-0.0892629844336171,1.6960806051502265e-05,0.9960080919964129,1.778141198330804e-05,55.80507192573414,0.02461946401792194
505,3,0,0.15833333333333335,-0.24999999999999994,0.8181118672168274,-0.0931879385303101,5.8437550040352346e-05,0.9956485347237368,1.8146245439333244e-05,55.35138280260129,0.025346697722445674
506,3,0,0.15666666666666668,-0.24999999999999994,0.8179560367746483,-0.09717729721923037,7.154659190396749e-05,0.9952670836445112,1.8992233915656756e-05,54.86206553139695,0.36206288469916414
507,3,0,0.15500000000000003,-0.24999999999999994,0.8177943965566407,-0.10118170796775902,6.515499164296492e-05,0.9948679599462203,1.9497647650612214e-05,53.99170096615063,0.5678170658362881
508,3,0,0.15333333333333335,-0.24999999999999994,0.8176263387377808,-0.10528649897982274,0.00010852428384493121,0.9944419245763181,1.9891485719257404e-05,53.69499230366067,0.9550777110170602
509,3,0,0.15166666666666667,-0.24999999999999994,0.8174538848015894,-0.1094071405203359,0.00013781442367119512,0.9939970113689217,2.0082052276282345e-05,53.40080220548693,0.8762097604104613
510,3,0,0.15000000000000002,-0.24999999999999994,0.8172720601984061,-0.11349410771439644,0.00016288523897242557,0.9935386560081655,1.9907624165168302e-05,52.85544945602958,0.432103830250944
511,3,0,0.14833333333333334,-0.24999999999999994,0.8170853409733174,-0.11769313168795709,0.00012344561810276555,0.9930500045388755,2.0754332735228528e-05,52.475743274087705,0.02344840772497834
512,3,0,0.14666666666666667,-0.24999999999999994,0.8168921905294826,-0.12198025144103665,9.717942524843689e-05,0.9925325227993996,2.1558107001714305e-05,52.03349211855624,0.3349299759656425
513,3,0,0.14500000000000002,-0.24999999999999994,0.8166871407888996,-0.12622406336455116,0.0001233367594095998,0.992001749300769,2.1428800277689188e-05,51.57247362434269,0.43090654443520354
514,3,0,0.14333333333333334,-0.24999999999999994,0.8164812661301247,-0.13064739465712058,8.978731907675392e-05,0.9914288931676057,2.242680095417847e-05,51.372235459104424,0.8430688914404909
515,3,0,0.1416666666666667,-0.24999999999999994,0.8162625747050155,-0.13505768648534744,0.0001273889379480132,0.9908377289411643,2.2872862304019154e-05,51.25567106225368,0.9626107694610309
516,3,0,0.14,-0.24999999999999994,0.8160380878541843,-0.13950631797599242,0.0001274455586029824,0.9902211727702104,2.4563039473987964e-05,51.90401253519944,0.6274972130579923
517,3,0,0.13833333333333334,-0.24999999999999994,0.8158097214132265,-0.14409994674787913,5.733733078349473e-05,0.9895631369749426,2.71063917440944e-05,53.15590287835059,0.02212245334360288
518,3,0,0.1366666666666667,-0.24999999999999994,0.8155699605724828,-0.148599494308883,8.591274275935492e-05,0.9888974582382872,2.7615819877043304e-05,52.05555904358427,0.023128350753958353
519,3,0,0.135,-0.24999999999999994,0.8153252360425189,-0.15308159319093426,0.00011571154849603237,0.988213545969171,2.5306721260772822e-05,50.218521053244224,0.025762226577879094
520,3,0,0.13333333333333336,-0.24999999999999994,0.815069257318466,-0.15763287212985672,7.776012346188599e-05,0.987497783074704,2.504188579357464e-05,49.0977993560644,0.4363611213958824
521,3,0,0.13166666666666668,-0.24999999999999994,0.8148042904158578,-0.16223794707961903,8.236453011427637e-05,0.986751661637048,2.410084820095168e-05,47.78616445891986,0.7859616230064524
522,3,0,0.13,-0.24999999999999994,0.8145313208804287,-0.16696990698788905,7.206376652296351e-05,0.985961989615862,2.5094959798486437e-05,47.72668908598462,0.9637390909317156
523,3,0,0.12833333333333335,-0.24999999999999994,0.8142504313442511,-0.17167694572266717,3.784522814213779e-05,0.9851533001899121,2.5816090370256984e-05,47.36394872241556,0.8673497369397228
524,3,0,0.12666666666666668,-0.24999999999999994,0.8139631057382558,-0.17646174238005355,0.00010038875215149174,0.9843074943320781,2.7157014452305032e-05,47.91262073858679,0.6299315452542548
525,3,0,0.125,-0.24999999999999994,0.8136658510940226,-0.1813311140304969,0.0001047703528222624,0.9834220945797548,2.7945377582051956e-05,48.33089046849598,0.5443807317355883
526,3,0,0.12333333333333335,-0.24999999999999994,0.813360209398142,-0.18621156202355313,7.712248588567395e-05,0.9825096682582165,2.799616501757865e-05,47.98494104371392,0.4125319698816039
527,3,0,0.12166666666666667,-0.24999999999999994,0.8130484504859411,-0.1911767985478928,3.618886346839752e-05,0.9815556175720989,2.924874560430492e-05,48.919844938249156,0.3699209926699528
528,3,0,0.12,-0.24999999999999994,0.8127218818763057,-0.19618619262845646,-4.9073402487611445e-06,0.9805666615778187,2.9409073773779768e-05,48.711473314977496,0.37211885573590775
529,3,0,0.11833333333333335,-0.24999999999999994,0.8123892577890158,-0.20124222200011962,-5.548920420301892e-05,0.9795415075459554,2.9965494522983007e-05,48.71424909642785,0.5028770595751483
530,3,0,0.11666666666666667,-0.24999999999999994,0.8120450669169819,-0.2063326398551979,-0.0001155255921658033,0.9784818998756303,3.0038435583335517e-05,47.52871024351971,0.7174156803614907
531,3,0,0.11500000000000002,-0.24999999999999994,0.811694639081978,-0.2114795231498193,-0.00019840818595160355,0.9773824082325796,3.060369699531311e-05,47.013416038953196,0.9590668910471595
532,3,0,0.11333333333333334,-0.24999999999999994,0.8113315160447697,-0.2165995065193804,-0.0002686512653077121,0.9762605090866161,3.160681707911017e-05,46.72553309139984,0.424234112551446
533,3,0,0.11166666666666666,-0.24999999999999994,0.8109616857456362,-0.22181588220672438,-0.00033737303922414804,0.9750885091007302,3.177090894978778e-05,45.70020061069964,0.022817081906991193
534,3,0,0.11000000000000001,-0.24999999999999994,0.8105800214072835,-0.22696471036123447,-0.0004030188181984112,0.9739028995882871,3.2264941256182224e-05,45.086097298854234,0.9478145732079051
535,3,0,0.10833333333333334,-0.24999999999999994,0.8101926441465894,-0.23232894557683864,-0.0004560319216870685,0.9726371641480912,3.2031621832137e-05,43.1155091811968,0.024456018284745844
536,3,0,0.10666666666666669,-0.24999999999999994,0.8098091445475182,-0.23837384670543216,-0.00026648411005268815,0.9711734336322603,3.196112131970118e-05,40.68388470367286,0.9277887349210259
537,3,0,0.10500000000000001,-0.24999999999999994,0.8094084128853908,-0.24448767082155595,-0.00028974098569984626,0.9696523577377677,3.311798904956263e-05,40.009616944746,0.9275560056029951
538,3,0,0.10333333333333333,-0.24999999999999994,0.8089937416368258,-0.2510984691915988,-0.00010171682559436501,0.9679615428431664,3.769380697555095e-05,40.44879797592229,0.8250066300223332
539,3,0,0.10166666666666668,-0.24999999999999994,0.8085557433529659,-0.2567385178129266,-9.841391581927885e-05,0.9664808967516755,3.7887132263324816e-05,40.12337558362982,0.9734243045859129
540,3,0,0.1,-0.24999999999999994,0.8081076983657999,-0.262548133603365,3.6813376489976986e-05,0.9649188961701209,3.847318080455692e-05,39.81172022489474,0.9367550333497395
541,3,1,0.1,-0.24899999999999994,0.8081019850243475,-0.2625413336389233,0.004469008063149873,0.9649103979634724,4.280006987243969e-05,41.193679394406544,0.30609631922471525
542,3,1,0.1,-0.24799999999999994,0.8080918163864242,-0.2619402217001252,0.009567143633826759,0.9650366780689628,3.4968480147660815e-05,37.74746805284685,0.3477370993787576
543,3,1,0.1,-0.24699999999999994,0.8080785816194253,-0.26181908438181567,0.014186598345018883,0.965012698093069,3.5437789883070206e-05,38.4036464992922,0.3455334100449117
544,3,1,0.1,-0.24599999999999994,0.8080595467439247,-0.2621074986477789,0.019107875095420886,0.9648494951348331,3.8487207905529414e-05,40.23819177610915,0.33103449548715735
545,3,1,0.1,-0.24499999999999994,0.8080352180184815,-0.26224769026372013,0.023803071338522434,0.9647069828430793,4.000710679167809e-05,41.25327709322937,0.30888501018010506
546,3,1,0.1,-0.24399999999999994,0.8080052470691867,-0.2626506580031673,0.02871912125011553,0.9644635005665712,4.189559213087406e-05,42.704906516297115,0.28782500731025973
547,3,1,0.1,-0.24299999999999994,0.8079689747556481,-0.2633250083193079,0.03354124617752235,0.9641239156864096,4.444440411436975e-05,43.7067418139013,0.3240672009241868
548,3,1,0.1,-0.24199999999999994,0.8079338117008178,-0.2629119149483068,0.03834810975820884,0.9640574399153748,4.3607362096183926e-05,43.98429080808401,0.29589366018444047
549,3,1,0.1,-0.24099999999999994,0.8078900983229947,-0.2634903757790033,0.04316856014296514,0.9636956455681549,4.4021775443210136e-05,44.27983197038498,0.3238367921639629
550,3,1,0.1,-0.23999999999999994,0.8078432016618675,-0.2638111378545466,0.04795497629154323,0.9633815463214805,4.3183616847468324e-05,44.17115739933644,0.3148557120477232
551,3,1,0.1,-0.23899999999999993,0.8077911200756069,-0.26391482914213626,0.05259650841112385,0.9631108816028587,4.2875650977588795e-05,44.004448567689536,0.21077559880782373
552,3,1,0.1,-0.23799999999999993,0.80773407919231,-0.2642228798613209,0.05733564819008665,0.9627558845337755,4.237908807896502e-05,43.91656658969636,0.3344281844867492
553,3,1,0.1,-0.23699999999999993,0.8076710740593118,-0.26444626464413695,0.062031806498589644,0.9624033603943227,4.253963925332535e-05,44.08553451809133,0.271093168516623
554,3,1,0.1,-0.23599999999999993,0.8076055589755486,-0.2642621004507373,0.06674585043005105,0.9621385210642663,4.180625829711343e-05,44.30527400881284,0.3341304604841292
555,3,1,0.1,-0.23499999999999993,0.8075345022610662,-0.2642562033969345,0.07151233493456721,0.9617976112043761,4.0581500544841256e-05,44.3384545032215,0.2507272396571981
556,3,1,0.1,-0.23399999999999993,0.8074594092938641,-0.26438845104491787,0.07614160479768216,0.9614058471701233,3.9417252929916505e-05,43.988315361497584,0.2905282322118423
557,3,1,0.1,-0.23299999999999993,0.8073796700853795,-0.264310854175395,0.0808594724185367,0.961041891951266,3.8002950594704934e-05,43.59357461414699,0.25662972056564326
558,3,1,0.1,-0.23199999999999993,0.8072959485678277,-0.26430265368122086,0.08555112029148078,0.9606378678117666,3.600246673755394e-05,42.903942628193086,0.3095038802472405
559,3,1,0.1,-0.23099999999999993,0.8072075217946567,-0.26541972543158404,0.09139525905403265,0.9597912668774753,4.876834330175013e-05,42.243307555327895,0.30095732557323723
560,3,1,0.1,-0.22999999999999993,0.8071163798647137,-0.26633421677051317,0.097806740416433,0.9589055879002634,6.155007769561927e-05,41.5314961264386,0.3478641219555512
561,4,0,0.10166666666666667,-0.22999999999999993,0.8075733968604256,-0.26010309702117673,0.09603999075278584,0.9607927451309137,5.250143663776981e-05,41.29553109204363,0.8372644261373228
562,4,0,0.10333333333333333,-0.22999999999999993,0.8080176781824203,-0.25428305856539674,0.094964406394256,0.9624561744021458,4.9096100074777396e-05,42.14635857032829,0.7598367017281119
563,4,0,0.10500000000000001,-0.22999999999999993,0.8084481797066971,-0.24805003011444754,0.09398367630060045,0.9641774998148658,4.2444326966876096e-05,42.6482547896618,0.6680731009658769
564,4,0,0.10666666666666667,-0.22999999999999993,0.80886610639557,-0.2420183289109334,0.0930091092440105,0.9658035173205753,3.925540138428001e-05,42.88210709091926,0.5734980170347712
565,4,0,0.10833333333333334,-0.22999999999999993,0.8092693849675805,-0.23579531097411974,0.09184655272189891,0.9674527286000706,3.356222771530067e-05,43.43401691793541,0.7243226072534628
566,4,0,0.11000000000000001,-0.22999999999999993,0.8096676406398611,-0.23022640301730218,0.09115179592166604,0.968858686008424,3.4035247987670616e-05,43.838781931760224,0.49067022555053486
567,4,0,0.11166666666666668,-0.22999999999999993,0.8100570116322712,-0.2249003174000711,0.09059375044128805,0.9701611307480468,3.40260489160487e-05,44.76426387371082,0.7308587857218205
568,4,0,0.11333333333333334,-0.22999999999999993,0.8104361337659683,-0.21962709382182766,0.09003377934368793,0.9714205362439432,3.426863854987936e-05,45.473480994301326,0.9691859091616054
569,4,0,0.115,-0.22999999999999993,0.8108067387998384,-0.2144275156971053,0.08950298352028438,0.9726304829959502,3.440014420795472e-05,46.140633623853134,0.36731284486673543
570,4,0,0.11666666666666667,-0.22999999999999993,0.811166335186965,-0.20922515483700097,0.08894378581799241,0.9738140672365521,3.438258085900766e-05,46.873047003520924,0.3841571336750192
571,4,0,0.11833333333333335,-0.22999999999999993,0.8115179009161886,-0.20405449008148793,0.08840635040428169,0.9749595285373539,3.418274673741314e-05,47.33948608173043,0.5358052680035635
572,4,0,0.12000000000000001,-0.22999999999999993,0.81186035850122,-0.19894022073246287,0.08785453951645303,0.9760657603160101,3.4210654152229685e-05,47.67737556522307,0.9075754751479211
573,4,0,0.12166666666666667,-0.22999999999999993,0.8121933422215931,-0.19385767183429478,0.08733424743651191,0.9771345517868484,3.424668460646421e-05,48.233070331679926,0.3604768845906597
574,4,0,0.12333333333333335,-0.22999999999999993,0.8125152973094355,-0.1887771032900413,0.08684417165629015,0.9781724260695319,3.421643947757751e-05,48.65650543923918,0.9504574354390116
575,4,0,0.125,-0.22999999999999993,0.812826679725726,-0.18369217846664837,0.0863777873854282,0.9791813220321223,3.388455940329552e-05,48.52444472234576,0.3687946661081402
576,4,0,0.12666666666666668,-0.22999999999999993,0.8131270649238921,-0.178662374733044,0.08593160221241966,0.9801507616667733,3.297084184480973e-05,48.542394753707335,0.2780210926075788
577,4,0,0.12833333333333335,-0.22999999999999993,0.8134171945967995,-0.17371526139551038,0.0853866980164836,0.9810872131264027,2.9699132434716915e-05,49.13721110637456,0.5258249883314773
578,4,0,0.13,-0.22999999999999993,0.8136994566128724,-0.1688906839712935,0.08497256000781649,0.9819651729635969,2.975333885586306e-05,48.29958341772143,0.2962975615050443
579,4,0,0.13166666666666668,-0.22999999999999993,0.8139769457322594,-0.1641080741280856,0.08455716428344273,0.9828115923076578,2.949651690120802e-05,47.91063130600419,0.9150699583577073
580,4,0,0.13333333333333336,-0.22999999999999993,0.8142459532696474,-0.15953515507130417,0.08424968728316252,0.9835906285081534,3.198502127608172e-05,49.34745621302524,0.3442671979629035
581,4,0,0.135,-0.22999999999999993,0.8145074017387653,-0.1549614306190942,0.08392659778793433,0.9843491663044299,3.3140142196018745e-05,49.811187159005954,0.27381863959062697
582,4,0,0.1366666666666667,-0.22999999999999993,0.8147551651052313,-0.15050184726342994,0.08364253773657883,0.9850650333106338,3.440806540998711e-05,50.375231763700675,0.35709427364353846
583,4,0,0.13833333333333336,-0.22999999999999993,0.8149955543333315,-0.1459217113603616,0.0832657590638267,0.985785812193089,3.303858811459705e-05,50.28392385076202,0.897461884933756
584,4,0,0.14,-0.22999999999999993,0.8152312914793316,-0.14150514562919922,0.08302494974658543,0.9864497713923583,3.3754344725728285e-05,51.14316520573901,0.7971642973305841
585,4,0,0.14166666666666666,-0.22999999999999993,0.8154617548381654,-0.13694319675339178,0.08257667107132642,0.9871310218292908,3.1519285641360934e-05,50.90162594372643,0.4350618011572854
586,4,0,0.14333333333333334,-0.22999999999999993,0.8156810709850278,-0.13238364999750926,0.0822026366164651,0.9877840329478089,2.8505583017003343e-05,49.85996719273571,0.3195866584826769
587,4,0,0.14500000000000002,-0.22999999999999993,0.8158974149568499,-0.12805041767219236,0.08191704970644517,0.9883788178129724,2.8612518867908186e-05,50.01017924501272,0.2801082693778287
588,4,0,0.14666666666666667,-0.22999999999999993,0.8161029979454888,-0.12371764561513715,0.08151626836306228,0.9889636202386863,2.680906199246854e-05,50.48687596618797,0.2573182586188288
589,4,0,0.14833333333333334,-0.22999999999999993,0.8163021936725267,-0.11939350539992784,0.08125945954699339,0.989516089360071,2.5552186288072034e-05,50.333519874591026,0.6614545988595216
590,4,0,0.15000000000000002,-0.22999999999999993,0.8164953320756734,-0.11512757277694795,0.0809830361496696,0.9900441353002752,2.463607827643835e-05,50.721360978990745,0.9709585541551982
591,4,0,0.15166666666666667,-0.22999999999999993,0.8166822534159528,-0.11089763281929861,0.08073970963609958,0.9905467249569574,2.432548094668616e-05,50.419175030360755,0.6589476159141671
592,4,0,0.15333333333333335,-0.22999999999999993,0.8168597148135912,-0.10662988047613954,0.08035396241378759,0.991046572727058,2.1651151193092192e-05,50.49257123141901,0.7452878699260216
593,4,0,0.15500000000000003,-0.22999999999999993,0.817029748920831,-0.10250398841804315,0.08007357283911182,0.9915044908073655,2.1226219210541873e-05,50.625345576530876,0.9778305842741281
594,4,0,0.15666666666666668,-0.22999999999999993,0.8171949004965414,-0.09839295213761518,0.07982692757195471,0.9919407686974393,2.045105621759385e-05,50.80618099121765,0.4676954017787349
595,4,0,0.15833333333333335,-0.22999999999999993,0.817353320830351,-0.09436675223004082,0.0796420170833109,0.9923467464492721,2.0772173959963798e-05,51.18637268573514,0.2521102349174167
596,4,0,0.16000000000000003,-0.22999999999999993,0.8175060589775117,-0.09035395250922015,0.07944695186175521,0.9927357881661351,2.0182663528574537e-05,51.74874120225283,0.2656877609532716
597,4,0,0.16166666666666668,-0.22999999999999993,0.8176504353457869,-0.08637686502042383,0.07922274055148126,0.9931076450056942,2.019709017563507e-05,51.84198991330166,0.4347367306267022
598,4,0,0.16333333333333336,-0.22999999999999993,0.8177868045351567,-0.0823277392404778,0.07901002084617788,0.9934684494021129,1.8702154693478562e-05,51.88765236291028,0.3484110016832399
599,4,0,0.16500000000000004,-0.22999999999999993,0.8179182449058551,-0.07850489821547321,0.07883189468623598,0.993791986955196,1.89953027174628e-05,52.4935125219521,0.5787529768322586
600,4,0,0.16666666666666669,-0.22999999999999993,0.8180458357073083,-0.07461346501720167,0.07867813837108792,0.9941039087442454,1.8696424449094082e-05,53.09696197884376,0.9850046826312369
601,4,0,0.16833333333333333,-0.22999999999999993,0.8181658789383192,-0.07084394813198626,0.07853385542029757,0.9943910541461524,1.872406937495815e-05,54.29952675635428,0.6094409173815093
602,4,0,0.17,-0.22999999999999993,0.8182793610905214,-0.06697771564610064,0.07839803196087426,0.9946696608379546,1.8634199068387474e-05,55.214040168050445,0.22517495039736388
603,4,0,0.1716666666666667,-0.22999999999999993,0.8183842734242028,-0.06310690775080689,0.0782187172060201,0.9949368575305549,1.718277301581977e-05,56.138872449537416,0.2787262414739541
604,4,0,0.17333333333333334,-0.22999999999999993,0.8184856188789016,-0.05935652884952057,0.0781051688499827,0.9951765597530178,1.706389550856994e-05,56.55456638406953,0.4893166552453428
605,4,0,0.17500000000000002,-0.22999999999999993,0.8185801288663104,-0.05561342700513737,0.07801209458688187,0.9954000501481358,1.701041075694252e-05,56.388599853923786,0.49543374977309995
606,4,0,0.1766666666666667,-0.22999999999999993,0.8186677919388126,-0.05186290913192006,0.07788342671173393,0.995612580525182,1.6294474311665963e-05,56.956759605154176,0.5489943960796481
607,4,0,0.17833333333333334,-0.22999999999999993,0.8187491269846106,-0.048084504052431865,0.07774315250149975,0.9958131766095285,1.5222254882868002e-05,56.9794214348003,0.4843137103836473
608,4,0,0.18000000000000002,-0.22999999999999993,0.8188254993166478,-0.04432698518154454,0.07764220499765918,0.9959953847221465,1.470205106728384e-05,57.55585769675386,0.27981269298416045
609,4,0,0.1816666666666667,-0.22999999999999993,0.8188955221098765,-0.04064748377085372,0.07757446171247642,0.9961576104980163,1.4686444247004598e-05,57.963351010997314,0.025822425129839535
610,4,0,0.18333333333333335,-0.22999999999999993,0.8189599240598924,-0.03699349015645015,0.0775189797465552,0.9963043156912942,1.4673120318830232e-05,58.891858650392265,0.9464893855896096
611,4,0,0.18500000000000003,-0.22999999999999993,0.8190168369129966,-0.03325518932496872,0.07745199264892463,0.996441308466119,1.4761919633331195e-05,59.23668300228955,0.2507801878146094
612,4,0,0.1866666666666667,-0.22999999999999993,0.8190699233339112,-0.029618331859843857,0.07735591014078888,0.996563504039823,1.4242818028842418e-05,59.40734135058811,0.3567626586894041
613,4,0,0.18833333333333335,-0.22999999999999993,0.819114928364524,-0.025946942054996876,0.07729672918639123,0.9966704429524736,1.4203286300310907e-05,59.000282264461646,0.11047735192786019
614,4,0,0.19000000000000003,-0.22999999999999993,0.8191561288140677,-0.022262149296765184,0.0772610409548266,0.9967623228529783,1.4253984495213199e-05,59.854822409474124,0.02266843248422596
615,4,0,0.1916666666666667,-0.22999999999999993,0.8191895774282995,-0.01863836468744998,0.07724112534592213,0.9968382115052941,1.4287764154131943e-05,60.57794489884825,0.6506675589850391
616,4,0,0.19333333333333336,-0.22999999999999993,0.8192177881120919,-0.014922933294547205,0.07720826139302332,0.9969033004432042,1.4199580461627507e-05,60.527182075314784,0.7549788898849754
617,4,0,0.195,-0.22999999999999993,0.8192379344438399,-0.011250593804485494,0.07716833190945097,0.9969545991113935,1.3864013267122862e-05,60.510718694757685,0.714025156663237
618,4,0,0.19666666666666668,-0.22999999999999993,0.8192527095512471,-0.0075808685810729035,0.07714966230263166,0.9969907020820938,1.3971094723741795e-05,60.81761131540462,0.3065290422217562
619,4,0,0.19833333333333336,-0.22999999999999993,0.8192630070440665,-0.0039040473552967624,0.07714904920051442,0.9970119270207876,1.4340836251248109e-05,60.46009666791428,0.5170403104575176
620,4,0,0.2,-0.22999999999999993,0.8192658056869354,-0.0002360081382886957,0.0771495233382786,0.9970195060021819,1.4584880435442718e-05,60.560569981037006,0.2432865085780335
621,4,0,0.2016666666666667,-0.22999999999999993,0.8192649652339319,0.0034246681274801047,0.07717002958107763,0.9970120652141938,1.5132216490630874e-05,60.17292868215938,0.49600431286850905
622,4,0,0.20333333333333337,-0.22999999999999993,0.8192547461278039,0.0071049977192118915,0.0771812866824476,0.9969917592404923,1.5661457842692074e-05,60.13103355470885,0.3413712475853402
623,4,0,0.20500000000000002,-0.22999999999999993,0.8192413497372315,0.010734980309190243,0.07720300355665992,0.9969576001212848,1.5687423016987237e-05,60.03179577973808,0.5839285245868308
624,4,0,0.2066666666666667,-0.22999999999999993,0.819219449424806,0.014473906706649352,0.07723144803134117,0.9969081248839482,1.6195593603324545e-05,59.7993575558543,0.7378309067942165
625,4,0,0.20833333333333337,-0.22999999999999993,0.8191942359645176,0.018170064833577367,0.0772724897675659,0.9968444267131481,1.6608602855686193e-05,59.59828614626073,0.9011005982586449
626,4,0,0.21000000000000002,-0.22999999999999993,0.8191591039614815,0.0218845038624979,0.077317535243932,0.996766305226303,1.6872000839233675e-05,59.85011084452671,0.02026429722919452
627,4,0,0.2116666666666667,-0.22999999999999993,0.8191223922123818,0.025513942980071497,0.07735860768801955,0.9966768205041094,1.706374788674701e-05,59.2586687789755,0.17078631521085233
628,4,0,0.21333333333333337,-0.22999999999999993,0.8190758008839886,0.029240556125119437,0.07741307136727271,0.9965702214390009,1.725299207305747e-05,58.742233590228636,0.021921079560499206
629,4,0,0.21500000000000002,-0.22999999999999993,0.8190246648213666,0.0329282119906941,0.07747230742833153,0.9964505880558383,1.7397988937298916e-05,58.394799166341755,0.049671407477244744
630,4,0,0.2166666666666667,-0.22999999999999993,0.8189647027255503,0.03675831733040891,0.07755754189638746,0.9963100189208312,1.8002869012369424e-05,58.609022693400455,0.02533824312579333
631,4,0,0.21833333333333338,-0.22999999999999993,0.8189022219024359,0.040486799924627594,0.07763208776583863,0.9961596649036641,1.799807274016619e-05,58.17394711960649,0.10292423622537587
632,4,0,0.22000000000000003,-0.22999999999999993,0.8188326295180581,0.04428293188974017,0.07772444532570141,0.9959909299496961,1.8241969722636738e-05,57.602127251116734,0.41515286079645386
633,4,0,0.22166666666666668,-0.22999999999999993,0.8187559839783787,0.04797072655016308,0.07780944276764468,0.9958134865578183,1.8028971160931676e-05,57.02894842573514,0.6065809940663291
634,4,0,0.22333333333333336,-0.22999999999999993,0.8186762020481116,0.0517367728387182,0.07792462178901502,0.9956159197478079,1.8002674879495893e-05,57.462641065174225,0.8373063983763994
635,4,0,0.22500000000000003,-0.22999999999999993,0.8185868080071769,0.05553213721923516,0.07805175487623903,0.9954014794526899,1.8364239180675634e-05,56.69027102957567,0.020345214660884074
636,4,0,0.2266666666666667,-0.22999999999999993,0.8184959643185309,0.0593330460762105,0.07817801250521159,0.9951722403705064,1.874024882494113e-05,55.5788519442777,0.16292690034224458
637,4,0,0.22833333333333336,-0.22999999999999993,0.8183946235982866,0.06315870798402896,0.07829111088689998,0.9949278765628609,1.8666132368227314e-05,55.37840569082199,0.02209875416498202
638,4,0,0.23000000000000004,-0.22999999999999993,0.8182896666439808,0.0670300155629111,0.07846279410138085,0.9946610311837095,1.9328178079951456e-05,54.26250534579938,0.059157172435313744
639,4,0,0.2316666666666667,-0.22999999999999993,0.8181777170577366,0.07089035745611887,0.0786103109656286,0.9943817054982612,1.9546917842255096e-05,53.35104207646704,0.023963776423064125
640,4,0,0.23333333333333336,-0.22999999999999993,0.8180577555442282,0.07479151134291616,0.0787737337242444,0.9940829586640061,1.9931839881797356e-05,52.54139014612362,0.09808640448352485
641,4,0,0.23500000000000004,-0.22999999999999993,0.8179319642882409,0.07869461692425306,0.07890385032398026,0.9937712713050203,1.9787593385085597e-05,51.68287301246626,0.3408049275198597
642,4,0,0.2366666666666667,-0.22999999999999993,0.8177975497543057,0.08260871866277952,0.07908891544076731,0.9934388471643821,2.0137215805879362e-05,50.72114982234967,0.3520601770375798
643,4,0,0.23833333333333337,-0.22999999999999993,0.8176618155700016,0.08658832639151424,0.07924681010823476,0.9930873097670646,1.9977250916225503e-05,50.21399770917171,0.4162474914196004
644,4,0,0.24000000000000002,-0.22999999999999993,0.8175153136100908,0.0906016093219618,0.07945964252591606,0.9927122007903018,2.037866784856094e-05,50.13654908317104,0.8688635700073284
645,4,0,0.2416666666666667,-0.22999999999999993,0.8173657537614867,0.09467621501592166,0.0796840229815125,0.9923138973085789,2.1444107052855096e-05,48.82765284185712,0.42731140872161116
646,4,0,0.24333333333333337,-0.22999999999999993,0.8172056119455434,0.0987372424745568,0.07986335705691204,0.9919036249294186,2.1394261439680437e-05,48.66438008616748,0.8949728036706365
647,4,0,0.24500000000000002,-0.22999999999999993,0.8170410003265443,0.10289083328358398,0.08010195278149719,0.991462129174282,2.201287511697661e-05,48.081945989489284,0.4762854675965422
648,4,0,0.2466666666666667,-0.22999999999999993,0.8168664516472713,0.1070020393267999,0.0803516339735664,0.9910066490683521,2.2658231864548587e-05,47.77581677976405,0.40063037536475354
649,4,0,0.24833333333333338,-0.22999999999999993,0.8166912641288601,0.11113012165003311,0.08060086926157398,0.9905319762311198,2.2866684181294723e-05,47.050364518920105,0.4954753015974601
650,4,0,0.25,-0.22999999999999993,0.8165046750534204,0.11525721356076811,0.08081655900783999,0.990042654895404,2.2317957750368142e-05,46.52275127357558,0.02065386009387011
651,4,0,0.2516666666666667,-0.22999999999999993,0.8163133713833814,0.11955267598011987,0.08110596032248057,0.9895094647683571,2.41781753630338e-05,46.658348854670095,0.40173120382808414
652,4,0,0.2533333333333334,-0.22999999999999993,0.8161144439212851,0.12388349621369679,0.08142324607763435,0.9889505216966378,2.6326653845346902e-05,46.504687092622625,0.9595883442405339
653,4,0,0.255,-0.22999999999999993,0.8159068872057328,0.12825502584206938,0.08175026478314108,0.9883660974325943,2.7911460255640482e-05,46.85056929918687,0.025156270433580763
654,4,0,0.2566666666666667,-0.22999999999999993,0.8156980828386918,0.13266150094783546,0.0820731549619996,0.9877575225736582,2.81634596935035e-05,44.707504002976606,0.2573397229449934
655,4,0,0.25833333333333336,-0.22999999999999993,0.8154772650438876,0.137027740921534,0.08233051147813067,0.9871398508305146,2.79608919445694e-05,44.1759105859244,0.022413387434405182
656,4,0,0.26,-0.22999999999999993,0.8152459937821944,0.1415499708313016,0.08268255696009869,0.9864720982025784,2.888847045484933e-05,43.2977018868217,0.9057525757075978
657,4,0,0.2616666666666667,-0.22999999999999993,0.8150172140392428,0.1460449643535286,0.08300431406974056,0.9857896085031473,2.995757741794687e-05,43.424389179012806,0.021299504282746844
658,4,0,0.26333333333333336,-0.22999999999999993,0.8147746165514732,0.15069824744167337,0.08344731443590668,0.98505156409776,3.283273985428939e-05,43.97834322429354,0.3475794540707445
659,4,0,0.265,-0.22999999999999993,0.814525235847198,0.1551988513059139,0.08384917667619149,0.9843183591318663,3.33171726071039e-05,43.7047369469177,0.4602063373964253
660,4,0,0.2666666666666667,-0.22999999999999993,0.8142681951762737,0.15991733049910992,0.08427718151895432,0.9835262091481141,3.4326416215506935e-05,44.75647981983919,0.021915224866142998
661,4,0,0.26833333333333337,-0.22999999999999993,0.8140028820435444,0.16455636933819515,0.08465707032587232,0.9827280304102819,3.2980621323096094e-05,43.705486551248654,0.35959743289935747
662,4,0,0.27,-0.22999999999999993,0.8137294815776999,0.16941026892914002,0.08508434592832177,0.9818659862014296,3.282172452298863e-05,44.03699154215457,0.38427707034873304
663,4,0,0.2716666666666667,-0.22999999999999993,0.8134504930020882,0.17438603474932046,0.0854799903745973,0.9809600818228883,3.189681474064068e-05,42.820712139800854,0.021515698662791
664,4,0,0.2733333333333334,-0.22999999999999993,0.8131563239077922,0.17944157752068438,0.0860005298284006,0.9800023617961962,3.274101991952402e-05,42.676280544198846,0.023545732355596406
665,4,0,0.275,-0.22999999999999993,0.8128529704056544,0.18440355701105612,0.08640199382349459,0.9790454655556069,3.126484000607869e-05,42.69003948957878,0.4568979711102685
666,4,0,0.2766666666666667,-0.22999999999999993,0.8125369498996308,0.18948790200993507,0.08688376782399133,0.9780314646679727,3.098546173499611e-05,42.88368041869532,0.7935090436150478
667,4,0,0.2783333333333334,-0.22999999999999993,0.8122138051961121,0.19465373311550288,0.08731951709803473,0.9769775975517374,2.963286074085188e-05,41.86019638082321,0.6421398127319764
668,4,0,0.28,-0.22999999999999993,0.811878848835537,0.19976002683408015,0.08779319168405507,0.9759038309040367,2.9634077518688962e-05,42.01541501982004,0.7621600283041636
669,4,0,0.28166666666666673,-0.22999999999999993,0.8115378184497228,0.20491445839243397,0.08822341596454633,0.9747957189161645,2.8290443342224252e-05,41.56112134185392,0.6550749594318439
670,4,0,0.2833333333333334,-0.22999999999999993,0.8111837558454891,0.2100908348267083,0.08873853315808274,0.973646400832853,2.8647176071568623e-05,41.886769436090084,0.9638866771399431
671,4,0,0.28500000000000003,-0.22999999999999993,0.8108255448878933,0.21531732565027598,0.08919408052157178,0.9724622693321959,2.6625128068359235e-05,40.166602045003856,0.384598726747611
672,4,0,0.28666666666666674,-0.22999999999999993,0.8104557965170432,0.22062529061909264,0.08967949330353753,0.971227094772413,2.633722158424003e-05,40.32986664120661,0.02249853612484782
673,4,0,0.2883333333333334,-0.22999999999999993,0.8100742697409232,0.22588596591231702,0.09019790401839221,0.969969003893706,2.6220283720459544e-05,40.01069062868217,0.6447262958703168
674,4,0,0.29000000000000004,-0.22999999999999993,0.8096828735731388,0.23112825106327425,0.09071118230893153,0.9686853013050978,2.5874373744523736e-05,39.767925911639864,0.9924923099925854
675,4,0,0.29166666666666674,-0.22999999999999993,0.8092820627659494,0.23673094533054187,0.0911961690991109,0.9672857479899899,2.5309692888970047e-05,38.84204176297745,0.9943136902578539
676,4,0,0.29333333333333333,-0.22999999999999993,0.8088716052993685,0.24213859041506827,0.09194076023642443,0.9658756646892768,3.0047001309636738e-05,39.90069065460683,0.02603933662459964
677,4,0,0.29500000000000004,-0.22999999999999993,0.8084555371331558,0.247394910958824,0.09316615930344797,0.9644251265869839,3.990158714401686e-05,39.852380248447304,0.36087287013092806
678,4,0,0.29666666666666675,-0.22999999999999993,0.8080379403719723,0.25354814079444155,0.09538084821705883,0.9626088686964588,6.091486106266441e-05,40.825663075092564,0.37507805032797553
679,4,0,0.29833333333333334,-0.22999999999999993,0.8076047076333536,0.2587569456340037,0.09744723051354334,0.9610145057965574,7.180304256500995e-05,41.601848754010234,0.606210818617147
680,4,0,0.30000000000000004,-0.22999999999999993,0.8071431782654048,0.2650499435940501,0.09818035513435626,0.9592231988783854,7.338817289632987e-05,41.297194146692476,0.9436039867258195
681,4,1,0.30000000000000004,-0.22899999999999993,0.8070555231085923,0.26411731695203233,0.10327589613997211,0.9589453228221854,6.977841781359174e-05,41.404952497547356,0.2981135490888571
682,4,1,0.30000000000000004,-0.22799999999999992,0.8069516301006648,0.2645479882725052,0.10776494476509921,0.9583324467953414,6.758110849696802e-05,39.865129536872445,0.31614164667080563
683,4,1,0.30000000000000004,-0.22699999999999992,0.8068373131314864,0.265043886814164,0.11269569891636505,0.9576280162506695,6.781443650041146e-05,39.63075247455216,0.19848766405601206
684,4,1,0.30000000000000004,-0.22599999999999992,0.806717809151762,0.26585374779636584,0.11772642660659711,0.9567979270781621,6.733212345418704e-05,39.3363149895533,0.2649041436235992
685,4,1,0.30000000000000004,-0.22499999999999992,0.8065884420850731,0.26682465631905866,0.12266369823699326,0.9559070142618685,6.863262959534857e-05,39.47562844749165,0.16560726744996004
686,4,1,0.30000000000000004,-0.22399999999999992,0.8064580914705209,0.267678706220808,0.12776719357799576,0.954999295539613,6.786919622146622e-05,39.003598828894994,0.13947462283612502
687,4,1,0.30000000000000004,-0.22299999999999992,0.8063218557121872,0.2682077991543396,0.1327485597338607,0.9541710519405685,6.83540422514512e-05,39.16102445233898,0.20142823206275576
688,4,1,0.30000000000000004,-0.22199999999999992,0.8061789908661072,0.26893116832879194,0.13765033569114907,0.953272475101125,6.845425196890792e-05,38.842356178792734,0.19938449979110526
689,4,1,0.30000000000000004,-0.22099999999999992,0.8060278675509447,0.27028057208834455,0.1430281705420031,0.9520983955364092,6.911865692062868e-05,39.03085985436579,0.1439470777530871
690,4,1,0.30000000000000004,-0.21999999999999992,0.8058729334327022,0.27101646828388876,0.1480443006611753,0.9511219474708128,6.9335411847576e-05,39.36347291810477,0.14533786739913138
691,4,1,0.30000000000000004,-0.21899999999999992,0.8057149684461636,0.27183423418721947,0.15335385178320013,0.9500467068871425,6.813397366485838e-05,39.28722702744902,0.1685900201209175
692,4,1,0.30000000000000004,-0.21799999999999992,0.8055505206807555,0.2724723668854946,0.15833131214647544,0.9490468928761063,6.874861029703237e-05,39.14654048366232,0.1689650325736896
693,4,1,0.30000000000000004,-0.21699999999999992,0.8053805235690555,0.2730692926753561,0.16331083594185483,0.9480309764252186,6.882067101140499e-05,39.02811833283784,0.1492945270136537
694,4,1,0.30000000000000004,-0.21599999999999991,0.8052065783055827,0.2736609719580608,0.16840009174004397,0.9469694195320747,6.802194501744663e-05,38.945539477723415,0.1605066676319626
695,4,1,0.30000000000000004,-0.2149999999999999,0.8050254050826868,0.2742980662977324,0.1733745269565666,0.9458868030731328,6.840867527821171e-05,38.91470542881091,0.15258731585487717
696,4,1,0.30000000000000004,-0.2139999999999999,0.8048389937469501,0.2748997553702131,0.17831518883224404,0.9447930026884822,6.87536035071885e-05,38.64947830151389,0.19544058153040897
697,4,1,0.30000000000000004,-0.2129999999999999,0.8046509962129812,0.2753080826991073,0.18346742220004494,0.9436870056283556,6.62647295542018e-05,38.08108195724216,0.19261123117751444
698,4,1,0.30000000000000004,-0.2119999999999999,0.8044540318016001,0.2758084107544552,0.18838906114373488,0.9425705714685153,6.622582908068282e-05,38.05087189797707,0.2173851453568787
699,4,1,0.30000000000000004,-0.2109999999999999,0.8042541077098115,0.276156102352994,0.19350583007797342,0.9414315168184234,6.35474583858834e-05,37.83826436710022,0.2564917777450675
700,4,1,0.30000000000000004,-0.2099999999999999,0.8040453569416633,0.27671997189496944,0.19844307672736408,0.940237418130881,6.367459099885321e-05,37.69510575082709,0.34427574342454753
701,5,0,0.2983333333333334,-0.2099999999999999,0.8045309577191159,0.27094490530223686,0.19733245046421288,0.9421511355852367,6.345188887225153e-05,38.534570067992874,0.8527599922832598
702,5,0,0.2966666666666667,-0.2099999999999999,0.8050063263171208,0.26521533586267254,0.19637533279911096,0.9439796365871925,6.255743603177117e-05,38.95838188829454,0.8213759661599933
703,5,0,0.29500000000000004,-0.2099999999999999,0.8054689350129941,0.25956998481848265,0.1952467364213439,0.9457812299354152,6.234856288991687e-05,39.41532953041205,0.6332755692609293
704,5,0,0.2933333333333334,-0.2099999999999999,0.8059203931970401,0.25398386793884054,0.1941178092694517,0.9475286122071747,6.188028200132709e-05,40.10309245823121,0.5846556118325675
705,5,0,0.2916666666666667,-0.2099999999999999,0.8063619519874128,0.24818348069500348,0.1930568361028119,0.94928078983201,6.0629072391600627e-05,40.458694688917994,0.547989966440334
706,5,0,0.29000000000000004,-0.2099999999999999,0.8067906906557083,0.2425431913091192,0.19192892403543493,0.9509658713477516,6.079014444767518e-05,40.880647220561144,0.46106257895986075
707,5,0,0.2883333333333334,-0.2099999999999999,0.8072030498085558,0.23653868009565623,0.19075819991843257,0.952712318584411,6.15165728756954e-05,41.19883990068775,0.503405421768694
708,5,0,0.28666666666666674,-0.2099999999999999,0.8076066526062738,0.23076478338613668,0.1896435441305057,0.9543494857327531,6.181181487915082e-05,41.04048937082102,0.5680151484149264
709,5,0,0.28500000000000003,-0.2099999999999999,0.8080026734505181,0.22525078487563063,0.18846352367339494,0.95589935880171,6.173483108167847e-05,40.81354818012673,0.39027342774513557
710,5,0,0.2833333333333334,-0.2099999999999999,0.8083903281358827,0.21981826739300234,0.18727932849093482,0.9573956248282749,6.180706611679639e-05,40.707407630156105,0.43653930693484533
711,5,0,0.28166666666666673,-0.2099999999999999,0.8087782361451973,0.21422418260646764,0.1857661147809541,0.9589572202062926,5.857361079189249e-05,40.074210711887595,0.5291731255829424
712,5,0,0.28,-0.2099999999999999,0.8091460779778279,0.20883002209746893,0.1846131072675219,0.9603686909181292,5.83773726366536e-05,40.22430653931536,0.3524534299157762
713,5,0,0.2783333333333334,-0.2099999999999999,0.8095051331974301,0.20343145378918784,0.18342897570300792,0.9617533230936939,5.662197326546713e-05,40.66986394553534,0.3921767636796634
714,5,0,0.2766666666666667,-0.2099999999999999,0.8098513535750149,0.19804085648017417,0.182316137031753,0.9630891159920862,5.6721727011370885e-05,40.72703840800277,0.4391316327927124
715,5,0,0.275,-0.2099999999999999,0.8101851329879063,0.19269966515313244,0.1812808874231328,0.964367190910678,5.83257584832681e-05,40.21726614558844,0.5618409042489231
716,5,0,0.2733333333333334,-0.2099999999999999,0.810509806443193,0.18725130772149012,0.18013540799001218,0.9656542769256831,5.633570139769895e-05,40.4355827603811,0.3208003427649591
717,5,0,0.2716666666666667,-0.2099999999999999,0.8108156817760069,0.18185883434422942,0.17889485721281023,0.9669146779492832,5.152020022290437e-05,39.95980131177451,0.4376320726692419
718,5,0,0.27,-0.2099999999999999,0.8111057725766613,0.17665339153968623,0.177933120127671,0.968056498361102,4.927571790461432e-05,39.66043760195034,0.5079948897645864
719,5,0,0.26833333333333337,-0.2099999999999999,0.8113944044433553,0.17166750649582932,0.176961324610513,0.9691310318040575,4.819710856487853e-05,40.4665765802209,0.40572356607838433
720,5,0,0.2666666666666667,-0.2099999999999999,0.8116772600480909,0.16671375211490042,0.17622929538026547,0.9701287338830589,4.9645243216297535e-05,41.44758442936849,0.42483792869835385
721,5,0,0.265,-0.2099999999999999,0.8119506299148123,0.16171513112170013,0.17522986101753155,0.9711553491455771,4.646303741925366e-05,41.795945952086086,0.6121728797341504
722,5,0,0.26333333333333336,-0.2099999999999999,0.8122166213779947,0.15706313558685675,0.17446869040209498,0.9720554755305907,4.929732705981642e-05,42.92861295696727,0.45614090376061034
723,5,0,0.2616666666666667,-0.2099999999999999,0.8124745524063366,0.15205497143816893,0.17347635167261047,0.9730289004296319,4.5468901761975204e-05,43.29045496437496,0.46318990267710963
724,5,0,0.26,-0.2099999999999999,0.8127226561179566,0.14716445914007184,0.17259089198756083,0.9739378860938454,4.346960812451002e-05,42.676321233951796,0.579993303443925
725,5,0,0.25833333333333336,-0.2099999999999999,0.8129617688502186,0.14226780174980724,0.1717663289791152,0.9748108538656697,4.0452455876966756e-05,42.56732844101443,0.5423892736399788
726,5,0,0.2566666666666667,-0.2099999999999999,0.813193322463669,0.13751382500120543,0.1709483326966291,0.9756365181161376,3.782984696291264e-05,42.713378233008626,0.48030213661086196
727,5,0,0.255,-0.2099999999999999,0.8134135452999941,0.13287958917260045,0.17027225199077103,0.9763966279045173,3.88399080339108e-05,42.3566729877177,0.5169940481481751
728,5,0,0.25333333333333335,-0.2099999999999999,0.8136285434017898,0.12842919260192842,0.16963432043672783,0.9771029320484031,3.9631486092709935e-05,42.953007420774966,0.8248706445024567
729,5,0,0.2516666666666667,-0.2099999999999999,0.8138369145443274,0.12394437480874879,0.1690435617230124,0.977784263625298,3.975621200361179e-05,42.79960963155155,0.3504152782492873
730,5,0,0.25000000000000006,-0.2099999999999999,0.8140409362830829,0.1195189580792546,0.1684667308338726,0.9784345554311729,3.974962461279807e-05,42.73396527292288,0.5300019023406457
731,5,0,0.24833333333333335,-0.2099999999999999,0.8142356568096099,0.11514302196167715,0.16787122447641387,0.9790614569506463,4.027263350851475e-05,42.60230513867256,0.3674409953541987
732,5,0,0.2466666666666667,-0.2099999999999999,0.8144224337559429,0.11071849755445978,0.16717966580420682,0.9796899375010835,3.758365367086064e-05,42.637456622101844,0.7220196828487582
733,5,0,0.24500000000000005,-0.2099999999999999,0.8146034020130606,0.10634882772102999,0.1666981470544375,0.9802559128161277,3.7661486855339285e-05,41.97150440240877,0.49270717486875265
734,5,0,0.24333333333333337,-0.2099999999999999,0.8147775518638058,0.10208100799730349,0.16613672937569238,0.9808047996204967,3.721771929003364e-05,42.17159537207909,0.5990703993341076
735,5,0,0.2416666666666667,-0.2099999999999999,0.8149417357884606,0.09793315013080582,0.16553045025430208,0.9813301015173564,3.78809462080108e-05,42.475689379184296,0.41213781794226007
736,5,0,0.24000000000000005,-0.2099999999999999,0.8151002641911629,0.09364754156995762,0.16500908051781138,0.9818361071505619,3.597476107422754e-05,42.40743126344865,0.7475249130680991
737,5,0,0.23833333333333337,-0.2099999999999999,0.8152499016645264,0.08956744646418124,0.1647853536534045,0.982254274490678,3.76870832127808e-05,42.79654672353978,0.3691345798879148
738,5,0,0.2366666666666667,-0.2099999999999999,0.8153894524790148,0.08535104895198836,0.1645446798731179,0.9826699582099009,3.563770745709988e-05,43.08925329649216,0.5522288712209652
739,5,0,0.23500000000000004,-0.2099999999999999,0.8155277894608399,0.08137822215376997,0.1640432868785111,0.9830907308021911,3.607396803189252e-05,43.6517756116989,0.9477206714297011
740,5,0,0.23333333333333336,-0.2099999999999999,0.8156588172260162,0.07728184166869244,0.16370054546253207,0.9834783415833642,3.4815078972200915e-05,43.759112962618644,0.4780237505849235
741,5,0,0.2316666666666667,-0.2099999999999999,0.8157847142009627,0.07322913756817738,0.1635141102353326,0.983819408816968,3.429744203598223e-05,43.576095751629715,0.709595114338572
742,5,0,0.23000000000000004,-0.2099999999999999,0.8159039723888444,0.06926380574082323,0.1632062750144996,0.9841576281318907,3.414020597597849e-05,44.01953651974743,0.3934179581314739
743,5,0,0.22833333333333336,-0.2099999999999999,0.8160147522187599,0.06546692580691418,0.16277636579093469,0.9844886674641247,3.623404291181556e-05,44.58995261204751,0.6783002014290848
744,5,0,0.22666666666666668,-0.2099999999999999,0.8161185398201105,0.06139206871616113,0.16248532086460718,0.9847992355816874,3.423743068482869e-05,44.3637101785394,0.7674416920893652
745,5,0,0.22500000000000003,-0.2099999999999999,0.8162167610179841,0.05748627777673201,0.16237707624427022,0.9850527970508681,3.4631011204113044e-05,44.56517936661281,0.7926228906495046
746,5,0,0.22333333333333336,-0.2099999999999999,0.8163094101421325,0.05359863307741017,0.1622000102665973,0.9853011434083231,3.437321764866197e-05,45.19143447887677,0.9405835683392626
747,5,0,0.22166666666666668,-0.2099999999999999,0.8163902799538401,0.049688490720931684,0.16171351076754625,0.9855860156907214,3.361311528907969e-05,45.00398993857001,0.9702840108449392
748,5,0,0.22000000000000003,-0.2099999999999999,0.8164708774164801,0.04584539824857608,0.16145931728401353,0.9858139217527867,3.369527000407032e-05,44.967231743559466,0.8586997477984288
749,5,0,0.21833333333333338,-0.2099999999999999,0.8165452264181791,0.04195724945528161,0.16130002874780902,0.9860131286874952,3.3701609601978835e-05,45.063431355630115,0.5259077310229787
750,5,0,0.2166666666666667,-0.2099999999999999,0.8166117425098826,0.03805244309590828,0.161247928508664,0.9861800632369818,3.2144585605410466e-05,44.33281612647886,0.8831658435201151
751,5,0,0.21500000000000002,-0.2099999999999999,0.8166705725163552,0.03413192802073679,0.16100961765099606,0.9863624660911765,3.066305782684109e-05,44.00948171381003,0.7206378139066024
752,5,0,0.21333333333333337,-0.2099999999999999,0.8167231619212364,0.03030959982515711,0.16111849293553662,0.9864695430638598,2.9060275698459077e-05,43.05201583572571,0.8859770082960148
753,5,0,0.2116666666666667,-0.2099999999999999,0.8167680521165008,0.026413414293663378,0.16102186047779232,0.9865973302181705,2.715701164928793e-05,41.557163593084724,0.7195928484983657
754,5,0,0.21000000000000002,-0.2099999999999999,0.8168092899650014,0.022643688591693585,0.1607191481790195,0.9867404009036889,2.6401900610420946e-05,40.795673266034726,0.9670345099609764
755,5,0,0.20833333333333337,-0.2099999999999999,0.8168427284016874,0.018827227335312967,0.16022146963652922,0.9869015230398498,2.5619264895221457e-05,40.48287610860527,0.7319316796742961
756,5,0,0.2066666666666667,-0.2099999999999999,0.816869591165402,0.015030649448266263,0.16037992246821958,0.9869409101087316,2.430190662719872e-05,39.40939812368049,0.9082171077766102
757,5,0,0.20500000000000002,-0.2099999999999999,0.8168904354752214,0.01126386185240821,0.16044708158685506,0.9869801717493776,2.4273872343002216e-05,39.841458823211084,0.9388727373385481
758,5,0,0.20333333333333337,-0.2099999999999999,0.8169063490134193,0.007550044658919591,0.1603287094497183,0.9870348027054752,2.3539388059609057e-05,39.94061842277383,0.9076851655916637
759,5,0,0.2016666666666667,-0.2099999999999999,0.8169156324448388,0.003798564031084265,0.1602420075898643,0.9870704483039048,2.374726533232401e-05,40.27712049974945,0.8876084115165498
760,5,0,0.2,-0.2099999999999999,0.8169189226761199,-0.00019578709105002725,0.15950548828713648,0.9871970223180869,2.3575011165912586e-05,40.20053901860254,0.662962164405437
761,5,0,0.19833333333333336,-0.2099999999999999,0.8169152869986819,-0.003957146810809169,0.15947378337013388,0.98719423286744,2.4862985415355207e-05,41.14506150971439,0.90612340667085
762,5,0,0.19666666666666668,-0.2099999999999999,0.8169050467804331,-0.007728003361799405,0.15964887063361247,0.9871436147134074,2.606928295407172e-05,42.04647074106437,0.7828418130942278
763,5,0,0.195,-0.2099999999999999,0.8168891434453793,-0.01164584671593901,0.15928097670003208,0.98716459859324,2.5114777328935022e-05,42.01066996412275,0.9536591952113952
764,5,0,0.19333333333333336,-0.2099999999999999,0.8168659729831121,-0.015370088261214733,0.15941579099688227,0.9870918731139877,2.417432295916267e-05,41.701290985207294,0.791216020000391
765,5,0,0.1916666666666667,-0.2099999999999999,0.8168387835475779,-0.01917936378336431,0.15933794605406082,0.9870377758485935,2.460383157682893e-05,42.89357738009976,0.9967368017681312
766,5,0,0.19000000000000003,-0.2099999999999999,0.8168040187808745,-0.023088168612146985,0.1592778485690388,0.986963780199332,2.536048760793107e-05,42.946739068429395,0.578626196220195
767,5,0,0.18833333333333335,-0.2099999999999999,0.816764068799529,-0.026902327577982624,0.15942180595848696,0.9868439352581652,2.517101848079165e-05,42.41191437270895,0.5751114473781485
768,5,0,0.1866666666666667,-0.2099999999999999,0.8167157588175076,-0.03068342967078155,0.1596210383930157,0.9867013992317907,2.540493189026269e-05,42.178878012618625,0.6998440583862567
769,5,0,0.18500000000000003,-0.2099999999999999,0.8166607205115273,-0.034400097274842084,0.1598910094513066,0.9865350974010623,2.4783360456347465e-05,41.95720597637232,0.6494423344419841
770,5,0,0.18333333333333335,-0.2099999999999999,0.8166000318993156,-0.038286079402732834,0.15997685743350068,0.9863780113169944,2.493324837380101e-05,43.04559783310874,0.6522377796234426
771,5,0,0.1816666666666667,-0.2099999999999999,0.8165341477963499,-0.04223295857110154,0.16034965902960335,0.986156358829279,2.6751429559576347e-05,43.4242573445422,0.64663871844017
772,5,0,0.18000000000000002,-0.2099999999999999,0.8164624574411763,-0.04602555002394517,0.1608648255708266,0.9859027115486908,2.655883571511644e-05,43.866244582278895,0.5545090637739177
773,5,0,0.17833333333333334,-0.2099999999999999,0.8163823502713844,-0.049903504892616385,0.16116169558463306,0.985665535603086,2.7584717455672616e-05,43.68870924838643,0.4848057275707852
774,5,0,0.1766666666666667,-0.2099999999999999,0.8162983578559037,-0.05388166684001208,0.16134231052080375,0.9854265192363917,2.7266166131856325e-05,44.11265824811457,0.40346827266585905
775,5,0,0.17500000000000002,-0.2099999999999999,0.8162076575424138,-0.05784861995431885,0.1615478838566819,0.9851679138049558,2.7945372330134803e-05,44.20838324761573,0.34174066666211483
776,5,0,0.17333333333333334,-0.2099999999999999,0.8161100674155638,-0.06168629541703739,0.16196593190707986,0.9848664060973922,2.6794009344655832e-05,43.54273542462234,0.33853243361073887
777,5,0,0.1716666666666667,-0.2099999999999999,0.816004970287477,-0.0656084560769918,0.16227009444009521,0.9845628202108772,2.743254975845454e-05,43.04568030274548,0.3392619267824463
778,5,0,0.17,-0.2099999999999999,0.8158932991753818,-0.06959604897135198,0.16254002969751818,0.9842444456096803,2.774936655439297e-05,43.63489132640016,0.3665959558584633
779,5,0,0.16833333333333336,-0.2099999999999999,0.8157732423348081,-0.07360366081582727,0.16288845964384846,0.9838952438290182,2.7737084454402333e-05,44.25215906229516,0.44174408223165884
780,5,0,0.16666666666666669,-0.2099999999999999,0.8156495869481786,-0.0776141478142781,0.1633666569770639,0.9835076916055114,2.86028720887661e-05,43.79076120832477,0.7036860602601417
781,5,0,0.165,-0.2099999999999999,0.8155193167380909,-0.08166107316037538,0.1636838743541459,0.9831271832304871,2.826864014523486e-05,42.964658509373294,0.9014150731428252
782,5,0,0.16333333333333336,-0.2099999999999999,0.8153818587618051,-0.08577289233857444,0.16402545515058078,0.9827200318516562,2.8737353022895702e-05,42.48057229212999,0.977605217452507
783,5,0,0.16166666666666668,-0.2099999999999999,0.8152399921109671,-0.09001889140585032,0.16448587646753599,0.9822632007933353,3.118469764396446e-05,44.32254736765167,0.6349961287003849
784,5,0,0.16000000000000003,-0.2099999999999999,0.8150898015684975,-0.09414657604726456,0.1649189320839231,0.9818035282371289,3.099594217830166e-05,44.34547650604945,0.023620847555970232
785,5,0,0.15833333333333335,-0.2099999999999999,0.8149312492662995,-0.09837494318453094,0.1654866360013199,0.9812933016475791,3.1820969398984645e-05,44.900810913489856,0.3599002491917967
786,5,0,0.15666666666666668,-0.2099999999999999,0.8147646349965192,-0.10270009497559611,0.16602993594648865,0.9807582530173317,3.335837762400137e-05,45.391359656930106,0.6011731406793713
787,5,0,0.15500000000000003,-0.2099999999999999,0.8145895567223865,-0.10691074028666103,0.16649384836189388,0.9802295098950067,3.22195026842871e-05,45.31443972288308,0.99721437405458
788,5,0,0.15333333333333335,-0.2099999999999999,0.8144105873989006,-0.11121656123454038,0.16710984240144264,0.9796454343688481,3.502732681950845e-05,45.096839301518244,0.6408373722080134
789,5,0,0.15166666666666667,-0.2099999999999999,0.8142234508652573,-0.11546047634142981,0.16758170532208091,0.9790736695695341,3.2944312852252854e-05,45.4588551499959,0.023141716019964464
790,5,0,0.15000000000000002,-0.2099999999999999,0.8140265423441017,-0.1198803374243505,0.1681946155724083,0.9784371599604513,3.403353315057052e-05,45.92319098945434,0.026601774239063083
791,5,0,0.14833333333333334,-0.2099999999999999,0.8138249624488547,-0.12435232229696282,0.16891277466064802,0.9777550687650735,3.698520569666622e-05,46.27223051670923,0.47953083965909865
792,5,0,0.14666666666666667,-0.2099999999999999,0.8136155386100848,-0.12877394027036465,0.16947151591136772,0.9770858087199648,3.616027190081843e-05,46.453548400527,0.9993688004687721
793,5,0,0.14500000000000002,-0.2099999999999999,0.8133971024401586,-0.13319345936545396,0.17010190664918634,0.9763835535979571,3.6555552454513415e-05,46.04835431460112,0.6672030884446927
794,5,0,0.14333333333333334,-0.2099999999999999,0.8131788068916661,-0.13786543449778396,0.1709041600188561,0.9755946340868149,4.197307983001491e-05,46.91977763236608,0.022180735278187032
795,5,0,0.1416666666666667,-0.2099999999999999,0.81294565115824,-0.14239461953201277,0.1715543716714231,0.9748296619865218,4.1362315777931244e-05,46.95219272133035,0.02531477981045091
796,5,0,0.14,-0.2099999999999999,0.8127045445060364,-0.14711620949544338,0.1723012545677383,0.9739964571691604,4.314331720673668e-05,47.171348293262305,0.6530230988792033
797,5,0,0.13833333333333334,-0.2099999999999999,0.8124619868151399,-0.15198486721085777,0.1731344839514926,0.9731007402143668,4.621363569448604e-05,48.26016245814796,0.8177145032870505
798,5,0,0.1366666666666667,-0.2099999999999999,0.8122109254006838,-0.15704761512216925,0.1740685795686067,0.9721297116081818,5.1176600781448854e-05,49.114051726307025,0.021650552625460322
799,5,0,0.135,-0.2099999999999999,0.8119510984311524,-0.16178892632325498,0.17480119498987673,0.9712203074222034,4.7936346336048256e-05,48.1094541490767,0.02374537704237421
800,5,0,0.13333333333333336,-0.2099999999999999,0.8116784061639919,-0.16669275871800726,0.17568386794645666,0.9702312625010349,4.8153060178537234e-05,47.304275984713236,0.4024540259413654
801,5,0,0.13166666666666668,-0.2099999999999999,0.8113949679985205,-0.17155567866858848,0.17645486178168704,0.9692431742706087,4.5613644282577164e-05,45.290666934292624,0.969968933473169
802,5,0,0.13,-0.2099999999999999,0.8111040537728696,-0.17672496944051785,0.17744498209016646,0.9681330298607048,4.823923730325846e-05,44.99338852419327,0.4396179162499704
803,5,0,0.12833333333333335,-0.2099999999999999,0.8108008877532573,-0.18184211789287996,0.17832596829264238,0.9670229021035248,4.789538888022314e-05,44.49033195954077,0.022030850226247848
804,5,0,0.12666666666666668,-0.2099999999999999,0.8104997687430306,-0.18734928384325633,0.1795316457473964,0.9657477072293004,5.361820665777925e-05,44.654785555519766,0.023558883586686525
805,5,0,0.125,-0.2099999999999999,0.8101789146608778,-0.19254464662488255,0.18041211095623186,0.9645610552351859,5.019623313033917e-05,44.000759020097505,0.3636460150734488
806,5,0,0.12333333333333335,-0.2099999999999999,0.8098471998489342,-0.19787454543710167,0.1814057297735238,0.9632951912437825,4.8389971379761824e-05,43.366645561152566,0.8180632015681366
807,5,0,0.12166666666666667,-0.2099999999999999,0.8095083350772085,-0.2032173450237048,0.18235238215977195,0.9620032845069569,4.3863224375343124e-05,41.62702422879525,0.8991730802794141
808,5,0,0.12,-0.2099999999999999,0.8091531173423138,-0.2086879422753334,0.1834954502970297,0.9606137425985417,4.503505167171603e-05,41.53416799885622,0.7035384370521028
809,5,0,0.11833333333333335,-0.2099999999999999,0.8087907935682814,-0.21421340146746598,0.18460628283823613,0.9591835793884231,4.3402808062228284e-05,41.28982541768089,0.5611970093213174
810,5,0,0.11666666666666667,-0.2099999999999999,0.8084146323764831,-0.2197324009914857,0.18577271008139581,0.9577088138591661,4.422303473199258e-05,41.28276160637783,0.4049769330086264
811,5,0,0.11500000000000002,-0.2099999999999999,0.8080297739008855,-0.225250103384261,0.18692090874963002,0.9562023660280247,4.3213084909251425e-05,40.48680585689098,0.3651693389160659
812,5,0,0.11333333333333334,-0.2099999999999999,0.8076323587935547,-0.2307438741466641,0.18805763270292944,0.9546683148224616,4.2800261643168106e-05,40.25338550905211,0.6047160830599432
813,5,0,0.11166666666666666,-0.2099999999999999,0.8072251298698818,-0.2362995228193573,0.18926716426531917,0.9530689775909763,4.2369809332637875e-05,40.04847615321822,0.854791588177992
814,5,0,0.11000000000000001,-0.2099999999999999,0.8068065643636809,-0.2417739969716117,0.1904339152484129,0.9514621686181387,4.2525222306989925e-05,40.01195788100558,0.9648615631200097
815,5,0,0.10833333333333334,-0.2099999999999999,0.8063776393436525,-0.24733890676737186,0.19165022678054175,0.9497861105396773,4.16827181497342e-05,39.50706487548412,0.024672270962479405
816,5,0,0.10666666666666669,-0.2099999999999999,0.8059286976347666,-0.2533520668543282,0.1928168376395749,0.9479632890272248,4.2718925701333065e-05,38.47115196509179,0.9098524796932708
817,5,0,0.10500000000000001,-0.2099999999999999,0.8054703722933823,-0.25969738666456915,0.19420455502348455,0.9459608121733815,4.2519277204965576e-05,38.37766272688499,0.023477720289662326
818,5,0,0.10333333333333333,-0.2099999999999999,0.8050025616908211,-0.2656673930036636,0.19530453419723182,0.9440746661237336,4.395125545138385e-05,38.3115227066774,0.3952837165048045
819,5,0,0.10166666666666668,-0.2099999999999999,0.8045232689085983,-0.27239427427775514,0.19684461833939407,0.9418352061648118,4.743717256930753e-05,39.10464940891485,0.6756350457031494
820,5,0,0.1,-0.2099999999999999,0.8040251652921402,-0.278773613505663,0.19780735648886782,0.9397646099592606,4.968613974114832e-05,38.986601080218364,0.9453980288678527
821,5,1,0.1,-0.2089999999999999,0.8038230694294385,-0.27864297410526556,0.20291495826792055,0.9387138076607271,4.789108316196533e-05,38.69955564421426,0.2210466228570091
822,5,1,0.1,-0.2079999999999999,0.803608372398296,-0.2789375106517062,0.20786937254014926,0.937541566604486,4.612062855625563e-05,38.07295162816701,0.2959259441843787
823,5,1,0.1,-0.2069999999999999,0.8033830188382208,-0.27958483652850125,0.21271770763983985,0.9362603783348855,4.536723966596358e-05,37.69412160856298,0.11620953085771514
824,5,1,0.1,-0.2059999999999999,0.8031572698027778,-0.2799058704870964,0.2176778057926192,0.9350235700409759,4.19570755271798e-05,36.43226397725455,0.1079584448770519
825,5,1,0.1,-0.2049999999999999,0.8029242505846518,-0.2801543818781394,0.22249661121513625,0.9338141037231437,4.172212637878477e-05,36.563507295680296,0.1670583338811099
826,5,1,0.1,-0.2039999999999999,0.8026900886903914,-0.28036717273119893,0.227592200936598,0.9325213340870809,4.159112703659015e-05,36.88554935066382,0.006368066187343032
827,5,1,0.1,-0.2029999999999999,0.8024561506623511,-0.279829730414904,0.2323484500924066,0.9315092697958397,4.0926697425952534e-05,36.165700603585755,0.006228038982949128
828,5,1,0.1,-0.2019999999999999,0.8022088781139293,-0.2800792963758483,0.23745069907237723,0.9301466299738171,4.1225304508535716e-05,36.63050559132127,0.006461913343850838
829,5,1,0.1,-0.2009999999999999,0.8019515762065059,-0.2805718001431954,0.24239374320987012,0.9287220995632195,4.093698829608045e-05,36.30434387504221,0.006730993036793693
830,5,1,0.1,-0.1999999999999999,0.801687105313758,-0.28113898171249263,0.24723618424426938,0.9272729599001559,4.0895523037670284e-05,36.02832400006877,0.006959279512893799
831,5,1,0.1,-0.1989999999999999,0.8014172575745576,-0.28173317847476503,0.2520608940567438,0.9257924831374583,4.003208841008439e-05,35.33376831603896,0.00712780443299417
832,5,1,0.1,-0.1979999999999999,0.8011443843310064,-0.2819815627008345,0.2569853390451015,0.9243619062968084,4.1246747668520314e-05,35.63680295206533,0.00725335622848084
833,5,1,0.1,-0.1969999999999999,0.8008586683696908,-0.2828672293943221,0.2623151711034071,0.9225924785861688,3.984942674417438e-05,35.55143410649441,0.007339696163683796
834,5,1,0.1,-0.1959999999999999,0.800570759018101,-0.28341291553042564,0.2671133165935354,0.9210470104228913,3.986045979245918e-05,35.2537540582622,0.007391010340904112
835,5,1,0.1,-0.1949999999999999,0.8002773058279846,-0.28382692404364757,0.2720637543920995,0.919469189659989,4.0306575112222267e-05,35.389942241164974,0.00741141590774839
836,5,1,0.1,-0.1939999999999999,0.7999773162318989,-0.28437350771764536,0.2768517475070404,0.9178697173404623,4.05414513921721e-05,35.168035294017386,0.007402672720025892
837,5,1,0.1,-0.1929999999999999,0.7996722977643804,-0.2848839236078775,0.2816623540285401,0.9162464015715872,4.042107237246463e-05,34.653057237839214,0.007364674061334118
838,5,1,0.1,-0.1919999999999999,0.7993606785647623,-0.2854160925012031,0.2864101128165612,0.9146075122246425,4.061411563769314e-05,34.389929392452714,0.007297230199662124
839,5,1,0.1,-0.1909999999999999,0.7990438502656538,-0.28591185605731245,0.2911770436364661,0.9129459676371817,4.0454116925178886e-05,33.951400095326136,0.00869199818756479
840,5,1,0.1,-0.1899999999999999,0.7987207233685073,-0.2864234786839909,0.2958780529283513,0.9112726094061474,4.059901708199061e-05,33.647047149759466,0.33153561699397155
841,6,0,0.10166666666666667,-0.1899999999999999,0.7992413954365075,-0.2811090343668952,0.2948196564444962,0.9132683510180678,4.0096135155129984e-05,33.97609100128126,0.785056284122904
842,6,0,0.10333333333333333,-0.1899999999999999,0.799749656321512,-0.275820368410374,0.29380919542228096,0.9152045023137055,4.020682340768794e-05,34.48349100083586,0.6664780956555204
843,6,0,0.10500000000000001,-0.1899999999999999,0.8002465587155083,-0.27041972199930936,0.2928025807020573,0.9171367524464556,4.096204921295645e-05,35.31967572595187,0.616213311742603
844,6,0,0.10666666666666667,-0.1899999999999999,0.8007349166888476,-0.26464822483434325,0.29166914620496964,0.9191792133442178,4.202451181545628e-05,36.20358626398206,0.5403754839493234
845,6,0,0.10833333333333334,-0.1899999999999999,0.8012106623640333,-0.2591992055207888,0.29054880085110646,0.9210847768698471,4.197283980065426e-05,36.673808023300204,0.7773822600604432
846,6,0,0.11000000000000001,-0.1899999999999999,0.8016796364786617,-0.2534903878822992,0.2889266803770891,0.9231814537876922,4.2524710713281766e-05,36.91304834791492,0.4118661311310364
847,6,0,0.11166666666666668,-0.1899999999999999,0.8021321520982745,-0.24754794862587173,0.28775470757815164,0.9251579548367593,4.4167797149830045e-05,37.861288428158446,0.4453825443848693
848,6,0,0.11333333333333334,-0.1899999999999999,0.802572124879119,-0.2420453160906846,0.28665422539974617,0.9269538392061559,4.556767720544277e-05,38.61508483228068,0.5229295760756848
849,6,0,0.115,-0.1899999999999999,0.8030029175273993,-0.23671206443997522,0.28551009399800603,0.9286826071235612,4.528482712975795e-05,38.87482898369744,0.2605209845486611
850,6,0,0.11666666666666667,-0.1899999999999999,0.8034226708690183,-0.23125788544738834,0.28437350223802094,0.930403945414724,4.5579248268061916e-05,39.10900428846985,0.33433443164776516
851,6,0,0.11833333333333335,-0.1899999999999999,0.8038301301629558,-0.2257892694894513,0.2829157263220411,0.932189839884072,4.81013067446336e-05,40.05373262268292,0.8327583490791481
852,6,0,0.12000000000000001,-0.1899999999999999,0.8042288587976382,-0.2204763113931646,0.28179109764809707,0.9338008210537968,4.8025473279335686e-05,40.12882881848556,0.31230086881165053
853,6,0,0.12166666666666667,-0.1899999999999999,0.8046142785714189,-0.21496899285935248,0.28058196366215815,0.9354475366243277,4.85932836631201e-05,40.07213088416053,0.7728756299806888
854,6,0,0.12333333333333335,-0.1899999999999999,0.8049900149126105,-0.20963250346907422,0.2791299675141591,0.9370916042334565,4.9594246586137624e-05,39.92994193353883,0.349917856225093
855,6,0,0.125,-0.1899999999999999,0.8053534225992663,-0.20428688681810048,0.2780953241352543,0.9385786373918151,5.0451508994754895e-05,40.29397333822013,0.21101894920479886
856,6,0,0.12666666666666668,-0.1899999999999999,0.805708135547557,-0.19886703465716607,0.2768448695738367,0.9401110682878437,5.169963759711179e-05,40.20099531446216,0.955698807142413
857,6,0,0.12833333333333335,-0.1899999999999999,0.8060526850115488,-0.19389998364936772,0.2756189777961159,0.9415078201583877,5.3884930768049414e-05,40.20119022077071,0.8848829134085456
858,6,0,0.13,-0.1899999999999999,0.8063888663289547,-0.18858232394411212,0.2744142417427048,0.9429387737412299,5.414758055976523e-05,39.828186873617014,0.9070211409988531
859,6,0,0.13166666666666668,-0.1899999999999999,0.8067168599312856,-0.1834398185586807,0.2732321335328726,0.944295522689922,5.3983465448332506e-05,39.57832340692937,0.671523725728398
860,6,0,0.13333333333333336,-0.1899999999999999,0.8070327350040659,-0.17836939284729017,0.2718322974029402,0.9456699010669255,5.5257427887729754e-05,39.06770712727078,0.5776706646937163
861,6,0,0.135,-0.1899999999999999,0.8073391547042543,-0.17333126534440377,0.2705996508534409,0.9469593979744346,5.7310386418236085e-05,38.85195306908447,0.7261570876994309
862,6,0,0.1366666666666667,-0.1899999999999999,0.8076353026514849,-0.16826284349223952,0.269303902951042,0.948242070019698,5.845250241245649e-05,38.39654605954293,0.8112101702400092
863,6,0,0.13833333333333336,-0.1899999999999999,0.8079232590143816,-0.16318166411910193,0.2681323964122402,0.9494613012069265,6.0837429560405686e-05,38.436574156313874,0.24483432354183407
864,6,0,0.14,-0.1899999999999999,0.8081993748702669,-0.1583303449778624,0.26672746425647315,0.9506776328864075,6.577404180772343e-05,39.59074740242539,0.2004217867515154
865,6,0,0.14166666666666666,-0.1899999999999999,0.8084632953654229,-0.15335557730529195,0.26559435677824117,0.9518096997598381,7.042431816129713e-05,41.04240411932548,0.26593692804598756
866,6,0,0.14333333333333334,-0.1899999999999999,0.8087157280276678,-0.1485394986831653,0.2643780150300718,0.9529114767383763,7.204729916953574e-05,42.080777521293285,0.3929656962318684
867,6,0,0.14500000000000002,-0.1899999999999999,0.8089624020585814,-0.14350517675380398,0.26309215858729923,0.9540381440669627,7.062534091835817e-05,42.05014660370912,0.4497735438639163
868,6,0,0.14666666666666667,-0.1899999999999999,0.8091987855433007,-0.13829092154917186,0.2617309694862472,0.9551819306440371,6.426872240850837e-05,41.21747570461857,0.9770127806940627
869,6,0,0.14833333333333334,-0.1899999999999999,0.8094268981594264,-0.13339409887100712,0.2601126802146451,0.9563197205840449,5.927332462055888e-05,41.134535688659426,0.2219001201575727
870,6,0,0.15000000000000002,-0.1899999999999999,0.8096470312598608,-0.1284917438244787,0.25854956324001066,0.957414223373219,5.710039867584407e-05,40.677909750812645,0.7618639164727268
871,6,0,0.15166666666666667,-0.1899999999999999,0.8098600858399609,-0.12380158608804667,0.25754086200077525,0.9583036427364666,5.537625754791199e-05,40.57159110991757,0.8524948263702898
872,6,0,0.15333333333333335,-0.1899999999999999,0.8100631791639442,-0.11915141440209112,0.25652655242954203,0.9591647764303038,5.173780339586121e-05,40.22761366979563,0.21646768390842328
873,6,0,0.15500000000000003,-0.1899999999999999,0.8102614142433757,-0.11487981551362868,0.25551904650280405,0.9599545014540285,5.0093292148736406e-05,40.50921014750825,0.021989413157809876
874,6,0,0.15666666666666668,-0.1899999999999999,0.8104513170136276,-0.11037678048315044,0.2544819652571798,0.9607579797685877,4.674725138100532e-05,39.934078671183585,0.32578395570916674
875,6,0,0.15833333333333335,-0.1899999999999999,0.8106332634767148,-0.1059528311322006,0.2535237705434987,0.9615090718992092,4.5319237065996205e-05,39.69170231929631,0.38567171859292043
876,6,0,0.16000000000000003,-0.1899999999999999,0.8108084507853978,-0.10163964241285763,0.25265323447329713,0.962203578355624,4.4263674802265586e-05,39.46084932296362,0.5112578516843224
877,6,0,0.16166666666666668,-0.1899999999999999,0.8109771131088999,-0.09745978210113562,0.25177376510597754,0.9628663261726206,4.37641634497241e-05,39.512781250523254,0.21668228102847
878,6,0,0.16333333333333336,-0.1899999999999999,0.8111379951426466,-0.09315141309424989,0.2509154806350097,0.963516598619996,4.1323368553780726e-05,39.3621586309969,0.3955708518974389
879,6,0,0.16500000000000004,-0.1899999999999999,0.8112923858651997,-0.08895563902288413,0.25031885058191966,0.9640681341738129,4.13813508105828e-05,39.227075808373144,0.20786468188446106
880,6,0,0.16666666666666669,-0.1899999999999999,0.8114359423000147,-0.08465551426493939,0.24938699040229895,0.9646966222199714,4.004802326391889e-05,39.012385673530034,0.4983466578983504
881,6,0,0.16833333333333333,-0.1899999999999999,0.81157508508369,-0.08050460248123512,0.248785115870908,0.9652072187361826,3.87265568753566e-05,39.37371602132339,0.4096326869871685
882,6,0,0.17,-0.1899999999999999,0.8117072823697802,-0.07642957900078895,0.2481638235586337,0.9656983152778725,3.92392010002247e-05,39.29585620399554,0.3268004215664725
883,6,0,0.1716666666666667,-0.1899999999999999,0.8118294674341661,-0.07213339694532059,0.24742131521766303,0.9662191603467044,3.943921912802069e-05,38.11674074795725,0.018837981344524177
884,6,0,0.17333333333333334,-0.1899999999999999,0.811946465833964,-0.06794482297318293,0.2467764879743813,0.9666875741490487,3.769367027948563e-05,37.886600770928936,0.0773384927291244
885,6,0,0.17500000000000002,-0.1899999999999999,0.8120532033309189,-0.06366059445424319,0.24628725052593592,0.9671038821874862,3.596902411695174e-05,37.665502617897694,0.41097366323588624
886,6,0,0.1766666666666667,-0.1899999999999999,0.8121537120148904,-0.05940109033878235,0.24554699967949215,0.9675630115992258,3.46372193511021e-05,37.54602507517005,0.3052380640651359
887,6,0,0.17833333333333334,-0.1899999999999999,0.8122470710272377,-0.05523255805230049,0.24493684166767582,0.9679645180092414,3.394293673913854e-05,37.568298386741134,0.034759641064219464
888,6,0,0.18000000000000002,-0.1899999999999999,0.8123331915976304,-0.050877681419248366,0.24450736347027838,0.9683117322134512,3.408102777934109e-05,37.31858358441055,0.37298982790926244
889,6,0,0.1816666666666667,-0.1899999999999999,0.8124117428361091,-0.04679340318687732,0.24407640672103184,0.9686263908754188,3.246485193127334e-05,37.432492470594546,0.01461913948758564
890,6,0,0.18333333333333335,-0.1899999999999999,0.8124751647138652,-0.04217775535618149,0.24461703870184184,0.9687019878837123,3.757688153912471e-05,37.72375563140629,0.0406335014366969
891,6,0,0.18500000000000003,-0.1899999999999999,0.8125380009301038,-0.03804462433268992,0.24451357502585327,0.9688992301511344,3.930778511381565e-05,37.855108129140234,0.49833681558256177
892,6,0,0.1866666666666667,-0.1899999999999999,0.8125982176796649,-0.034045891968294294,0.24421962543159698,0.9691221036557435,3.934256468847127e-05,37.776753238474434,0.017642435774723745
893,6,0,0.18833333333333335,-0.1899999999999999,0.8126370207692007,-0.029281046393538915,0.2452439560844349,0.9690191031791658,4.116654736460909e-05,37.79454555150055,0.15319184586861267
894,6,0,0.19000000000000003,-0.1899999999999999,0.8126696063411266,-0.02469019582752143,0.24596557617403916,0.9689640496774747,4.24230094796727e-05,38.88726023624223,0.010470077402105336
895,6,0,0.1916666666666667,-0.1899999999999999,0.8127005367848802,-0.02039089184691751,0.2459235402017015,0.9690747256555345,4.185236312018508e-05,38.88074073577066,0.36372966785892646
896,6,0,0.19333333333333336,-0.1899999999999999,0.8127259270249092,-0.016363050062125177,0.24610062581063388,0.9691061513416777,4.0978564177868295e-05,38.323494557323585,0.013705914415958451
897,6,0,0.195,-0.1899999999999999,0.8127462432038677,-0.012210877964003483,0.24599601882983055,0.9691939192851047,3.910188232599836e-05,37.4477615562698,0.059931920477326234
898,6,0,0.19666666666666668,-0.1899999999999999,0.8127507238386346,-0.00761458723858933,0.24651399028788254,0.9691093182162329,3.612533299075033e-05,36.84336722607979,0.005816186921394752
899,6,0,0.19833333333333336,-0.1899999999999999,0.8127604021301692,-0.003645654028380081,0.24651587577352774,0.9691318961825145,3.572310992056908e-05,37.111149700894295,0.34858556742768765
900,6,0,0.2,-0.1899999999999999,0.8127593646959258,0.00029464739542462863,0.24678336461956088,0.969070629071979,3.536646417032806e-05,37.28261158790422,0.013105440848232237
901,6,0,0.2016666666666667,-0.1899999999999999,0.8127603725354667,0.004409048854936171,0.24664292097518087,0.9690963986214299,3.619572460794757e-05,37.36128778711623,0.0669636599488267
902,6,0,0.20333333333333337,-0.1899999999999999,0.812760687002038,0.00864634748900435,0.24623579377322954,0.9691713855350699,3.949357032662497e-05,38.03342353365076,0.0064537107281952355
903,6,0,0.20500000000000002,-0.1899999999999999,0.8127510450810036,0.01263063398808232,0.24588587344339624,0.9692164899164879,4.007428255908327e-05,38.26751720554091,0.360987570381616
904,6,0,0.2066666666666667,-0.1899999999999999,0.8127306157561258,0.01662888687807216,0.24572354086619086,0.9691973078715076,3.958838698976058e-05,38.287308572139295,0.013563510134929844
905,6,0,0.20833333333333337,-0.1899999999999999,0.8126971565897115,0.020685318048727502,0.24579451501262622,0.969101219691179,3.730675751002759e-05,38.07704678156792,0.1618399735866461
906,6,0,0.21000000000000002,-0.1899999999999999,0.8126572752526003,0.0246277129899084,0.24587137546365484,0.9689895471471801,3.511015602303233e-05,37.75379069241255,0.008240227211350096
907,6,0,0.2116666666666667,-0.1899999999999999,0.8126282640528114,0.02925905938192431,0.24546732501123184,0.968963208690565,3.8358580739347176e-05,37.93492025053038,0.3724369682049044
908,6,0,0.21333333333333337,-0.1899999999999999,0.8125802736205909,0.03343706656148446,0.24524253430321083,0.9688849580565804,3.7516445875181765e-05,37.80657309800326,0.014786411289556258
909,6,0,0.21500000000000002,-0.1899999999999999,0.8125230151836801,0.03763341139237547,0.245226622408307,0.9687350669864211,3.6743444016086116e-05,38.04827753412872,0.20702608346784812
910,6,0,0.2166666666666667,-0.1899999999999999,0.8124635419428295,0.04189823868418884,0.24549312428029188,0.9684924695248095,3.896941523691481e-05,38.586720331836986,0.009382300679713615
911,6,0,0.21833333333333338,-0.1899999999999999,0.8123891203615636,0.04594441003390163,0.24577489710386374,0.9682374766245221,3.6352711666514626e-05,38.07903829681128,0.336773505075591
912,6,0,0.22000000000000003,-0.1899999999999999,0.8123120094897112,0.050194608894314874,0.2455930440267385,0.9680725995314748,3.459376017730371e-05,37.55426186126773,0.015740053104258585
913,6,0,0.22166666666666668,-0.1899999999999999,0.8122283428580053,0.05434787728415709,0.24567450871654312,0.967827641680889,3.481803193086244e-05,37.594653658820675,0.06119285646833233
914,6,0,0.22333333333333336,-0.1899999999999999,0.8121352393282967,0.05839892472038487,0.24670967664959814,0.9673282281826338,3.576829724853327e-05,37.50379610643001,0.44734572999048355
915,6,0,0.22500000000000003,-0.1899999999999999,0.8120419044063385,0.06327490180518366,0.24680762015406746,0.9669965281403186,3.35362028261985e-05,36.89835025749195,0.020344231559584324
916,6,0,0.2266666666666667,-0.1899999999999999,0.8119337187409321,0.06725587012014667,0.2479301265277316,0.9664405311731937,3.785022660787115e-05,38.16134741118957,0.7828467570980854
917,6,0,0.22833333333333336,-0.1899999999999999,0.8118158208165378,0.07131760032227982,0.24828918909135217,0.9660570782643385,3.633986020046103e-05,37.90251963068057,0.06758344811697255
918,6,0,0.23000000000000004,-0.1899999999999999,0.8116968410061529,0.07608654422050334,0.24897020013230706,0.9655178285431398,3.859963874727734e-05,38.40380964894594,0.022122946235217905
919,6,0,0.2316666666666667,-0.1899999999999999,0.8115650843421554,0.08012131388798671,0.2495779113204994,0.9650344248998373,3.841814237658872e-05,38.21557978899661,0.8497619633652078
920,6,0,0.23333333333333336,-0.1899999999999999,0.8114267449101696,0.08431227714030533,0.25014358530467296,0.9645307805634511,3.872967921007146e-05,38.648912048374314,0.7082901181617512
921,6,0,0.23500000000000004,-0.1899999999999999,0.8112812841473028,0.08870086726003899,0.25095555763210037,0.9639260678293115,4.146545163370438e-05,38.60416741037167,0.02119588923316562
922,6,0,0.2366666666666667,-0.1899999999999999,0.8111280819434952,0.09293654063427853,0.2514660536186276,0.9633938048858351,4.132648065524034e-05,38.46414230755206,0.08755541249387182
923,6,0,0.23833333333333337,-0.1899999999999999,0.8109678563505317,0.09708096460501393,0.2526496993634854,0.9626751350912209,4.112429112561845e-05,38.40025386871852,0.026343951578032005
924,6,0,0.24000000000000002,-0.1899999999999999,0.8107990212383867,0.1013822285224506,0.2534341664484758,0.9620253463482072,4.2936861405244894e-05,38.46262950224756,0.9383436266664814
925,6,0,0.2416666666666667,-0.1899999999999999,0.8106236394535495,0.10570690326698937,0.2544197189354908,0.9612994628202437,4.121445918960333e-05,37.91468021323719,0.4429440590953412
926,6,0,0.24333333333333337,-0.1899999999999999,0.8104397110327078,0.10979029567357808,0.2552371425853144,0.9606248445781486,4.1404663652723486e-05,38.056487900555425,0.40598383577426417
927,6,0,0.24500000000000002,-0.1899999999999999,0.8102490141695224,0.11457697101669677,0.25661535135816,0.9596982229638475,4.764602657187121e-05,38.05671067342543,0.41775012769731307
928,6,0,0.2466666666666667,-0.1899999999999999,0.8100500935236593,0.11932777901086519,0.25777108234808305,0.9588091312985249,5.208868599154981e-05,38.11034778872538,0.9126621004157353
929,6,0,0.24833333333333338,-0.1899999999999999,0.8098430688800825,0.12388168111916445,0.25886200468287235,0.9579372587046888,5.478371076457647e-05,38.29982994076618,0.02553241289784003
930,6,0,0.25,-0.1899999999999999,0.8096284547586162,0.12858561944693045,0.26047077124838025,0.9568807218231138,5.951929958212295e-05,38.14756421120333,0.2097178943647719
931,6,0,0.2516666666666667,-0.1899999999999999,0.8094041549906704,0.13386761977600978,0.2621030429937172,0.9557099221149372,6.696909903824117e-05,38.391568485079596,0.02218604314079869
932,6,0,0.2533333333333334,-0.1899999999999999,0.8091717494284562,0.13910204791771197,0.2637551799713302,0.9545071111853437,7.146710490551562e-05,38.63609145645979,0.43609865113290813
933,6,0,0.255,-0.1899999999999999,0.808929557780028,0.14442167983530377,0.265299479690447,0.9532882903243527,7.832192669975068e-05,39.10082735595207,0.8671605864210321
934,6,0,0.2566666666666667,-0.1899999999999999,0.8086814288096376,0.14943230959743764,0.2671731526056341,0.9519918546789894,8.177912765548105e-05,38.38564548674097,0.022240088254317853
935,6,0,0.25833333333333336,-0.1899999999999999,0.8084192486039306,0.15430037226723137,0.26821297665943145,0.9509222861357709,8.124458966873014e-05,38.90259165241136,0.34585112022239695
936,6,0,0.26,-0.1899999999999999,0.8081514339443564,0.1591019293090601,0.2691681613846289,0.9498605566013114,7.975987417374167e-05,39.1763146142111,0.7412497434454146
937,6,0,0.2616666666666667,-0.1899999999999999,0.8078772081818201,0.16393173945861717,0.2705637240013939,0.9486420062660991,7.588039326920691e-05,38.86806443017163,0.021533770985886626
938,6,0,0.26333333333333336,-0.1899999999999999,0.8075936515354761,0.16884745868612036,0.27178122833045093,0.9474309999268709,7.215891531386787e-05,38.335198738674364,0.02272239286950247
939,6,0,0.265,-0.1899999999999999,0.8072997927869916,0.17386317806898532,0.2728430626060447,0.9462178705242817,6.930588545848624e-05,38.08873232565709,0.026193232023069748
940,6,0,0.2666666666666667,-0.1899999999999999,0.8069965580280393,0.17896132755829477,0.2739783591869909,0.9449384646291933,6.568975591293481e-05,38.08101481154186,0.40427959834634397
941,6,0,0.26833333333333337,-0.1899999999999999,0.8066839943189379,0.18392886637248226,0.274988250813587,0.9436904333675411,6.287098135909516e-05,37.756133115360925,0.5146038805488109
942,6,0,0.27,-0.1899999999999999,0.8063585098903923,0.18913039815996333,0.27612857890635306,0.9423283400190252,6.15043999288514e-05,37.5934475264462,0.6667271105409303
943,6,0,0.2716666666666667,-0.1899999999999999,0.8060268429793406,0.1944618952708618,0.2776727723950467,0.9407881816637116,5.963717118190896e-05,37.27085276338488,0.6016188137278279
944,6,0,0.2733333333333334,-0.1899999999999999,0.8056817675354018,0.19972787973196204,0.27884819185477006,0.939336180479119,5.879414581661249e-05,37.722468035888205,0.3716008749016056
945,6,0,0.275,-0.1899999999999999,0.805329725215418,0.20509511136435768,0.2798451679962053,0.9378820166969922,5.6503621781047566e-05,37.20158124558631,0.024224381525373522
946,6,0,0.2766666666666667,-0.1899999999999999,0.8049658371420334,0.21048361032555962,0.281158214662039,0.9362941354683221,5.507211868982884e-05,36.65109386023333,0.022048016618111937
947,6,0,0.2783333333333334,-0.1899999999999999,0.8045904919211866,0.21566851744703103,0.28247362924417563,0.9347169300723207,5.3485415177610106e-05,36.31860397303964,0.7191947901190371
948,6,0,0.28,-0.1899999999999999,0.8042067128795162,0.22099588769603118,0.28362404115204287,0.9331228326978326,5.1958246650145376e-05,36.55604228393082,0.02280230351295336
949,6,0,0.28166666666666673,-0.1899999999999999,0.80380686665786,0.2263023123164976,0.2847758579540523,0.931498778403246,5.205525078045359e-05,36.410380689931344,0.02485487649556401
950,6,0,0.2833333333333334,-0.1899999999999999,0.8033995702668562,0.23187434445600466,0.2859014945712751,0.929782030254946,5.0825723965523424e-05,35.86566056938747,0.3572369707692075
951,6,0,0.28500000000000003,-0.1899999999999999,0.8029784122384429,0.2371915749772419,0.287057580364088,0.9280830255506941,5.100176856871935e-05,35.65768358729875,0.02436909270698926
952,6,0,0.28666666666666674,-0.1899999999999999,0.8025472624420005,0.2423986024973371,0.2880804898261413,0.9264192079662794,5.16505678765472e-05,35.443439034169934,0.35243654801059243
953,6,0,0.2883333333333334,-0.1899999999999999,0.8021050943664184,0.24769110172554257,0.28922420071710464,0.9246612784395909,5.186921240358893e-05,35.148806381156035,0.5626192116884249
954,6,0,0.29000000000000004,-0.1899999999999999,0.8016526740368676,0.25295762809108585,0.29035156702404546,0.9228804938437116,5.1932690780668395e-05,34.773164200117364,0.6450570785030809
955,6,0,0.29166666666666674,-0.1899999999999999,0.8011896535473362,0.2582104784569122,0.2914731465506886,0.9210704390299872,5.199768513350235e-05,34.356986209211065,0.36031447519570325
956,6,0,0.29333333333333333,-0.1899999999999999,0.8007163018780211,0.26343793910988356,0.2925795641663261,0.9192375377832326,5.195500634344058e-05,33.87768435547417,0.6207005375627633
957,6,0,0.29500000000000004,-0.1899999999999999,0.8002303696117087,0.2689252997139554,0.29372993593971863,0.9172796236189967,5.1692890542900415e-05,33.304267541045455,0.8366048560191819
958,6,0,0.29666666666666675,-0.1899999999999999,0.7997345457448255,0.27415762468759125,0.29484531307005857,0.9153708746657154,5.182761568319018e-05,32.79704093503452,0.7294466732561784
959,6,0,0.29833333333333334,-0.1899999999999999,0.7992278589440239,0.2793756188779715,0.2959548894731242,0.9134330664988548,5.1958180021097414e-05,32.255448992641774,0.9000700431504968
960,6,0,0.30000000000000004,-0.1899999999999999,0.798710380494365,0.2846335483838872,0.2963628948028501,0.9116758073561414,5.289240512796829e-05,32.18131879743957,0.9332516304337041
